"['Bob', 'James', 'likes', 'to', 'eat', 'pizza']",[ True]
"['Jerry', 'Russell', 'likes', 'to', 'eat', 'pizza']",[ True]
"['Ellen', 'Davis', 'likes', 'to', 'eat', 'pizza']",[ True]
"['Stephanie', 'Butler', 'likes', 'to', 'eat', 'pizza']",[ True]
"['Karen', 'Cook', 'likes', 'to', 'eat', 'pizza']",[ True]
"['Evelyn', 'Perry', 'likes', 'to', 'eat', 'pizza']",[ True]
"['Ellen', 'Lewis', 'likes', 'to', 'eat', 'pizza']",[ True]
"['Stephen', 'Edwards', 'likes', 'to', 'eat', 'pizza']",[ True]
"['Alexander', 'Rogers', 'likes', 'to', 'eat', 'pizza']",[ True]
"['Katie', 'Palmer', 'likes', 'to', 'eat', 'pizza']",[ True]
"['Sharon', 'Crawford', 'likes', 'to', 'eat', 'pizza']",[ True]
"['Al', 'Hall', 'likes', 'to', 'eat', 'pizza']",[ True]
"['Martha', 'Alexander', 'likes', 'to', 'eat', 'pizza']",[ True]
"['Patricia', 'Watson', 'likes', 'to', 'eat', 'pizza']",[ True]
"['Barbara', 'Collins', 'likes', 'to', 'eat', 'pizza']",[ True]
"['Kelly', 'Howard', 'likes', 'to', 'eat', 'pizza']",[ True]
"['Catherine', 'Stone', 'likes', 'to', 'eat', 'pizza']",[ True]
"['Marilyn', 'Jordan', 'likes', 'to', 'eat', 'pizza']",[ True]
"['Jimmy', 'Collins', 'likes', 'to', 'eat', 'pizza']",[ True]
"['Rebecca', 'Coleman', 'likes', 'to', 'eat', 'pizza']",[ True]
"['Jay', 'Phillips', 'likes', 'to', 'eat', 'pizza']",[ True]
"['Ron', 'Cooper', 'likes', 'to', 'eat', 'pizza']",[ True]
"['Martha', 'Brown', 'likes', 'to', 'eat', 'pizza']",[ True]
"['Katherine', 'Martin', 'likes', 'to', 'eat', 'pizza']",[ True]
"['Andrea', 'Wright', 'likes', 'to', 'eat', 'pizza']",[ True]
"['Harry', 'Turner', 'likes', 'to', 'eat', 'pizza']",[ True]
"['John', 'Cohen', 'likes', 'to', 'eat', 'pizza']",[ True]
"['Jessica', 'Marshall', 'likes', 'to', 'eat', 'pizza']",[ True]
"['Al', 'Bell', 'likes', 'to', 'eat', 'pizza']",[ True]
"['Nicole', 'Davies', 'likes', 'to', 'eat', 'pizza']",[ True]
"['Kathleen', 'Fisher', 'likes', 'to', 'eat', 'pizza']",[ True]
"['Stephanie', 'Rose', 'likes', 'to', 'eat', 'pizza']",[ True]
"['Nancy', 'Taylor', 'likes', 'to', 'eat', 'pizza']",[ True]
"['Robin', 'White', 'likes', 'to', 'eat', 'pizza']",[ True]
"['Elizabeth', 'Clark', 'likes', 'to', 'eat', 'pizza']",[ True]
"['Scott', 'Ryan', 'likes', 'to', 'eat', 'pizza']",[ True]
"['Judy', 'Allen', 'likes', 'to', 'eat', 'pizza']",[ True]
"['Charles', 'Edwards', 'likes', 'to', 'eat', 'pizza']",[ True]
"['Lynn', 'Harris', 'likes', 'to', 'eat', 'pizza']",[ True]
"['Donna', 'Morgan', 'likes', 'to', 'eat', 'pizza']",[ True]
"['Diana', 'Miller', 'likes', 'to', 'eat', 'pizza']",[ True]
"['Kathryn', 'Young', 'likes', 'to', 'eat', 'pizza']",[ True]
"['Patrick', 'Wood', 'likes', 'to', 'eat', 'pizza']",[ True]
"['Rachel', 'Bailey', 'likes', 'to', 'eat', 'pizza']",[ True]
"['Bruce', 'Moore', 'likes', 'to', 'eat', 'pizza']",[ True]
"['Judith', 'Hall', 'likes', 'to', 'eat', 'pizza']",[ True]
"['Sharon', 'Stevens', 'likes', 'to', 'eat', 'pizza']",[ True]
"['Martin', 'Green', 'likes', 'to', 'eat', 'pizza']",[ True]
"['Katherine', 'Kelly', 'likes', 'to', 'eat', 'pizza']",[ True]
"['Jonathan', 'Robertson', 'likes', 'to', 'eat', 'pizza']",[ True]
"['Edith', 'Hill', 'likes', 'to', 'eat', 'pizza']",[ True]
"['Kevin', 'Robertson', 'likes', 'to', 'eat', 'pizza']",[ True]
"['Sarah', 'Williams', 'likes', 'to', 'eat', 'pizza']",[ True]
"['Charlotte', ""O'Brien"", 'likes', 'to', 'eat', 'pizza']",[ True]
"['Suzanne', 'Young', 'likes', 'to', 'eat', 'pizza']",[ True]
"['Ruth', 'Foster', 'likes', 'to', 'eat', 'pizza']",[ True]
"['Kenneth', 'Kennedy', 'likes', 'to', 'eat', 'pizza']",[ True]
"['Greg', 'Rogers', 'likes', 'to', 'eat', 'pizza']",[ True]
"['Sue', 'Wood', 'likes', 'to', 'eat', 'pizza']",[ True]
"['Roger', 'Hughes', 'likes', 'to', 'eat', 'pizza']",[ True]
"['Julie', 'Ross', 'likes', 'to', 'eat', 'pizza']",[ True]
"['Virginia', 'Richardson', 'likes', 'to', 'eat', 'pizza']",[ True]
"['Marie', 'Jackson', 'likes', 'to', 'eat', 'pizza']",[ True]
"['Anthony', 'Mitchell', 'likes', 'to', 'eat', 'pizza']",[ True]
"['Lauren', 'Henderson', 'likes', 'to', 'eat', 'pizza']",[ True]
"['Chris', 'Thompson', 'likes', 'to', 'eat', 'pizza']",[ True]
"['Maria', 'Thomas', 'likes', 'to', 'eat', 'pizza']",[ True]
"['Angela', 'Robinson', 'likes', 'to', 'eat', 'pizza']",[ True]
"['Tom', 'Williams', 'likes', 'to', 'eat', 'pizza']",[ True]
"['Charles', 'Johnson', 'likes', 'to', 'eat', 'pizza']",[ True]
"['Colin', 'Watson', 'likes', 'to', 'eat', 'pizza']",[ True]
"['Ian', 'James', 'likes', 'to', 'eat', 'pizza']",[ True]
"['Albert', 'Coleman', 'likes', 'to', 'eat', 'pizza']",[ True]
"['Susan', 'Collins', 'likes', 'to', 'eat', 'pizza']",[ True]
"['Anna', 'Foster', 'likes', 'to', 'eat', 'pizza']",[ True]
"['Bill', 'Williams', 'likes', 'to', 'eat', 'pizza']",[ True]
"['Heather', 'Morgan', 'likes', 'to', 'eat', 'pizza']",[ True]
"['Philip', ""O'Brien"", 'likes', 'to', 'eat', 'pizza']",[ True]
"['Wendy', 'Gray', 'likes', 'to', 'eat', 'pizza']",[ True]
"['Dan', 'Wood', 'likes', 'to', 'eat', 'pizza']",[ True]
"['Jeff', 'Taylor', 'likes', 'to', 'eat', 'pizza']",[ True]
"['William', 'Anderson', 'likes', 'to', 'eat', 'pizza']",[ True]
"['Katie', 'Stone', 'likes', 'to', 'eat', 'pizza']",[ True]
"['Alan', 'Wilson', 'likes', 'to', 'eat', 'pizza']",[ True]
"['Edith', 'Taylor', 'likes', 'to', 'eat', 'pizza']",[ True]
"['Robert', 'Kennedy', 'likes', 'to', 'eat', 'pizza']",[ True]
"['Edward', 'Ward', 'likes', 'to', 'eat', 'pizza']",[ True]
"['Louis', 'Clark', 'likes', 'to', 'eat', 'pizza']",[ True]
"['Elaine', 'Hall', 'likes', 'to', 'eat', 'pizza']",[ True]
"['Emma', 'Mitchell', 'likes', 'to', 'eat', 'pizza']",[ True]
"['Edward', 'Hamilton', 'likes', 'to', 'eat', 'pizza']",[ True]
"['Marilyn', 'Robertson', 'likes', 'to', 'eat', 'pizza']",[ True]
"['Michael', 'Robertson', 'likes', 'to', 'eat', 'pizza']",[ True]
"['Lisa', 'Butler', 'likes', 'to', 'eat', 'pizza']",[ True]
"['Susan', 'Reed', 'likes', 'to', 'eat', 'pizza']",[ True]
"['Karen', 'Brooks', 'likes', 'to', 'eat', 'pizza']",[ True]
"['Kate', 'Price', 'likes', 'to', 'eat', 'pizza']",[ True]
"['Adam', 'Walker', 'likes', 'to', 'eat', 'pizza']",[ True]
"['Edith', 'Bell', 'likes', 'to', 'eat', 'pizza']",[ True]
"['Margaret', 'Hughes', 'likes', 'to', 'eat', 'pizza']",[ True]
"['Anna', 'Henderson', 'likes', 'to', 'eat', 'pizza']",[ True]
"['Catherine', 'Kelly', 'likes', 'to', 'eat', 'pizza']",[ True]
"['Kathryn', 'Alexander', 'likes', 'to', 'eat', 'pizza']",[ True]
"['Henry', 'Watson', 'likes', 'to', 'eat', 'pizza']",[ True]
"['Marilyn', 'Murray', 'likes', 'to', 'eat', 'pizza']",[ True]
"['Elaine', 'Parker', 'likes', 'to', 'eat', 'pizza']",[ True]
"['Frank', 'Johnson', 'likes', 'to', 'eat', 'pizza']",[ True]
"['Amy', 'Collins', 'likes', 'to', 'eat', 'pizza']",[ True]
"['Edward', 'Bennett', 'likes', 'to', 'eat', 'pizza']",[ True]
"['Mike', 'Rose', 'likes', 'to', 'eat', 'pizza']",[ True]
"['Louise', 'Wright', 'likes', 'to', 'eat', 'pizza']",[ True]
"['Don', 'Harris', 'likes', 'to', 'eat', 'pizza']",[ True]
"['Cynthia', 'Green', 'likes', 'to', 'eat', 'pizza']",[ True]
"['Johnny', 'Hunter', 'likes', 'to', 'eat', 'pizza']",[ True]
"['Eleanor', 'Jordan', 'likes', 'to', 'eat', 'pizza']",[ True]
"['Judy', 'Johnson', 'likes', 'to', 'eat', 'pizza']",[ True]
"['Rose', 'Hunter', 'likes', 'to', 'eat', 'pizza']",[ True]
"['Larry', 'Brooks', 'likes', 'to', 'eat', 'pizza']",[ True]
"['Adam', 'Rogers', 'likes', 'to', 'eat', 'pizza']",[ True]
"['Stephanie', 'Young', 'likes', 'to', 'eat', 'pizza']",[ True]
"['Carolyn', 'Ryan', 'likes', 'to', 'eat', 'pizza']",[ True]
"['Fred', 'Coleman', 'likes', 'to', 'eat', 'pizza']",[ True]
"['Frances', 'White', 'likes', 'to', 'eat', 'pizza']",[ True]
"['Laura', 'Gray', 'likes', 'to', 'eat', 'pizza']",[ True]
"['Donald', 'Thomas', 'likes', 'to', 'eat', 'pizza']",[ True]
"['Ian', 'Scott', 'likes', 'to', 'eat', 'pizza']",[ True]
"['Bruce', 'Murray', 'likes', 'to', 'eat', 'pizza']",[ True]
"['Emily', 'Jones', 'likes', 'to', 'eat', 'pizza']",[ True]
"['Howard', 'Smith', 'likes', 'to', 'eat', 'pizza']",[ True]
"['Kevin', 'Harrison', 'likes', 'to', 'eat', 'pizza']",[ True]
"['Edward', 'Hamilton', 'likes', 'to', 'eat', 'pizza']",[ True]
"['Kim', 'Thompson', 'likes', 'to', 'eat', 'pizza']",[ True]
"['Anne', 'Butler', 'likes', 'to', 'eat', 'pizza']",[ True]
"['Benjamin', 'James', 'likes', 'to', 'eat', 'pizza']",[ True]
"['Billy', 'Richardson', 'likes', 'to', 'eat', 'pizza']",[ True]
"['Mary', 'Rogers', 'likes', 'to', 'eat', 'pizza']",[ True]
"['Alexandra', 'Wilson', 'likes', 'to', 'eat', 'pizza']",[ True]
"['Nick', 'Alexander', 'likes', 'to', 'eat', 'pizza']",[ True]
"['Diana', 'Roberts', 'likes', 'to', 'eat', 'pizza']",[ True]
"['Alison', 'Morgan', 'likes', 'to', 'eat', 'pizza']",[ True]
"['Mike', 'Hamilton', 'likes', 'to', 'eat', 'pizza']",[ True]
"['Chris', 'Palmer', 'likes', 'to', 'eat', 'pizza']",[ True]
"['Wendy', 'Morris', 'likes', 'to', 'eat', 'pizza']",[ True]
"['Kathy', 'Wilson', 'likes', 'to', 'eat', 'pizza']",[ True]
"['Richard', 'Martin', 'likes', 'to', 'eat', 'pizza']",[ True]
"['Julie', 'Howard', 'likes', 'to', 'eat', 'pizza']",[ True]
"['Eric', 'Davis', 'likes', 'to', 'eat', 'pizza']",[ True]
"['Daniel', 'Lewis', 'likes', 'to', 'eat', 'pizza']",[ True]
"['Carolyn', 'Ryan', 'likes', 'to', 'eat', 'pizza']",[ True]
"['Jeff', 'Peterson', 'likes', 'to', 'eat', 'pizza']",[ True]
"['Frank', 'Reynolds', 'likes', 'to', 'eat', 'pizza']",[ True]
"['James', 'Collins', 'likes', 'to', 'eat', 'pizza']",[ True]
"['Greg', 'Adams', 'likes', 'to', 'eat', 'pizza']",[ True]
"['Jean', 'Butler', 'likes', 'to', 'eat', 'pizza']",[ True]
"['Susan', 'Edwards', 'likes', 'to', 'eat', 'pizza']",[ True]
"['Alan', 'King', 'likes', 'to', 'eat', 'pizza']",[ True]
"['Bobby', 'Butler', 'likes', 'to', 'eat', 'pizza']",[ True]
"['Ian', 'Ross', 'likes', 'to', 'eat', 'pizza']",[ True]
"['Sara', 'Thompson', 'likes', 'to', 'eat', 'pizza']",[ True]
"['Tim', 'Brooks', 'likes', 'to', 'eat', 'pizza']",[ True]
"['Sharon', 'Cooper', 'likes', 'to', 'eat', 'pizza']",[ True]
"['Larry', 'Price', 'likes', 'to', 'eat', 'pizza']",[ True]
"['Ben', 'Johnson', 'likes', 'to', 'eat', 'pizza']",[ True]
"['Sophie', 'King', 'likes', 'to', 'eat', 'pizza']",[ True]
"['Sally', 'Adams', 'likes', 'to', 'eat', 'pizza']",[ True]
"['Victoria', 'Cohen', 'likes', 'to', 'eat', 'pizza']",[ True]
"['Florence', 'Edwards', 'likes', 'to', 'eat', 'pizza']",[ True]
"['Dorothy', 'Scott', 'likes', 'to', 'eat', 'pizza']",[ True]
"['Henry', 'Henderson', 'likes', 'to', 'eat', 'pizza']",[ True]
"['Jimmy', 'Jordan', 'likes', 'to', 'eat', 'pizza']",[ True]
"['Andrew', 'Palmer', 'likes', 'to', 'eat', 'pizza']",[ True]
"['Sarah', 'Price', 'likes', 'to', 'eat', 'pizza']",[ True]
"['Amanda', 'Harris', 'likes', 'to', 'eat', 'pizza']",[ True]
"['Diane', 'Williams', 'likes', 'to', 'eat', 'pizza']",[ True]
"['Joan', 'Harris', 'likes', 'to', 'eat', 'pizza']",[ True]
"['Bob', 'Ross', 'likes', 'to', 'eat', 'pizza']",[ True]
"['Helen', 'Shaw', 'likes', 'to', 'eat', 'pizza']",[ True]
"['Lucy', 'King', 'likes', 'to', 'eat', 'pizza']",[ True]
"['Barbara', 'Watson', 'likes', 'to', 'eat', 'pizza']",[ True]
"['Sara', 'Brown', 'likes', 'to', 'eat', 'pizza']",[ True]
"['Rose', 'Jones', 'likes', 'to', 'eat', 'pizza']",[ True]
"['Eric', 'Howard', 'likes', 'to', 'eat', 'pizza']",[ True]
"['Judith', 'Gray', 'likes', 'to', 'eat', 'pizza']",[ True]
"['Dick', 'Harris', 'likes', 'to', 'eat', 'pizza']",[ True]
"['Ron', 'Green', 'likes', 'to', 'eat', 'pizza']",[ True]
"['Cynthia', 'Collins', 'likes', 'to', 'eat', 'pizza']",[ True]
"['Heather', 'Butler', 'likes', 'to', 'eat', 'pizza']",[ True]
"['Chris', 'Morris', 'likes', 'to', 'eat', 'pizza']",[ True]
"['Donald', 'Hughes', 'likes', 'to', 'eat', 'pizza']",[ True]
"['Bob', 'Reed', 'likes', 'to', 'eat', 'pizza']",[ True]
"['Alexander', 'Rogers', 'likes', 'to', 'eat', 'pizza']",[ True]
"['Dick', 'Clark', 'likes', 'to', 'eat', 'pizza']",[ True]
"['Brian', 'Scott', 'likes', 'to', 'eat', 'pizza']",[ True]
"['Ken', 'Collins', 'likes', 'to', 'eat', 'pizza']",[ True]
"['Tom', 'Howard', 'likes', 'to', 'eat', 'pizza']",[ True]
"['Adam', 'Foster', 'likes', 'to', 'eat', 'pizza']",[ True]
"['Louise', 'Hall', 'likes', 'to', 'eat', 'pizza']",[ True]
"['Claire', 'Johnson', 'likes', 'to', 'eat', 'pizza']",[ True]
"['Diana', 'Taylor', 'likes', 'to', 'eat', 'pizza']",[ True]
"['Kelly', 'Roberts', 'likes', 'to', 'eat', 'pizza']",[ True]
"['Amanda', 'Howard', 'likes', 'to', 'eat', 'pizza']",[ True]
"['Katherine', 'Williams', 'likes', 'to', 'eat', 'pizza']",[ True]
"['Nick', 'Sullivan', 'likes', 'to', 'eat', 'pizza']",[ True]
"['Eleanor', 'Miller', 'likes', 'to', 'eat', 'pizza']",[ True]
"['Angela', 'Cohen', 'likes', 'to', 'eat', 'pizza']",[ True]
"['Dave', 'Morgan', 'likes', 'to', 'eat', 'pizza']",[ True]
"['Lawrence', 'Hughes', 'likes', 'to', 'eat', 'pizza']",[ True]
"['Jennifer', 'Marshall', 'likes', 'to', 'eat', 'pizza']",[ True]
"['Frances', 'Miller', 'likes', 'to', 'eat', 'pizza']",[ True]
"['Nancy', 'Graham', 'likes', 'to', 'eat', 'pizza']",[ True]
"['Lisa', 'Mason', 'likes', 'to', 'eat', 'pizza']",[ True]
"['Keith', 'Fisher', 'likes', 'to', 'eat', 'pizza']",[ True]
"['Alice', 'Lewis', 'likes', 'to', 'eat', 'pizza']",[ True]
"['Karen', ""O'Brien"", 'likes', 'to', 'eat', 'pizza']",[ True]
"['Jennifer', 'Stewart', 'likes', 'to', 'eat', 'pizza']",[ True]
"['Sandra', 'Perry', 'likes', 'to', 'eat', 'pizza']",[ True]
"['Amanda', 'Turner', 'likes', 'to', 'eat', 'pizza']",[ True]
"['Linda', 'Morris', 'likes', 'to', 'eat', 'pizza']",[ True]
"['Don', 'Miller', 'likes', 'to', 'eat', 'pizza']",[ True]
"['Judith', 'Mitchell', 'likes', 'to', 'eat', 'pizza']",[ True]
"['Alexandra', 'Richardson', 'likes', 'to', 'eat', 'pizza']",[ True]
"['Angela', 'Miller', 'likes', 'to', 'eat', 'pizza']",[ True]
"['Roy', 'Bailey', 'likes', 'to', 'eat', 'pizza']",[ True]
"['Wendy', 'Clark', 'likes', 'to', 'eat', 'pizza']",[ True]
"['Frederick', 'Phillips', 'likes', 'to', 'eat', 'pizza']",[ True]
"['Claire', 'Hunter', 'likes', 'to', 'eat', 'pizza']",[ True]
"['Michael', 'Bennett', 'likes', 'to', 'eat', 'pizza']",[ True]
"['Katherine', 'James', 'likes', 'to', 'eat', 'pizza']",[ True]
"['Dick', 'Johnson', 'likes', 'to', 'eat', 'pizza']",[ True]
"['Lynn', 'Stewart', 'likes', 'to', 'eat', 'pizza']",[ True]
"['Louis', 'Nelson', 'likes', 'to', 'eat', 'pizza']",[ True]
"['Eric', 'Moore', 'likes', 'to', 'eat', 'pizza']",[ True]
"['Lucy', 'Anderson', 'likes', 'to', 'eat', 'pizza']",[ True]
"['Evelyn', 'Ross', 'likes', 'to', 'eat', 'pizza']",[ True]
"['Stephen', 'Howard', 'likes', 'to', 'eat', 'pizza']",[ True]
"['Alan', 'Mason', 'likes', 'to', 'eat', 'pizza']",[ True]
"['Leslie', 'Harris', 'likes', 'to', 'eat', 'pizza']",[ True]
"['Sally', 'Taylor', 'likes', 'to', 'eat', 'pizza']",[ True]
"['Harriet', 'Harrison', 'likes', 'to', 'eat', 'pizza']",[ True]
"['Ashley', 'Morgan', 'likes', 'to', 'eat', 'pizza']",[ True]
"['Annie', 'Martin', 'likes', 'to', 'eat', 'pizza']",[ True]
"['Steven', 'Wood', 'likes', 'to', 'eat', 'pizza']",[ True]
"['Henry', 'Moore', 'likes', 'to', 'eat', 'pizza']",[ True]
"['Kathy', 'Morgan', 'likes', 'to', 'eat', 'pizza']",[ True]
"['Jeff', 'Cooper', 'likes', 'to', 'eat', 'pizza']",[ True]
"['Sandra', 'Baker', 'likes', 'to', 'eat', 'pizza']",[ True]
"['Leslie', 'Green', 'likes', 'to', 'eat', 'pizza']",[ True]
"['William', 'Alexander', 'likes', 'to', 'eat', 'pizza']",[ True]
"['Frederick', 'Turner', 'likes', 'to', 'eat', 'pizza']",[ True]
"['Dan', 'Price', 'likes', 'to', 'eat', 'pizza']",[ True]
"['Lauren', 'Morgan', 'likes', 'to', 'eat', 'pizza']",[ True]
"['Howard', 'Alexander', 'likes', 'to', 'eat', 'pizza']",[ True]
"['Emily', 'Ryan', 'likes', 'to', 'eat', 'pizza']",[ True]
"['Nancy', 'Alexander', 'likes', 'to', 'eat', 'pizza']",[ True]
"['Edwin', 'Jackson', 'likes', 'to', 'eat', 'pizza']",[ True]
"['Ken', 'Peterson', 'likes', 'to', 'eat', 'pizza']",[ True]
"['Carol', 'Stevens', 'likes', 'to', 'eat', 'pizza']",[ True]
"['Joseph', 'Cooper', 'likes', 'to', 'eat', 'pizza']",[ True]
"['Martin', 'Lewis', 'likes', 'to', 'eat', 'pizza']",[ True]
"['Maria', 'Collins', 'likes', 'to', 'eat', 'pizza']",[ True]
"['Robert', 'Young', 'likes', 'to', 'eat', 'pizza']",[ True]
"['Heather', 'Marshall', 'likes', 'to', 'eat', 'pizza']",[ True]
"['Anna', 'Murphy', 'likes', 'to', 'eat', 'pizza']",[ True]
"['Anthony', 'Reed', 'likes', 'to', 'eat', 'pizza']",[ True]
"['Henry', 'Peterson', 'likes', 'to', 'eat', 'pizza']",[ True]
"['Scott', 'James', 'likes', 'to', 'eat', 'pizza']",[ True]
"['Tim', 'Cook', 'likes', 'to', 'eat', 'pizza']",[ True]
"['Fiona', 'Walker', 'likes', 'to', 'eat', 'pizza']",[ True]
"['Alexandra', 'Gordon', 'likes', 'to', 'eat', 'pizza']",[ True]
"['Bob', 'Taylor', 'likes', 'to', 'eat', 'pizza']",[ True]
"['Frederick', 'Collins', 'likes', 'to', 'eat', 'pizza']",[ True]
"['Susan', 'Baker', 'likes', 'to', 'eat', 'pizza']",[ True]
"['Dan', 'Hill', 'likes', 'to', 'eat', 'pizza']",[ True]
"['Lynn', 'Collins', 'likes', 'to', 'eat', 'pizza']",[ True]
"['Eleanor', 'Walker', 'likes', 'to', 'eat', 'pizza']",[ True]
"['Ashley', 'Kelly', 'likes', 'to', 'eat', 'pizza']",[ True]
"['Lawrence', 'Perry', 'likes', 'to', 'eat', 'pizza']",[ True]
"['Andrew', 'Watson', 'likes', 'to', 'eat', 'pizza']",[ True]
"['Brian', 'Johnson', 'likes', 'to', 'eat', 'pizza']",[ True]
"['Brian', 'Graham', 'likes', 'to', 'eat', 'pizza']",[ True]
"['Bobby', 'Foster', 'likes', 'to', 'eat', 'pizza']",[ True]
"['Tim', 'James', 'likes', 'to', 'eat', 'pizza']",[ True]
"['Adam', 'Murray', 'likes', 'to', 'eat', 'pizza']",[ True]
"['Stephanie', 'Brown', 'likes', 'to', 'eat', 'pizza']",[ True]
"['Ann', 'Henderson', 'likes', 'to', 'eat', 'pizza']",[ True]
"['Matthew', 'Hill', 'likes', 'to', 'eat', 'pizza']",[ True]
"['Evelyn', 'Cooper', 'likes', 'to', 'eat', 'pizza']",[ True]
"['James', 'Carter', 'likes', 'to', 'eat', 'pizza']",[ True]
"['Frank', 'Thompson', 'likes', 'to', 'eat', 'pizza']",[ True]
"['Ben', 'Wright', 'likes', 'to', 'eat', 'pizza']",[ True]
"['Maria', 'White', 'likes', 'to', 'eat', 'pizza']",[ True]
"['Frank', 'Carter', 'likes', 'to', 'eat', 'pizza']",[ True]
"['Sandra', 'Coleman', 'likes', 'to', 'eat', 'pizza']",[ True]
"['Hugh', 'Rogers', 'likes', 'to', 'eat', 'pizza']",[ True]
"['Patricia', 'Thompson', 'likes', 'to', 'eat', 'pizza']",[ True]
"['Michael', 'Stone', 'likes', 'to', 'eat', 'pizza']",[ True]
"['Emily', 'Perry', 'likes', 'to', 'eat', 'pizza']",[ True]
"['Diana', 'Davis', 'likes', 'to', 'eat', 'pizza']",[ True]
"['Linda', 'Hamilton', 'likes', 'to', 'eat', 'pizza']",[ True]
"['William', 'Parker', 'likes', 'to', 'eat', 'pizza']",[ True]
"['Linda', 'Wilson', 'likes', 'to', 'eat', 'pizza']",[ True]
"['Sally', 'Ford', 'likes', 'to', 'eat', 'pizza']",[ True]
"['Fred', 'Stone', 'likes', 'to', 'eat', 'pizza']",[ True]
"['Kelly', 'Davies', 'likes', 'to', 'eat', 'pizza']",[ True]
"['Kathy', 'Campbell', 'likes', 'to', 'eat', 'pizza']",[ True]
"['Suzanne', 'Smith', 'likes', 'to', 'eat', 'pizza']",[ True]
"['Edward', 'Campbell', 'likes', 'to', 'eat', 'pizza']",[ True]
"['Janet', 'Ryan', 'likes', 'to', 'eat', 'pizza']",[ True]
"['Howard', 'Mason', 'likes', 'to', 'eat', 'pizza']",[ True]
"['Rachel', 'Shaw', 'likes', 'to', 'eat', 'pizza']",[ True]
"['Hugh', 'Watson', 'likes', 'to', 'eat', 'pizza']",[ True]
"['Eleanor', 'Sullivan', 'likes', 'to', 'eat', 'pizza']",[ True]
"['Eleanor', 'Clark', 'likes', 'to', 'eat', 'pizza']",[ True]
"['Harry', 'Walker', 'likes', 'to', 'eat', 'pizza']",[ True]
"['Carolyn', 'Roberts', 'likes', 'to', 'eat', 'pizza']",[ True]
"['Laura', 'Anderson', 'likes', 'to', 'eat', 'pizza']",[ True]
"['Charlie', 'James', 'likes', 'to', 'eat', 'pizza']",[ True]
"['Carl', 'Mason', 'likes', 'to', 'eat', 'pizza']",[ True]
"['David', 'Hall', 'likes', 'to', 'eat', 'pizza']",[ True]
"['Carl', 'Murray', 'likes', 'to', 'eat', 'pizza']",[ True]
"['Christopher', 'Gordon', 'likes', 'to', 'eat', 'pizza']",[ True]
"['Jay', 'Allen', 'likes', 'to', 'eat', 'pizza']",[ True]
"['Heather', 'Johnson', 'likes', 'to', 'eat', 'pizza']",[ True]
"['Betty', 'Mason', 'likes', 'to', 'eat', 'pizza']",[ True]
"['Nicole', 'Hill', 'likes', 'to', 'eat', 'pizza']",[ True]
"['Jill', 'Davis', 'likes', 'to', 'eat', 'pizza']",[ True]
"['Donna', 'Morgan', 'likes', 'to', 'eat', 'pizza']",[ True]
"['Janet', 'Cook', 'likes', 'to', 'eat', 'pizza']",[ True]
"['Amy', 'Kennedy', 'likes', 'to', 'eat', 'pizza']",[ True]
"['Jill', 'Peterson', 'likes', 'to', 'eat', 'pizza']",[ True]
"['Evelyn', 'Cook', 'likes', 'to', 'eat', 'pizza']",[ True]
"['Carl', 'Foster', 'likes', 'to', 'eat', 'pizza']",[ True]
"['Rebecca', 'Collins', 'likes', 'to', 'eat', 'pizza']",[ True]
"['Dan', ""O'Brien"", 'likes', 'to', 'eat', 'pizza']",[ True]
"['Elaine', 'Smith', 'likes', 'to', 'eat', 'pizza']",[ True]
"['Scott', 'Kennedy', 'likes', 'to', 'eat', 'pizza']",[ True]
"['Kathryn', 'Shaw', 'likes', 'to', 'eat', 'pizza']",[ True]
"['Ed', 'Ryan', 'likes', 'to', 'eat', 'pizza']",[ True]
"['Ed', 'Walker', 'likes', 'to', 'eat', 'pizza']",[ True]
"['Henry', 'Brooks', 'likes', 'to', 'eat', 'pizza']",[ True]
"['Kathryn', 'Hill', 'likes', 'to', 'eat', 'pizza']",[ True]
"['Jerry', 'Russell', 'likes', 'to', 'eat', 'pizza']",[ True]
"['Lauren', 'Evans', 'likes', 'to', 'eat', 'pizza']",[ True]
"['Helen', 'Clark', 'likes', 'to', 'eat', 'pizza']",[ True]
"['Margaret', 'Stone', 'likes', 'to', 'eat', 'pizza']",[ True]
"['Scott', 'Stewart', 'likes', 'to', 'eat', 'pizza']",[ True]
"['Mary', 'Gray', 'likes', 'to', 'eat', 'pizza']",[ True]
"['Victoria', 'Cohen', 'likes', 'to', 'eat', 'pizza']",[ True]
"['Kelly', 'Cook', 'likes', 'to', 'eat', 'pizza']",[ True]
"['Kathleen', 'Miller', 'likes', 'to', 'eat', 'pizza']",[ True]
"['Bill', 'King', 'likes', 'to', 'eat', 'pizza']",[ True]
"['George', 'Thompson', 'likes', 'to', 'eat', 'pizza']",[ True]
"['Carol', 'Morgan', 'likes', 'to', 'eat', 'pizza']",[ True]
"['Albert', 'Adams', 'likes', 'to', 'eat', 'pizza']",[ True]
"['Diana', 'Robertson', 'likes', 'to', 'eat', 'pizza']",[ True]
"['Donald', 'Mason', 'likes', 'to', 'eat', 'pizza']",[ True]
"['Stephanie', 'Clark', 'likes', 'to', 'eat', 'pizza']",[ True]
"['Sam', 'Brooks', 'likes', 'to', 'eat', 'pizza']",[ True]
"['Tom', 'Watson', 'likes', 'to', 'eat', 'pizza']",[ True]
"['Keith', 'Kelly', 'likes', 'to', 'eat', 'pizza']",[ True]
"['Simon', 'Rogers', 'likes', 'to', 'eat', 'pizza']",[ True]
"['Bruce', 'Stewart', 'likes', 'to', 'eat', 'pizza']",[ True]
"['Adam', 'Price', 'likes', 'to', 'eat', 'pizza']",[ True]
"['Jerry', 'Graham', 'likes', 'to', 'eat', 'pizza']",[ True]
"['Tom', 'Morris', 'likes', 'to', 'eat', 'pizza']",[ True]
"['Robert', 'Rogers', 'likes', 'to', 'eat', 'pizza']",[ True]
"['Sara', 'Fisher', 'likes', 'to', 'eat', 'pizza']",[ True]
"['Larry', 'Foster', 'likes', 'to', 'eat', 'pizza']",[ True]
"['Ann', 'Taylor', 'likes', 'to', 'eat', 'pizza']",[ True]
"['Howard', 'Stewart', 'likes', 'to', 'eat', 'pizza']",[ True]
"['Carol', 'Harris', 'likes', 'to', 'eat', 'pizza']",[ True]
"['Johnny', 'Evans', 'likes', 'to', 'eat', 'pizza']",[ True]
"['Keith', 'Ford', 'likes', 'to', 'eat', 'pizza']",[ True]
"['David', 'Mitchell', 'likes', 'to', 'eat', 'pizza']",[ True]
"['Dave', 'Hall', 'likes', 'to', 'eat', 'pizza']",[ True]
"['Margaret', 'James', 'likes', 'to', 'eat', 'pizza']",[ True]
"['Carol', 'Taylor', 'likes', 'to', 'eat', 'pizza']",[ True]
"['Samuel', 'Kelly', 'likes', 'to', 'eat', 'pizza']",[ True]
"['Katie', 'Turner', 'likes', 'to', 'eat', 'pizza']",[ True]
"['Lucy', 'Taylor', 'likes', 'to', 'eat', 'pizza']",[ True]
"['Elaine', 'Murray', 'likes', 'to', 'eat', 'pizza']",[ True]
"['David', 'Davies', 'likes', 'to', 'eat', 'pizza']",[ True]
"['George', 'Phillips', 'likes', 'to', 'eat', 'pizza']",[ True]
"['Charlotte', 'Harrison', 'likes', 'to', 'eat', 'pizza']",[ True]
"['Angela', 'Davies', 'likes', 'to', 'eat', 'pizza']",[ True]
"['Jonathan', 'Murphy', 'likes', 'to', 'eat', 'pizza']",[ True]
"['Betty', 'Anderson', 'likes', 'to', 'eat', 'pizza']",[ True]
"['Brian', 'Carter', 'likes', 'to', 'eat', 'pizza']",[ True]
"['Grace', ""O'Brien"", 'likes', 'to', 'eat', 'pizza']",[ True]
"['Melissa', 'Gray', 'likes', 'to', 'eat', 'pizza']",[ True]
"['Tim', 'Henderson', 'likes', 'to', 'eat', 'pizza']",[ True]
"['Katherine', 'Carter', 'likes', 'to', 'eat', 'pizza']",[ True]
"['Mary', 'Gordon', 'likes', 'to', 'eat', 'pizza']",[ True]
"['Sandra', 'Henderson', 'likes', 'to', 'eat', 'pizza']",[ True]
"['Colin', 'Reed', 'likes', 'to', 'eat', 'pizza']",[ True]
"['Jessica', 'Harris', 'likes', 'to', 'eat', 'pizza']",[ True]
"['Carl', 'White', 'likes', 'to', 'eat', 'pizza']",[ True]
"['Ann', 'Marshall', 'likes', 'to', 'eat', 'pizza']",[ True]
"['Wendy', 'Martin', 'likes', 'to', 'eat', 'pizza']",[ True]
"['Sally', 'Taylor', 'likes', 'to', 'eat', 'pizza']",[ True]
"['Christine', 'Ross', 'likes', 'to', 'eat', 'pizza']",[ True]
"['Laura', 'White', 'likes', 'to', 'eat', 'pizza']",[ True]
"['Harriet', 'Marshall', 'likes', 'to', 'eat', 'pizza']",[ True]
"['Barbara', 'Gray', 'likes', 'to', 'eat', 'pizza']",[ True]
"['Marie', 'Jordan', 'likes', 'to', 'eat', 'pizza']",[ True]
"['Diana', 'Wood', 'likes', 'to', 'eat', 'pizza']",[ True]
"['Alex', 'Hart', 'likes', 'to', 'eat', 'pizza']",[ True]
"['Linda', 'Rose', 'likes', 'to', 'eat', 'pizza']",[ True]
"['Gary', 'Marshall', 'likes', 'to', 'eat', 'pizza']",[ True]
"['Nicole', 'Howard', 'likes', 'to', 'eat', 'pizza']",[ True]
"['Albert', 'Edwards', 'likes', 'to', 'eat', 'pizza']",[ True]
"['Carl', 'Howard', 'likes', 'to', 'eat', 'pizza']",[ True]
"['Claire', 'Clarke', 'likes', 'to', 'eat', 'pizza']",[ True]
"['David', 'Jordan', 'likes', 'to', 'eat', 'pizza']",[ True]
"['Joseph', 'Campbell', 'likes', 'to', 'eat', 'pizza']",[ True]
"['Jay', 'Young', 'likes', 'to', 'eat', 'pizza']",[ True]
"['Wendy', 'Turner', 'likes', 'to', 'eat', 'pizza']",[ True]
"['Alice', 'Hill', 'likes', 'to', 'eat', 'pizza']",[ True]
"['Lucy', 'Campbell', 'likes', 'to', 'eat', 'pizza']",[ True]
"['Sue', 'Thompson', 'likes', 'to', 'eat', 'pizza']",[ True]
"['Pamela', 'Marshall', 'likes', 'to', 'eat', 'pizza']",[ True]
"['Jeff', 'Ross', 'likes', 'to', 'eat', 'pizza']",[ True]
"['Jason', 'Miller', 'likes', 'to', 'eat', 'pizza']",[ True]
"['Carl', 'Harris', 'likes', 'to', 'eat', 'pizza']",[ True]
"['Virginia', 'Hall', 'likes', 'to', 'eat', 'pizza']",[ True]
"['Harry', 'Wright', 'likes', 'to', 'eat', 'pizza']",[ True]
"['Greg', 'Marshall', 'likes', 'to', 'eat', 'pizza']",[ True]
"['Steve', 'Cooper', 'likes', 'to', 'eat', 'pizza']",[ True]
"['Alice', 'Jackson', 'likes', 'to', 'eat', 'pizza']",[ True]
"['Jim', 'Alexander', 'likes', 'to', 'eat', 'pizza']",[ True]
"['Emily', 'Clark', 'likes', 'to', 'eat', 'pizza']",[ True]
"['Mark', 'Davies', 'likes', 'to', 'eat', 'pizza']",[ True]
"['Katherine', 'Howard', 'likes', 'to', 'eat', 'pizza']",[ True]
"['Dave', 'Russell', 'likes', 'to', 'eat', 'pizza']",[ True]
"['Hugh', 'Bell', 'likes', 'to', 'eat', 'pizza']",[ True]
"['Florence', 'Ross', 'likes', 'to', 'eat', 'pizza']",[ True]
"['Billy', 'Hughes', 'likes', 'to', 'eat', 'pizza']",[ True]
"['Lauren', 'Scott', 'likes', 'to', 'eat', 'pizza']",[ True]
"['Edith', 'Gordon', 'likes', 'to', 'eat', 'pizza']",[ True]
"['Patrick', 'Ryan', 'likes', 'to', 'eat', 'pizza']",[ True]
"['Donald', 'Carter', 'likes', 'to', 'eat', 'pizza']",[ True]
"['Ann', 'Hart', 'likes', 'to', 'eat', 'pizza']",[ True]
"['Rachel', 'Phillips', 'likes', 'to', 'eat', 'pizza']",[ True]
"['Larry', 'Henderson', 'likes', 'to', 'eat', 'pizza']",[ True]
"['Arthur', 'Perry', 'likes', 'to', 'eat', 'pizza']",[ True]
"['Bob', 'Butler', 'likes', 'to', 'eat', 'pizza']",[ True]
"['Annie', 'Martin', 'likes', 'to', 'eat', 'pizza']",[ True]
"['Samuel', 'Harrison', 'likes', 'to', 'eat', 'pizza']",[ True]
"['Caroline', 'Hughes', 'likes', 'to', 'eat', 'pizza']",[ True]
"['James', 'Young', 'likes', 'to', 'eat', 'pizza']",[ True]
"['Rose', 'Davies', 'likes', 'to', 'eat', 'pizza']",[ True]
"['Peter', 'Johnson', 'likes', 'to', 'eat', 'pizza']",[ True]
"['Anna', 'King', 'likes', 'to', 'eat', 'pizza']",[ True]
"['Anthony', 'Parker', 'likes', 'to', 'eat', 'pizza']",[ True]
"['Keith', 'Hughes', 'likes', 'to', 'eat', 'pizza']",[ True]
"['Lisa', 'Morgan', 'likes', 'to', 'eat', 'pizza']",[ True]
"['Alex', 'Clark', 'likes', 'to', 'eat', 'pizza']",[ True]
"['Benjamin', 'Davies', 'likes', 'to', 'eat', 'pizza']",[ True]
"['Larry', 'Hall', 'likes', 'to', 'eat', 'pizza']",[ True]
"['Martin', 'Shaw', 'likes', 'to', 'eat', 'pizza']",[ True]
"['Jane', 'Hughes', 'likes', 'to', 'eat', 'pizza']",[ True]
"['Ashley', 'Hughes', 'likes', 'to', 'eat', 'pizza']",[ True]
"['Charlie', 'Parker', 'likes', 'to', 'eat', 'pizza']",[ True]
"['Andrew', 'Wilson', 'likes', 'to', 'eat', 'pizza']",[ True]
"['Richard', 'Lewis', 'likes', 'to', 'eat', 'pizza']",[ True]
"['Elizabeth', 'Miller', 'likes', 'to', 'eat', 'pizza']",[ True]
"['Louis', 'Clark', 'likes', 'to', 'eat', 'pizza']",[ True]
"['Anna', 'Coleman', 'likes', 'to', 'eat', 'pizza']",[ True]
"['Robin', 'Alexander', 'likes', 'to', 'eat', 'pizza']",[ True]
"['Robert', 'Kelly', 'likes', 'to', 'eat', 'pizza']",[ True]
"['Ben', 'Cooper', 'likes', 'to', 'eat', 'pizza']",[ True]
"['Jack', 'Henderson', 'likes', 'to', 'eat', 'pizza']",[ True]
"['Julie', 'Marshall', 'likes', 'to', 'eat', 'pizza']",[ True]
"['Jay', 'Fisher', 'likes', 'to', 'eat', 'pizza']",[ True]
"['Catherine', 'Perry', 'likes', 'to', 'eat', 'pizza']",[ True]
"['Arthur', 'Walker', 'likes', 'to', 'eat', 'pizza']",[ True]
"['Louis', 'King', 'likes', 'to', 'eat', 'pizza']",[ True]
"['Frances', 'Baker', 'likes', 'to', 'eat', 'pizza']",[ True]
"['Leslie', 'Smith', 'likes', 'to', 'eat', 'pizza']",[ True]
"['Jessica', 'Davies', 'likes', 'to', 'eat', 'pizza']",[ True]
"['Francis', 'Cooper', 'likes', 'to', 'eat', 'pizza']",[ True]
"['Victoria', 'Brown', 'likes', 'to', 'eat', 'pizza']",[ True]
"['Daniel', 'Ward', 'likes', 'to', 'eat', 'pizza']",[ True]
"['Diana', 'Allen', 'likes', 'to', 'eat', 'pizza']",[ True]
"['Julia', 'Russell', 'likes', 'to', 'eat', 'pizza']",[ True]
"['Joe', 'Foster', 'likes', 'to', 'eat', 'pizza']",[ True]
"['Hugh', 'King', 'likes', 'to', 'eat', 'pizza']",[ True]
"['Philip', 'Gray', 'likes', 'to', 'eat', 'pizza']",[ True]
"['Ashley', 'Robertson', 'likes', 'to', 'eat', 'pizza']",[ True]
"['Philip', 'Perry', 'likes', 'to', 'eat', 'pizza']",[ True]
"['Ken', 'Butler', 'likes', 'to', 'eat', 'pizza']",[ True]
"['Charles', 'Harris', 'likes', 'to', 'eat', 'pizza']",[ True]
"['Paul', 'Collins', 'likes', 'to', 'eat', 'pizza']",[ True]
"['Grace', 'Perry', 'likes', 'to', 'eat', 'pizza']",[ True]
"['Elaine', 'Evans', 'likes', 'to', 'eat', 'pizza']",[ True]
"['Frank', 'Carter', 'likes', 'to', 'eat', 'pizza']",[ True]
"['Ann', 'Wilson', 'likes', 'to', 'eat', 'pizza']",[ True]
"['Suzanne', 'Stevens', 'likes', 'to', 'eat', 'pizza']",[ True]
"['Nancy', 'Reed', 'likes', 'to', 'eat', 'pizza']",[ True]
"['Eric', 'Davies', 'likes', 'to', 'eat', 'pizza']",[ True]
"['Emma', 'Stewart', 'likes', 'to', 'eat', 'pizza']",[ True]
"['Lisa', 'Davies', 'likes', 'to', 'eat', 'pizza']",[ True]
"['Jerry', 'Lewis', 'likes', 'to', 'eat', 'pizza']",[ True]
"['Karen', 'Rogers', 'likes', 'to', 'eat', 'pizza']",[ True]
"['Marilyn', 'Reynolds', 'likes', 'to', 'eat', 'pizza']",[ True]
"['Tom', 'Jones', 'likes', 'to', 'eat', 'pizza']",[ True]
"['Andrew', 'Smith', 'likes', 'to', 'eat', 'pizza']",[ True]
"['Diane', 'Collins', 'likes', 'to', 'eat', 'pizza']",[ True]
"['Lisa', 'Baker', 'likes', 'to', 'eat', 'pizza']",[ True]
"['Julie', 'Perry', 'likes', 'to', 'eat', 'pizza']",[ True]
"['Suzanne', 'Howard', 'likes', 'to', 'eat', 'pizza']",[ True]
"['Jerry', 'Ross', 'likes', 'to', 'eat', 'pizza']",[ True]
"['Harold', 'Rose', 'likes', 'to', 'eat', 'pizza']",[ True]
"['Philip', 'Bailey', 'likes', 'to', 'eat', 'pizza']",[ True]
"['Ashley', 'Rogers', 'likes', 'to', 'eat', 'pizza']",[ True]
"['Deborah', 'Graham', 'likes', 'to', 'eat', 'pizza']",[ True]
"['Emily', 'Palmer', 'likes', 'to', 'eat', 'pizza']",[ True]
"['Dick', 'Peterson', 'likes', 'to', 'eat', 'pizza']",[ True]
"['Nicole', 'Robinson', 'likes', 'to', 'eat', 'pizza']",[ True]
"['Sam', 'Wright', 'likes', 'to', 'eat', 'pizza']",[ True]
"['Steve', 'Evans', 'likes', 'to', 'eat', 'pizza']",[ True]
"['Ruth', 'Hart', 'likes', 'to', 'eat', 'pizza']",[ True]
"['Frederick', 'King', 'likes', 'to', 'eat', 'pizza']",[ True]
"['Anne', 'Rose', 'likes', 'to', 'eat', 'pizza']",[ True]
"['Frances', 'Morgan', 'likes', 'to', 'eat', 'pizza']",[ True]
"['Caroline', 'Graham', 'likes', 'to', 'eat', 'pizza']",[ True]
"['Charlotte', 'Russell', 'likes', 'to', 'eat', 'pizza']",[ True]
"['Eric', 'Harrison', 'likes', 'to', 'eat', 'pizza']",[ True]
"['Samuel', 'Cohen', 'likes', 'to', 'eat', 'pizza']",[ True]
"['Ralph', 'Parker', 'likes', 'to', 'eat', 'pizza']",[ True]
"['Nicole', 'Richardson', 'likes', 'to', 'eat', 'pizza']",[ True]
"['Jay', 'Murray', 'likes', 'to', 'eat', 'pizza']",[ True]
"['Harold', 'Alexander', 'likes', 'to', 'eat', 'pizza']",[ True]
"['Kathleen', 'Murray', 'likes', 'to', 'eat', 'pizza']",[ True]
"['Joe', 'Jones', 'likes', 'to', 'eat', 'pizza']",[ True]
"['Fiona', 'Anderson', 'likes', 'to', 'eat', 'pizza']",[ True]
"['Steve', 'Hart', 'likes', 'to', 'eat', 'pizza']",[ True]
"['Simon', 'Kelly', 'likes', 'to', 'eat', 'pizza']",[ True]
"['Grace', 'Kennedy', 'likes', 'to', 'eat', 'pizza']",[ True]
"['Billy', 'Robinson', 'likes', 'to', 'eat', 'pizza']",[ True]
"['Charlotte', 'Phillips', 'likes', 'to', 'eat', 'pizza']",[ True]
"['Robin', 'Kelly', 'likes', 'to', 'eat', 'pizza']",[ True]
"['Kim', 'Jordan', 'likes', 'to', 'eat', 'pizza']",[ True]
"['Hugh', 'Ryan', 'likes', 'to', 'eat', 'pizza']",[ True]
"['Susan', 'Miller', 'likes', 'to', 'eat', 'pizza']",[ True]
"['Thomas', 'Brooks', 'likes', 'to', 'eat', 'pizza']",[ True]
"['Simon', 'Henderson', 'likes', 'to', 'eat', 'pizza']",[ True]
"['Katie', 'Taylor', 'likes', 'to', 'eat', 'pizza']",[ True]
"['Charlotte', 'Shaw', 'likes', 'to', 'eat', 'pizza']",[ True]
"['Jessica', 'Anderson', 'likes', 'to', 'eat', 'pizza']",[ True]
"['Alexandra', 'Johnson', 'likes', 'to', 'eat', 'pizza']",[ True]
"['Charlotte', 'Anderson', 'likes', 'to', 'eat', 'pizza']",[ True]
"['Alfred', 'Evans', 'likes', 'to', 'eat', 'pizza']",[ True]
"['Frederick', 'Clarke', 'likes', 'to', 'eat', 'pizza']",[ True]
"['Albert', 'Henderson', 'likes', 'to', 'eat', 'pizza']",[ True]
"['Frederick', 'Wright', 'likes', 'to', 'eat', 'pizza']",[ True]
"['Ellen', 'Reed', 'likes', 'to', 'eat', 'pizza']",[ True]
"['Mark', 'Roberts', 'likes', 'to', 'eat', 'pizza']",[ True]
"['Judith', 'Jackson', 'likes', 'to', 'eat', 'pizza']",[ True]
"['Philip', 'Bennett', 'likes', 'to', 'eat', 'pizza']",[ True]
"['Jason', 'Rogers', 'likes', 'to', 'eat', 'pizza']",[ True]
"['Ian', 'Ryan', 'likes', 'to', 'eat', 'pizza']",[ True]
"['Charles', 'Watson', 'likes', 'to', 'eat', 'pizza']",[ True]
"['Alice', 'Hughes', 'likes', 'to', 'eat', 'pizza']",[ True]
"['Ray', 'Gordon', 'likes', 'to', 'eat', 'pizza']",[ True]
"['Johnny', 'Mitchell', 'likes', 'to', 'eat', 'pizza']",[ True]
"['Hugh', 'Kelly', 'likes', 'to', 'eat', 'pizza']",[ True]
"['Alison', 'Kennedy', 'likes', 'to', 'eat', 'pizza']",[ True]
"['Ryan', 'Parker', 'likes', 'to', 'eat', 'pizza']",[ True]
"['Julie', 'Hart', 'likes', 'to', 'eat', 'pizza']",[ True]
"['Nicole', 'Parker', 'likes', 'to', 'eat', 'pizza']",[ True]
"['Billy', 'Davis', 'likes', 'to', 'eat', 'pizza']",[ True]
"['Evelyn', 'Kennedy', 'likes', 'to', 'eat', 'pizza']",[ True]
"['Charlie', 'Foster', 'likes', 'to', 'eat', 'pizza']",[ True]
"['Alan', 'Bell', 'likes', 'to', 'eat', 'pizza']",[ True]
"['Jill', 'Richardson', 'likes', 'to', 'eat', 'pizza']",[ True]
"['Suzanne', 'Jordan', 'likes', 'to', 'eat', 'pizza']",[ True]
"['Martin', 'Morgan', 'likes', 'to', 'eat', 'pizza']",[ True]
"['Simon', 'Palmer', 'likes', 'to', 'eat', 'pizza']",[ True]
"['Simon', 'Hall', 'likes', 'to', 'eat', 'pizza']",[ True]
"['John', 'Murray', 'likes', 'to', 'eat', 'pizza']",[ True]
"['Harriet', 'Hamilton', 'likes', 'to', 'eat', 'pizza']",[ True]
"['Diana', 'Murray', 'likes', 'to', 'eat', 'pizza']",[ True]
"['Patricia', 'Parker', 'likes', 'to', 'eat', 'pizza']",[ True]
"['Nancy', 'Stevens', 'likes', 'to', 'eat', 'pizza']",[ True]
"['Larry', 'Lewis', 'likes', 'to', 'eat', 'pizza']",[ True]
"['Kelly', 'Baker', 'likes', 'to', 'eat', 'pizza']",[ True]
"['Charlotte', 'Smith', 'likes', 'to', 'eat', 'pizza']",[ True]
"['Sophie', 'Thomas', 'likes', 'to', 'eat', 'pizza']",[ True]
"['Jean', 'Reynolds', 'likes', 'to', 'eat', 'pizza']",[ True]
"['Jane', 'Stevens', 'likes', 'to', 'eat', 'pizza']",[ True]
"['Ellen', 'Rogers', 'likes', 'to', 'eat', 'pizza']",[ True]
"['Alison', 'Williams', 'likes', 'to', 'eat', 'pizza']",[ True]
"['Stephen', 'Price', 'likes', 'to', 'eat', 'pizza']",[ True]
"['Lucy', 'Anderson', 'likes', 'to', 'eat', 'pizza']",[ True]
"['Kathy', 'Marshall', 'likes', 'to', 'eat', 'pizza']",[ True]
"['Ron', 'Wright', 'likes', 'to', 'eat', 'pizza']",[ True]
"['Hugh', 'Henderson', 'likes', 'to', 'eat', 'pizza']",[ True]
"['Ian', 'Williams', 'likes', 'to', 'eat', 'pizza']",[ True]
"['Donald', 'Wilson', 'likes', 'to', 'eat', 'pizza']",[ True]
"['Lisa', 'Hughes', 'likes', 'to', 'eat', 'pizza']",[ True]
"['Steve', 'Baker', 'likes', 'to', 'eat', 'pizza']",[ True]
"['George', 'Campbell', 'likes', 'to', 'eat', 'pizza']",[ True]
"['Melissa', 'Alexander', 'likes', 'to', 'eat', 'pizza']",[ True]
"['Jonathan', 'Foster', 'likes', 'to', 'eat', 'pizza']",[ True]
"['Joe', 'Scott', 'likes', 'to', 'eat', 'pizza']",[ True]
"['Al', 'Lewis', 'likes', 'to', 'eat', 'pizza']",[ True]
"['Charles', ""O'Brien"", 'likes', 'to', 'eat', 'pizza']",[ True]
"['Lawrence', 'Sullivan', 'likes', 'to', 'eat', 'pizza']",[ True]
"['Scott', 'Brown', 'likes', 'to', 'eat', 'pizza']",[ True]
"['Donald', 'Bell', 'likes', 'to', 'eat', 'pizza']",[ True]
"['Roy', 'Gray', 'likes', 'to', 'eat', 'pizza']",[ True]
"['Helen', 'Green', 'likes', 'to', 'eat', 'pizza']",[ True]
"['Bob', 'Thompson', 'likes', 'to', 'eat', 'pizza']",[ True]
"['Sophie', 'Wilson', 'likes', 'to', 'eat', 'pizza']",[ True]
"['Jill', 'Hill', 'likes', 'to', 'eat', 'pizza']",[ True]
"['Mike', 'Ward', 'likes', 'to', 'eat', 'pizza']",[ True]
"['Anne', 'Hunter', 'likes', 'to', 'eat', 'pizza']",[ True]
"['Martin', 'Stevens', 'likes', 'to', 'eat', 'pizza']",[ True]
"['Mike', 'Jones', 'likes', 'to', 'eat', 'pizza']",[ True]
"['Colin', 'Johnson', 'likes', 'to', 'eat', 'pizza']",[ True]
"['Sue', 'Stevens', 'likes', 'to', 'eat', 'pizza']",[ True]
"['Harriet', 'Perry', 'likes', 'to', 'eat', 'pizza']",[ True]
"['Alan', 'Morris', 'likes', 'to', 'eat', 'pizza']",[ True]
"['Jennifer', 'Gordon', 'likes', 'to', 'eat', 'pizza']",[ True]
"['Anna', 'Walker', 'likes', 'to', 'eat', 'pizza']",[ True]
"['Florence', 'Ward', 'likes', 'to', 'eat', 'pizza']",[ True]
"['Harriet', 'Thomas', 'likes', 'to', 'eat', 'pizza']",[ True]
"['Jay', 'Moore', 'likes', 'to', 'eat', 'pizza']",[ True]
"['Donald', 'Evans', 'likes', 'to', 'eat', 'pizza']",[ True]
"['Rose', 'Davis', 'likes', 'to', 'eat', 'pizza']",[ True]
"['Emily', 'Perry', 'likes', 'to', 'eat', 'pizza']",[ True]
"['Alice', 'Phillips', 'likes', 'to', 'eat', 'pizza']",[ True]
"['Jim', 'King', 'likes', 'to', 'eat', 'pizza']",[ True]
"['Dick', 'Shaw', 'likes', 'to', 'eat', 'pizza']",[ True]
"['Anthony', 'Rogers', 'likes', 'to', 'eat', 'pizza']",[ True]
"['Andrew', 'Young', 'likes', 'to', 'eat', 'pizza']",[ True]
"['Bob', 'Roberts', 'likes', 'to', 'eat', 'pizza']",[ True]
"['Emma', 'Mason', 'likes', 'to', 'eat', 'pizza']",[ True]
"['Fred', 'Turner', 'likes', 'to', 'eat', 'pizza']",[ True]
"['Ashley', 'Murray', 'likes', 'to', 'eat', 'pizza']",[ True]
"['Victoria', 'Wright', 'likes', 'to', 'eat', 'pizza']",[ True]
"['Arthur', 'Morgan', 'likes', 'to', 'eat', 'pizza']",[ True]
"['Rebecca', 'Kennedy', 'likes', 'to', 'eat', 'pizza']",[ True]
"['Ruth', 'Jordan', 'likes', 'to', 'eat', 'pizza']",[ True]
"['Margaret', 'Ford', 'likes', 'to', 'eat', 'pizza']",[ True]
"['Jeff', 'Robertson', 'likes', 'to', 'eat', 'pizza']",[ True]
"['Katie', 'Hunter', 'likes', 'to', 'eat', 'pizza']",[ True]
"['George', 'Palmer', 'likes', 'to', 'eat', 'pizza']",[ True]
"['Ken', 'Mitchell', 'likes', 'to', 'eat', 'pizza']",[ True]
"['George', 'Davies', 'likes', 'to', 'eat', 'pizza']",[ True]
"['Tim', 'Stevens', 'likes', 'to', 'eat', 'pizza']",[ True]
"['Roger', 'Hughes', 'likes', 'to', 'eat', 'pizza']",[ True]
"['Andrew', 'Brooks', 'likes', 'to', 'eat', 'pizza']",[ True]
"['Donna', 'Walker', 'likes', 'to', 'eat', 'pizza']",[ True]
"['Ian', 'Clark', 'likes', 'to', 'eat', 'pizza']",[ True]
"['Harriet', 'Ford', 'likes', 'to', 'eat', 'pizza']",[ True]
"['Scott', 'Russell', 'likes', 'to', 'eat', 'pizza']",[ True]
"['Larry', 'Sullivan', 'likes', 'to', 'eat', 'pizza']",[ True]
"['Ron', 'Crawford', 'likes', 'to', 'eat', 'pizza']",[ True]
"['Martin', 'Harrison', 'likes', 'to', 'eat', 'pizza']",[ True]
"['Judy', 'Ward', 'likes', 'to', 'eat', 'pizza']",[ True]
"['Ray', 'Campbell', 'likes', 'to', 'eat', 'pizza']",[ True]
"['Billy', 'Bailey', 'likes', 'to', 'eat', 'pizza']",[ True]
"['Greg', 'Ford', 'likes', 'to', 'eat', 'pizza']",[ True]
"['Albert', 'Nelson', 'likes', 'to', 'eat', 'pizza']",[ True]
"['Heather', 'Moore', 'likes', 'to', 'eat', 'pizza']",[ True]
"['Roger', 'Hamilton', 'likes', 'to', 'eat', 'pizza']",[ True]
"['Claire', 'Alexander', 'likes', 'to', 'eat', 'pizza']",[ True]
"['Louis', 'Moore', 'likes', 'to', 'eat', 'pizza']",[ True]
"['Bobby', 'Lewis', 'likes', 'to', 'eat', 'pizza']",[ True]
"['Tony', 'Smith', 'likes', 'to', 'eat', 'pizza']",[ True]
"['Albert', 'Thomas', 'likes', 'to', 'eat', 'pizza']",[ True]
"['Alex', 'Williams', 'likes', 'to', 'eat', 'pizza']",[ True]
"['Christopher', 'Mitchell', 'likes', 'to', 'eat', 'pizza']",[ True]
"['Harold', 'Davies', 'likes', 'to', 'eat', 'pizza']",[ True]
"['Kenneth', 'Kelly', 'likes', 'to', 'eat', 'pizza']",[ True]
"['Howard', 'Evans', 'likes', 'to', 'eat', 'pizza']",[ True]
"['Andrea', 'Kelly', 'likes', 'to', 'eat', 'pizza']",[ True]
"['Jill', 'Morgan', 'likes', 'to', 'eat', 'pizza']",[ True]
"['Donna', 'Richardson', 'likes', 'to', 'eat', 'pizza']",[ True]
"['Leslie', 'Davis', 'likes', 'to', 'eat', 'pizza']",[ True]
"['Anna', 'Jackson', 'likes', 'to', 'eat', 'pizza']",[ True]
"['Eric', 'Davies', 'likes', 'to', 'eat', 'pizza']",[ True]
"['Ruth', 'Mitchell', 'likes', 'to', 'eat', 'pizza']",[ True]
"['Marie', 'Graham', 'likes', 'to', 'eat', 'pizza']",[ True]
"['Dick', 'Mitchell', 'likes', 'to', 'eat', 'pizza']",[ True]
"['Alfred', 'Stevens', 'likes', 'to', 'eat', 'pizza']",[ True]
"['Edith', 'Gray', 'likes', 'to', 'eat', 'pizza']",[ True]
"['Keith', 'Lewis', 'likes', 'to', 'eat', 'pizza']",[ True]
"['Billy', 'Murray', 'likes', 'to', 'eat', 'pizza']",[ True]
"['Michael', 'Hill', 'likes', 'to', 'eat', 'pizza']",[ True]
"['Dick', 'Ryan', 'likes', 'to', 'eat', 'pizza']",[ True]
"['Marilyn', 'Ward', 'likes', 'to', 'eat', 'pizza']",[ True]
"['Jay', 'Crawford', 'likes', 'to', 'eat', 'pizza']",[ True]
"['Walter', 'Ford', 'likes', 'to', 'eat', 'pizza']",[ True]
"['John', 'Johnson', 'likes', 'to', 'eat', 'pizza']",[ True]
"['Angela', 'Ross', 'likes', 'to', 'eat', 'pizza']",[ True]
"['Margaret', 'Hamilton', 'likes', 'to', 'eat', 'pizza']",[ True]
"['Jonathan', 'White', 'likes', 'to', 'eat', 'pizza']",[ True]
"['Laura', 'Roberts', 'likes', 'to', 'eat', 'pizza']",[ True]
"['Matt', 'White', 'likes', 'to', 'eat', 'pizza']",[ True]
"['Martha', 'Martin', 'likes', 'to', 'eat', 'pizza']",[ True]
"['Eleanor', 'Murphy', 'likes', 'to', 'eat', 'pizza']",[ True]
"['Don', 'Fisher', 'likes', 'to', 'eat', 'pizza']",[ True]
"['Ed', 'Stewart', 'likes', 'to', 'eat', 'pizza']",[ True]
"['Leslie', 'Russell', 'likes', 'to', 'eat', 'pizza']",[ True]
"['Anne', 'Henderson', 'likes', 'to', 'eat', 'pizza']",[ True]
"['Matt', 'James', 'likes', 'to', 'eat', 'pizza']",[ True]
"['Bob', 'Jordan', 'likes', 'to', 'eat', 'pizza']",[ True]
"['Sue', 'Hughes', 'likes', 'to', 'eat', 'pizza']",[ True]
"['Fiona', 'Roberts', 'likes', 'to', 'eat', 'pizza']",[ True]
"['Jill', 'Rogers', 'likes', 'to', 'eat', 'pizza']",[ True]
"['Victoria', 'Graham', 'likes', 'to', 'eat', 'pizza']",[ True]
"['Ashley', 'Phillips', 'likes', 'to', 'eat', 'pizza']",[ True]
"['Ed', 'Alexander', 'likes', 'to', 'eat', 'pizza']",[ True]
"['Adam', 'Stewart', 'likes', 'to', 'eat', 'pizza']",[ True]
"['Carol', 'Jordan', 'likes', 'to', 'eat', 'pizza']",[ True]
"['Margaret', 'Hunter', 'likes', 'to', 'eat', 'pizza']",[ True]
"['Rebecca', 'Davies', 'likes', 'to', 'eat', 'pizza']",[ True]
"['Kenneth', 'Shaw', 'likes', 'to', 'eat', 'pizza']",[ True]
"['Linda', 'Marshall', 'likes', 'to', 'eat', 'pizza']",[ True]
"['Gary', 'Thompson', 'likes', 'to', 'eat', 'pizza']",[ True]
"['Rachel', 'Crawford', 'likes', 'to', 'eat', 'pizza']",[ True]
"['Angela', ""O'Brien"", 'likes', 'to', 'eat', 'pizza']",[ True]
"['Joan', 'Hart', 'likes', 'to', 'eat', 'pizza']",[ True]
"['Ashley', 'Morgan', 'likes', 'to', 'eat', 'pizza']",[ True]
"['Kelly', 'Harrison', 'likes', 'to', 'eat', 'pizza']",[ True]
"['Katie', ""O'Brien"", 'likes', 'to', 'eat', 'pizza']",[ True]
"['George', 'Kelly', 'likes', 'to', 'eat', 'pizza']",[ True]
"['Michelle', 'Cohen', 'likes', 'to', 'eat', 'pizza']",[ True]
"['Anne', 'Murray', 'likes', 'to', 'eat', 'pizza']",[ True]
"['Patricia', 'Adams', 'likes', 'to', 'eat', 'pizza']",[ True]
"['Larry', 'Edwards', 'likes', 'to', 'eat', 'pizza']",[ True]
"['Jonathan', 'Scott', 'likes', 'to', 'eat', 'pizza']",[ True]
"['Charles', 'Campbell', 'likes', 'to', 'eat', 'pizza']",[ True]
"['Kim', 'Reynolds', 'likes', 'to', 'eat', 'pizza']",[ True]
"['Mike', 'Edwards', 'likes', 'to', 'eat', 'pizza']",[ True]
"['Andrew', 'Shaw', 'likes', 'to', 'eat', 'pizza']",[ True]
"['James', 'Sullivan', 'likes', 'to', 'eat', 'pizza']",[ True]
"['Anthony', 'Jackson', 'likes', 'to', 'eat', 'pizza']",[ True]
"['Deborah', 'Price', 'likes', 'to', 'eat', 'pizza']",[ True]
"['Nicole', 'Peterson', 'likes', 'to', 'eat', 'pizza']",[ True]
"['Patrick', 'Martin', 'likes', 'to', 'eat', 'pizza']",[ True]
"['Tony', 'Jackson', 'likes', 'to', 'eat', 'pizza']",[ True]
"['Joseph', 'Lewis', 'likes', 'to', 'eat', 'pizza']",[ True]
"['Harriet', 'Hall', 'likes', 'to', 'eat', 'pizza']",[ True]
"['Jessica', 'Smith', 'likes', 'to', 'eat', 'pizza']",[ True]
"['Louis', 'Hunter', 'likes', 'to', 'eat', 'pizza']",[ True]
"['Ashley', 'Henderson', 'likes', 'to', 'eat', 'pizza']",[ True]
"['Roy', 'Ford', 'likes', 'to', 'eat', 'pizza']",[ True]
"['Fred', 'Allen', 'likes', 'to', 'eat', 'pizza']",[ True]
"['Dan', 'Bailey', 'likes', 'to', 'eat', 'pizza']",[ True]
"['Louise', 'Hart', 'likes', 'to', 'eat', 'pizza']",[ True]
"['Samuel', 'Hamilton', 'likes', 'to', 'eat', 'pizza']",[ True]
"['Dorothy', 'Moore', 'likes', 'to', 'eat', 'pizza']",[ True]
"['Lynn', 'Collins', 'likes', 'to', 'eat', 'pizza']",[ True]
"['Chris', 'Rogers', 'likes', 'to', 'eat', 'pizza']",[ True]
"['Ellen', 'Harrison', 'likes', 'to', 'eat', 'pizza']",[ True]
"['Amanda', 'Fisher', 'likes', 'to', 'eat', 'pizza']",[ True]
"['Tony', 'Gordon', 'likes', 'to', 'eat', 'pizza']",[ True]
"['Charlotte', 'White', 'likes', 'to', 'eat', 'pizza']",[ True]
"['James', 'Morgan', 'likes', 'to', 'eat', 'pizza']",[ True]
"['Chris', 'Ryan', 'likes', 'to', 'eat', 'pizza']",[ True]
"['Anna', 'Rogers', 'likes', 'to', 'eat', 'pizza']",[ True]
"['Michelle', 'Hall', 'likes', 'to', 'eat', 'pizza']",[ True]
"['Philip', 'Butler', 'likes', 'to', 'eat', 'pizza']",[ True]
"['Harriet', 'Watson', 'likes', 'to', 'eat', 'pizza']",[ True]
"['Louis', 'Ford', 'likes', 'to', 'eat', 'pizza']",[ True]
"['Julia', 'Perry', 'likes', 'to', 'eat', 'pizza']",[ True]
"['Deborah', 'Harris', 'likes', 'to', 'eat', 'pizza']",[ True]
"['Jimmy', 'Robinson', 'likes', 'to', 'eat', 'pizza']",[ True]
"['Diane', 'Hill', 'likes', 'to', 'eat', 'pizza']",[ True]
"['Kathryn', 'Reynolds', 'likes', 'to', 'eat', 'pizza']",[ True]
"['Ray', 'Jones', 'likes', 'to', 'eat', 'pizza']",[ True]
"['Ralph', 'Murphy', 'likes', 'to', 'eat', 'pizza']",[ True]
"['Patricia', 'Jackson', 'likes', 'to', 'eat', 'pizza']",[ True]
"['Louis', 'Ryan', 'likes', 'to', 'eat', 'pizza']",[ True]
"['Bobby', 'Brown', 'likes', 'to', 'eat', 'pizza']",[ True]
"['Carl', 'Baker', 'likes', 'to', 'eat', 'pizza']",[ True]
"['Marie', 'Thompson', 'likes', 'to', 'eat', 'pizza']",[ True]
"['Roger', 'Foster', 'likes', 'to', 'eat', 'pizza']",[ True]
"['Eleanor', 'Murphy', 'likes', 'to', 'eat', 'pizza']",[ True]
"['Jean', 'Brooks', 'likes', 'to', 'eat', 'pizza']",[ True]
"['Kevin', 'Bennett', 'likes', 'to', 'eat', 'pizza']",[ True]
"['Lynn', 'Howard', 'likes', 'to', 'eat', 'pizza']",[ True]
"['Alex', 'Gray', 'likes', 'to', 'eat', 'pizza']",[ True]
"['Charlotte', 'Kennedy', 'likes', 'to', 'eat', 'pizza']",[ True]
"['Nick', 'Williams', 'likes', 'to', 'eat', 'pizza']",[ True]
"['Johnny', 'Hughes', 'likes', 'to', 'eat', 'pizza']",[ True]
"['Charles', 'Harrison', 'likes', 'to', 'eat', 'pizza']",[ True]
"['Jimmy', 'Young', 'likes', 'to', 'eat', 'pizza']",[ True]
"['Lynn', 'Reed', 'likes', 'to', 'eat', 'pizza']",[ True]
"['Fiona', 'Allen', 'likes', 'to', 'eat', 'pizza']",[ True]
"['Joseph', 'Edwards', 'likes', 'to', 'eat', 'pizza']",[ True]
"['Pamela', 'Moore', 'likes', 'to', 'eat', 'pizza']",[ True]
"['Christine', 'Hall', 'likes', 'to', 'eat', 'pizza']",[ True]
"['Jonathan', 'King', 'likes', 'to', 'eat', 'pizza']",[ True]
"['Margaret', 'Alexander', 'likes', 'to', 'eat', 'pizza']",[ True]
"['Julia', 'Thompson', 'likes', 'to', 'eat', 'pizza']",[ True]
"['Andrew', 'Rogers', 'likes', 'to', 'eat', 'pizza']",[ True]
"['Harriet', 'Moore', 'likes', 'to', 'eat', 'pizza']",[ True]
"['Melissa', 'Ford', 'likes', 'to', 'eat', 'pizza']",[ True]
"['Alice', 'Hart', 'likes', 'to', 'eat', 'pizza']",[ True]
"['Florence', 'Davis', 'likes', 'to', 'eat', 'pizza']",[ True]
"['Ashley', 'Alexander', 'likes', 'to', 'eat', 'pizza']",[ True]
"['Ann', 'Jones', 'likes', 'to', 'eat', 'pizza']",[ True]
"['Frederick', 'Watson', 'likes', 'to', 'eat', 'pizza']",[ True]
"['Judith', 'Taylor', 'likes', 'to', 'eat', 'pizza']",[ True]
"['Don', 'Graham', 'likes', 'to', 'eat', 'pizza']",[ True]
"['Nick', 'Morgan', 'likes', 'to', 'eat', 'pizza']",[ True]
"['Kathy', 'Allen', 'likes', 'to', 'eat', 'pizza']",[ True]
"['Albert', 'Reed', 'likes', 'to', 'eat', 'pizza']",[ True]
"['Eleanor', 'Stone', 'likes', 'to', 'eat', 'pizza']",[ True]
"['Sara', 'Ryan', 'likes', 'to', 'eat', 'pizza']",[ True]
"['Evelyn', 'Murray', 'likes', 'to', 'eat', 'pizza']",[ True]
"['Cynthia', 'Stone', 'likes', 'to', 'eat', 'pizza']",[ True]
"['Rachel', ""O'Brien"", 'likes', 'to', 'eat', 'pizza']",[ True]
"['Alice', 'Adams', 'likes', 'to', 'eat', 'pizza']",[ True]
"['Ron', 'Wright', 'likes', 'to', 'eat', 'pizza']",[ True]
"['George', 'Allen', 'likes', 'to', 'eat', 'pizza']",[ True]
"['Francis', 'Evans', 'likes', 'to', 'eat', 'pizza']",[ True]
"['Ed', 'Ward', 'likes', 'to', 'eat', 'pizza']",[ True]
"['Kelly', 'Morgan', 'likes', 'to', 'eat', 'pizza']",[ True]
"['Arthur', 'Wright', 'likes', 'to', 'eat', 'pizza']",[ True]
"['Jill', 'Kennedy', 'likes', 'to', 'eat', 'pizza']",[ True]
"['Francis', 'Bell', 'likes', 'to', 'eat', 'pizza']",[ True]
"['Paul', 'Anderson', 'likes', 'to', 'eat', 'pizza']",[ True]
"['Alison', 'Price', 'likes', 'to', 'eat', 'pizza']",[ True]
"['Dave', 'Robertson', 'likes', 'to', 'eat', 'pizza']",[ True]
"['Suzanne', 'Palmer', 'likes', 'to', 'eat', 'pizza']",[ True]
"['Frederick', 'Baker', 'likes', 'to', 'eat', 'pizza']",[ True]
"['Jimmy', 'Morris', 'likes', 'to', 'eat', 'pizza']",[ True]
"['Fred', 'Crawford', 'likes', 'to', 'eat', 'pizza']",[ True]
"['Jonathan', 'Kennedy', 'likes', 'to', 'eat', 'pizza']",[ True]
"['Julie', 'Taylor', 'likes', 'to', 'eat', 'pizza']",[ True]
"['Jill', 'Butler', 'likes', 'to', 'eat', 'pizza']",[ True]
"['Mark', 'Anderson', 'likes', 'to', 'eat', 'pizza']",[ True]
"['Linda', 'Kennedy', 'likes', 'to', 'eat', 'pizza']",[ True]
"['Albert', 'Hughes', 'likes', 'to', 'eat', 'pizza']",[ True]
"['Donna', 'Hunter', 'likes', 'to', 'eat', 'pizza']",[ True]
"['Annie', 'Miller', 'likes', 'to', 'eat', 'pizza']",[ True]
"['Laura', 'Robinson', 'likes', 'to', 'eat', 'pizza']",[ True]
"['Rachel', 'Kelly', 'likes', 'to', 'eat', 'pizza']",[ True]
"['Margaret', 'James', 'likes', 'to', 'eat', 'pizza']",[ True]
"['Kenneth', 'Nelson', 'likes', 'to', 'eat', 'pizza']",[ True]
"['Barbara', 'Davies', 'likes', 'to', 'eat', 'pizza']",[ True]
"['Ian', 'Graham', 'likes', 'to', 'eat', 'pizza']",[ True]
"['Andrea', 'Reynolds', 'likes', 'to', 'eat', 'pizza']",[ True]
"['Jason', 'Nelson', 'likes', 'to', 'eat', 'pizza']",[ True]
"['Janet', 'Anderson', 'likes', 'to', 'eat', 'pizza']",[ True]
"['Edward', 'Stevens', 'likes', 'to', 'eat', 'pizza']",[ True]
"['Kathleen', 'Robertson', 'likes', 'to', 'eat', 'pizza']",[ True]
"['Roy', 'Miller', 'likes', 'to', 'eat', 'pizza']",[ True]
"['Betty', 'Robinson', 'likes', 'to', 'eat', 'pizza']",[ True]
"['Kathy', 'Marshall', 'likes', 'to', 'eat', 'pizza']",[ True]
"['Greg', 'Thompson', 'likes', 'to', 'eat', 'pizza']",[ True]
"['Sam', 'Kennedy', 'likes', 'to', 'eat', 'pizza']",[ True]
"['Andrew', 'Brooks', 'likes', 'to', 'eat', 'pizza']",[ True]
"['Pamela', 'Bennett', 'likes', 'to', 'eat', 'pizza']",[ True]
"['Michelle', 'Brown', 'likes', 'to', 'eat', 'pizza']",[ True]
"['Catherine', 'Thomas', 'likes', 'to', 'eat', 'pizza']",[ True]
"['Alfred', 'Jackson', 'likes', 'to', 'eat', 'pizza']",[ True]
"['Edwin', 'Crawford', 'likes', 'to', 'eat', 'pizza']",[ True]
"['Sam', 'Anderson', 'likes', 'to', 'eat', 'pizza']",[ True]
"['Bob', 'Henderson', 'likes', 'to', 'eat', 'pizza']",[ True]
"['Jim', 'Allen', 'likes', 'to', 'eat', 'pizza']",[ True]
"['Marilyn', 'Kennedy', 'likes', 'to', 'eat', 'pizza']",[ True]
"['Donna', 'Murphy', 'likes', 'to', 'eat', 'pizza']",[ True]
"['Don', 'Ross', 'likes', 'to', 'eat', 'pizza']",[ True]
"['Carolyn', 'Rogers', 'likes', 'to', 'eat', 'pizza']",[ True]
"['Wendy', 'Lewis', 'likes', 'to', 'eat', 'pizza']",[ True]
"['Steven', 'Hill', 'likes', 'to', 'eat', 'pizza']",[ True]
"['Dorothy', 'Young', 'likes', 'to', 'eat', 'pizza']",[ True]
"['Joseph', 'Phillips', 'likes', 'to', 'eat', 'pizza']",[ True]
"['Mary', 'Wilson', 'likes', 'to', 'eat', 'pizza']",[ True]
"['Jimmy', 'Russell', 'likes', 'to', 'eat', 'pizza']",[ True]
"['Angela', 'Ryan', 'likes', 'to', 'eat', 'pizza']",[ True]
"['Simon', 'Price', 'likes', 'to', 'eat', 'pizza']",[ True]
"['Donna', 'Miller', 'likes', 'to', 'eat', 'pizza']",[ True]
"['David', 'Rose', 'likes', 'to', 'eat', 'pizza']",[ True]
"['Howard', 'Davis', 'likes', 'to', 'eat', 'pizza']",[ True]
"['Dan', 'Roberts', 'likes', 'to', 'eat', 'pizza']",[ True]
"['Sharon', 'Jordan', 'likes', 'to', 'eat', 'pizza']",[ True]
"['Philip', ""O'Brien"", 'likes', 'to', 'eat', 'pizza']",[ True]
"['Emma', 'Anderson', 'likes', 'to', 'eat', 'pizza']",[ True]
"['Mike', 'Ford', 'likes', 'to', 'eat', 'pizza']",[ True]
"['Katherine', 'Stone', 'likes', 'to', 'eat', 'pizza']",[ True]
"['Robert', 'Graham', 'likes', 'to', 'eat', 'pizza']",[ True]
"['Fred', 'Clark', 'likes', 'to', 'eat', 'pizza']",[ True]
"['Lisa', 'Campbell', 'likes', 'to', 'eat', 'pizza']",[ True]
"['Frederick', 'Scott', 'likes', 'to', 'eat', 'pizza']",[ True]
"['Al', 'Carter', 'likes', 'to', 'eat', 'pizza']",[ True]
"['Ed', 'Shaw', 'likes', 'to', 'eat', 'pizza']",[ True]
"['Adam', 'Rose', 'likes', 'to', 'eat', 'pizza']",[ True]
"['Deborah', 'Robinson', 'likes', 'to', 'eat', 'pizza']",[ True]
"['Emma', ""O'Brien"", 'likes', 'to', 'eat', 'pizza']",[ True]
"['Katie', 'Thomas', 'likes', 'to', 'eat', 'pizza']",[ True]
"['Francis', 'Parker', 'likes', 'to', 'eat', 'pizza']",[ True]
"['Lauren', 'Wright', 'likes', 'to', 'eat', 'pizza']",[ True]
"['Tom', 'Thompson', 'likes', 'to', 'eat', 'pizza']",[ True]
"['Nicole', 'Cooper', 'likes', 'to', 'eat', 'pizza']",[ True]
"['Roy', 'Hill', 'likes', 'to', 'eat', 'pizza']",[ True]
"['Judith', 'Hamilton', 'likes', 'to', 'eat', 'pizza']",[ True]
"['Katie', 'Parker', 'likes', 'to', 'eat', 'pizza']",[ True]
"['Marilyn', 'Davies', 'likes', 'to', 'eat', 'pizza']",[ True]
"['Rachel', 'Brown', 'likes', 'to', 'eat', 'pizza']",[ True]
"['Tom', 'Adams', 'likes', 'to', 'eat', 'pizza']",[ True]
"['Peter', 'Cohen', 'likes', 'to', 'eat', 'pizza']",[ True]
"['Michelle', 'Baker', 'likes', 'to', 'eat', 'pizza']",[ True]
"['Kathryn', 'Stone', 'likes', 'to', 'eat', 'pizza']",[ True]
"['Victoria', 'Rose', 'likes', 'to', 'eat', 'pizza']",[ True]
"['Sophie', 'Smith', 'likes', 'to', 'eat', 'pizza']",[ True]
"['Emma', 'Fisher', 'likes', 'to', 'eat', 'pizza']",[ True]
"['Kenneth', 'White', 'likes', 'to', 'eat', 'pizza']",[ True]
"['Harry', 'Kennedy', 'likes', 'to', 'eat', 'pizza']",[ True]
"['Anthony', 'Gray', 'likes', 'to', 'eat', 'pizza']",[ True]
"['Richard', 'Cooper', 'likes', 'to', 'eat', 'pizza']",[ True]
"['Ken', 'Jackson', 'likes', 'to', 'eat', 'pizza']",[ True]
"['Edith', 'Thompson', 'likes', 'to', 'eat', 'pizza']",[ True]
"['Nancy', 'Phillips', 'likes', 'to', 'eat', 'pizza']",[ True]
"['Ray', 'King', 'likes', 'to', 'eat', 'pizza']",[ True]
"['Joe', 'Marshall', 'likes', 'to', 'eat', 'pizza']",[ True]
"['Jimmy', 'Marshall', 'likes', 'to', 'eat', 'pizza']",[ True]
"['Carl', 'Baker', 'likes', 'to', 'eat', 'pizza']",[ True]
"['Caroline', 'Howard', 'likes', 'to', 'eat', 'pizza']",[ True]
"['Julia', 'Edwards', 'likes', 'to', 'eat', 'pizza']",[ True]
"['Edith', 'Murphy', 'likes', 'to', 'eat', 'pizza']",[ True]
"['Roy', 'Wilson', 'likes', 'to', 'eat', 'pizza']",[ True]
"['Tom', 'Wilson', 'likes', 'to', 'eat', 'pizza']",[ True]
"['Patricia', 'King', 'likes', 'to', 'eat', 'pizza']",[ True]
"['Sally', 'Reynolds', 'likes', 'to', 'eat', 'pizza']",[ True]
"['James', 'Taylor', 'likes', 'to', 'eat', 'pizza']",[ True]
"['Alison', 'Bailey', 'likes', 'to', 'eat', 'pizza']",[ True]
"['Sophie', 'Price', 'likes', 'to', 'eat', 'pizza']",[ True]
"['Barbara', 'Peterson', 'likes', 'to', 'eat', 'pizza']",[ True]
"['Charlie', 'Hart', 'likes', 'to', 'eat', 'pizza']",[ True]
"['John', 'Murphy', 'likes', 'to', 'eat', 'pizza']",[ True]
"['James', 'Turner', 'likes', 'to', 'eat', 'pizza']",[ True]
"['Alice', 'Ford', 'likes', 'to', 'eat', 'pizza']",[ True]
"['Patrick', 'Robertson', 'likes', 'to', 'eat', 'pizza']",[ True]
"['Alice', 'Harrison', 'likes', 'to', 'eat', 'pizza']",[ True]
"['Kathy', 'Hart', 'likes', 'to', 'eat', 'pizza']",[ True]
"['Cynthia', 'Moore', 'likes', 'to', 'eat', 'pizza']",[ True]
"['Alexandra', 'Sullivan', 'likes', 'to', 'eat', 'pizza']",[ True]
"['Janet', 'Stevens', 'likes', 'to', 'eat', 'pizza']",[ True]
"['Katherine', 'Hunter', 'likes', 'to', 'eat', 'pizza']",[ True]
"['Kathleen', 'Phillips', 'likes', 'to', 'eat', 'pizza']",[ True]
"['Benjamin', 'Robertson', 'likes', 'to', 'eat', 'pizza']",[ True]
"['Dave', 'Collins', 'likes', 'to', 'eat', 'pizza']",[ True]
"['Edith', 'Watson', 'likes', 'to', 'eat', 'pizza']",[ True]
"['Nicole', 'Evans', 'likes', 'to', 'eat', 'pizza']",[ True]
"['Lauren', 'Stevens', 'likes', 'to', 'eat', 'pizza']",[ True]
"['Caroline', 'Collins', 'likes', 'to', 'eat', 'pizza']",[ True]
"['Jessica', 'Williams', 'likes', 'to', 'eat', 'pizza']",[ True]
"['Katie', 'Taylor', 'likes', 'to', 'eat', 'pizza']",[ True]
"['Robert', 'Davies', 'likes', 'to', 'eat', 'pizza']",[ True]
"['Frances', 'Collins', 'likes', 'to', 'eat', 'pizza']",[ True]
"['Ellen', 'Palmer', 'likes', 'to', 'eat', 'pizza']",[ True]
"['Jimmy', 'Edwards', 'likes', 'to', 'eat', 'pizza']",[ True]
"['Virginia', 'Coleman', 'likes', 'to', 'eat', 'pizza']",[ True]
"['Jean', 'Smith', 'likes', 'to', 'eat', 'pizza']",[ True]
"['Billy', 'Mitchell', 'likes', 'to', 'eat', 'pizza']",[ True]
"['Frances', 'Bell', 'likes', 'to', 'eat', 'pizza']",[ True]
"['Lynn', 'King', 'likes', 'to', 'eat', 'pizza']",[ True]
"['Sophie', 'Gordon', 'likes', 'to', 'eat', 'pizza']",[ True]
"['Don', 'Ford', 'likes', 'to', 'eat', 'pizza']",[ True]
"['Joe', 'Alexander', 'likes', 'to', 'eat', 'pizza']",[ True]
"['Charlie', 'Hill', 'likes', 'to', 'eat', 'pizza']",[ True]
"['Betty', ""O'Brien"", 'likes', 'to', 'eat', 'pizza']",[ True]
"['Daniel', 'Clark', 'likes', 'to', 'eat', 'pizza']",[ True]
"['Carolyn', 'Jordan', 'likes', 'to', 'eat', 'pizza']",[ True]
"['Patricia', 'King', 'likes', 'to', 'eat', 'pizza']",[ True]
"['Jill', 'Taylor', 'likes', 'to', 'eat', 'pizza']",[ True]
"['Emma', 'Jackson', 'likes', 'to', 'eat', 'pizza']",[ True]
"['Francis', 'Perry', 'likes', 'to', 'eat', 'pizza']",[ True]
"['Caroline', 'Robertson', 'likes', 'to', 'eat', 'pizza']",[ True]
"['George', 'Wood', 'likes', 'to', 'eat', 'pizza']",[ True]
"['Howard', 'Walker', 'likes', 'to', 'eat', 'pizza']",[ True]
"['Andrew', 'Ward', 'likes', 'to', 'eat', 'pizza']",[ True]
"['Larry', 'Crawford', 'likes', 'to', 'eat', 'pizza']",[ True]
"['Simon', 'Wright', 'likes', 'to', 'eat', 'pizza']",[ True]
"['Christine', 'Thomas', 'likes', 'to', 'eat', 'pizza']",[ True]
"['Suzanne', 'Stone', 'likes', 'to', 'eat', 'pizza']",[ True]
"['Sally', 'Brooks', 'likes', 'to', 'eat', 'pizza']",[ True]
"['Joe', 'Jordan', 'likes', 'to', 'eat', 'pizza']",[ True]
"['Kim', 'Davies', 'likes', 'to', 'eat', 'pizza']",[ True]
"['Scott', 'Rogers', 'likes', 'to', 'eat', 'pizza']",[ True]
"['Walter', 'Turner', 'likes', 'to', 'eat', 'pizza']",[ True]
"['Louise', 'Butler', 'likes', 'to', 'eat', 'pizza']",[ True]
"['Eric', 'Bennett', 'likes', 'to', 'eat', 'pizza']",[ True]
"['Judy', 'Miller', 'likes', 'to', 'eat', 'pizza']",[ True]
"['Peter', 'Evans', 'likes', 'to', 'eat', 'pizza']",[ True]
"['Angela', 'Lewis', 'likes', 'to', 'eat', 'pizza']",[ True]
"['Cynthia', 'Stewart', 'likes', 'to', 'eat', 'pizza']",[ True]
"['Billy', 'Miller', 'likes', 'to', 'eat', 'pizza']",[ True]
"['Daniel', 'Rose', 'likes', 'to', 'eat', 'pizza']",[ True]
"['Louise', 'Mason', 'likes', 'to', 'eat', 'pizza']",[ True]
"['Rebecca', 'Davis', 'likes', 'to', 'eat', 'pizza']",[ True]
