"['Someone', 'killed', 'James', 'Bennett', 'and', 'left', '.']",[ True]
"['Someone', 'killed', 'Louis', 'Brooks', 'and', 'left', '.']",[ True]
"['Someone', 'killed', 'Colin', 'Howard', 'and', 'left', '.']",[ True]
"['Someone', 'killed', 'Fiona', 'Thomas', 'and', 'left', '.']",[ True]
"['Someone', 'killed', 'Jane', 'Watson', 'and', 'left', '.']",[ True]
"['Someone', 'killed', 'Evelyn', 'Bailey', 'and', 'left', '.']",[ True]
"['Someone', 'killed', 'Katherine', 'Ward', 'and', 'left', '.']",[ True]
"['Someone', 'killed', 'Cynthia', 'Allen', 'and', 'left', '.']",[ True]
"['Someone', 'killed', 'James', 'Kennedy', 'and', 'left', '.']",[ True]
"['Someone', 'killed', 'Catherine', 'Young', 'and', 'left', '.']",[ True]
"['Someone', 'killed', 'Mary', 'Jordan', 'and', 'left', '.']",[ True]
"['Someone', 'killed', 'Bill', 'Kennedy', 'and', 'left', '.']",[ True]
"['Someone', 'killed', 'Ruth', 'Martin', 'and', 'left', '.']",[ True]
"['Someone', 'killed', 'Alex', 'Jones', 'and', 'left', '.']",[ True]
"['Someone', 'killed', 'Dave', 'Gray', 'and', 'left', '.']",[ True]
"['Someone', 'killed', 'Claire', 'Kennedy', 'and', 'left', '.']",[ True]
"['Someone', 'killed', 'Virginia', 'Walker', 'and', 'left', '.']",[ True]
"['Someone', 'killed', 'Catherine', 'Harrison', 'and', 'left', '.']",[ True]
"['Someone', 'killed', 'Hugh', 'Hall', 'and', 'left', '.']",[ True]
"['Someone', 'killed', 'Greg', 'Clark', 'and', 'left', '.']",[ True]
"['Someone', 'killed', 'Benjamin', 'Murphy', 'and', 'left', '.']",[ True]
"['Someone', 'killed', 'Rebecca', 'Clarke', 'and', 'left', '.']",[ True]
"['Someone', 'killed', 'Gary', 'Roberts', 'and', 'left', '.']",[ True]
"['Someone', 'killed', 'Christopher', 'King', 'and', 'left', '.']",[ True]
"['Someone', 'killed', 'Lisa', 'Baker', 'and', 'left', '.']",[ True]
"['Someone', 'killed', 'Anna', 'Murray', 'and', 'left', '.']",[ True]
"['Someone', 'killed', 'Patrick', 'Parker', 'and', 'left', '.']",[ True]
"['Someone', 'killed', 'Amy', 'Brown', 'and', 'left', '.']",[ True]
"['Someone', 'killed', 'Brian', 'Davis', 'and', 'left', '.']",[ True]
"['Someone', 'killed', 'Mary', 'Allen', 'and', 'left', '.']",[ True]
"['Someone', 'killed', 'Heather', 'Sullivan', 'and', 'left', '.']",[ True]
"['Someone', 'killed', 'John', 'Johnson', 'and', 'left', '.']",[ True]
"['Someone', 'killed', 'Cynthia', 'Bennett', 'and', 'left', '.']",[ True]
"['Someone', 'killed', 'Hugh', 'Davies', 'and', 'left', '.']",[ True]
"['Someone', 'killed', 'Peter', 'Henderson', 'and', 'left', '.']",[ True]
"['Someone', 'killed', 'Harry', 'Fisher', 'and', 'left', '.']",[ True]
"['Someone', 'killed', 'Al', 'Brooks', 'and', 'left', '.']",[ True]
"['Someone', 'killed', 'Ray', 'Baker', 'and', 'left', '.']",[ True]
"['Someone', 'killed', 'Simon', 'Davis', 'and', 'left', '.']",[ True]
"['Someone', 'killed', 'Steve', 'Crawford', 'and', 'left', '.']",[ True]
"['Someone', 'killed', 'Marilyn', 'Hamilton', 'and', 'left', '.']",[ True]
"['Someone', 'killed', 'Jack', 'Bell', 'and', 'left', '.']",[ True]
"['Someone', 'killed', 'Linda', 'Collins', 'and', 'left', '.']",[ True]
"['Someone', 'killed', 'Grace', 'Robertson', 'and', 'left', '.']",[ True]
"['Someone', 'killed', 'Charles', 'Smith', 'and', 'left', '.']",[ True]
"['Someone', 'killed', 'Kathryn', 'Wright', 'and', 'left', '.']",[ True]
"['Someone', 'killed', 'Frederick', 'Price', 'and', 'left', '.']",[ True]
"['Someone', 'killed', 'Thomas', 'Green', 'and', 'left', '.']",[ True]
"['Someone', 'killed', 'Dave', 'Jackson', 'and', 'left', '.']",[ True]
"['Someone', 'killed', 'Mark', 'Robinson', 'and', 'left', '.']",[ True]
"['Someone', 'killed', 'Donna', 'Ross', 'and', 'left', '.']",[ True]
"['Someone', 'killed', 'Dorothy', 'Wright', 'and', 'left', '.']",[ True]
"['Someone', 'killed', 'Joan', 'Young', 'and', 'left', '.']",[ True]
"['Someone', 'killed', 'Jerry', 'Smith', 'and', 'left', '.']",[ True]
"['Someone', 'killed', 'Benjamin', 'Anderson', 'and', 'left', '.']",[ True]
"['Someone', 'killed', 'Donna', 'Ford', 'and', 'left', '.']",[ True]
"['Someone', 'killed', 'Laura', 'Foster', 'and', 'left', '.']",[ True]
"['Someone', 'killed', 'Martin', 'Walker', 'and', 'left', '.']",[ True]
"['Someone', 'killed', 'Roger', 'Morris', 'and', 'left', '.']",[ True]
"['Someone', 'killed', 'Julie', 'Gordon', 'and', 'left', '.']",[ True]
"['Someone', 'killed', 'Martha', 'Hughes', 'and', 'left', '.']",[ True]
"['Someone', 'killed', 'Margaret', 'Jordan', 'and', 'left', '.']",[ True]
"['Someone', 'killed', 'David', 'Smith', 'and', 'left', '.']",[ True]
"['Someone', 'killed', 'Christine', 'Miller', 'and', 'left', '.']",[ True]
"['Someone', 'killed', 'Jason', 'Cook', 'and', 'left', '.']",[ True]
"['Someone', 'killed', 'Alice', 'Martin', 'and', 'left', '.']",[ True]
"['Someone', 'killed', 'Anna', 'Stevens', 'and', 'left', '.']",[ True]
"['Someone', 'killed', 'Emma', 'Ford', 'and', 'left', '.']",[ True]
"['Someone', 'killed', 'Daniel', 'Morris', 'and', 'left', '.']",[ True]
"['Someone', 'killed', 'Edwin', 'Russell', 'and', 'left', '.']",[ True]
"['Someone', 'killed', 'Karen', 'White', 'and', 'left', '.']",[ True]
"['Someone', 'killed', 'Donna', 'Murphy', 'and', 'left', '.']",[ True]
"['Someone', 'killed', 'Adam', 'Cook', 'and', 'left', '.']",[ True]
"['Someone', 'killed', 'Tom', 'Russell', 'and', 'left', '.']",[ True]
"['Someone', 'killed', 'Alfred', 'Collins', 'and', 'left', '.']",[ True]
"['Someone', 'killed', 'Daniel', 'Wilson', 'and', 'left', '.']",[ True]
"['Someone', 'killed', 'Katherine', 'Hill', 'and', 'left', '.']",[ True]
"['Someone', 'killed', 'Stephen', 'Cook', 'and', 'left', '.']",[ True]
"['Someone', 'killed', 'Harry', 'Young', 'and', 'left', '.']",[ True]
"['Someone', 'killed', 'Diana', 'Cohen', 'and', 'left', '.']",[ True]
"['Someone', 'killed', 'Samuel', 'Crawford', 'and', 'left', '.']",[ True]
"['Someone', 'killed', 'Edith', 'Mason', 'and', 'left', '.']",[ True]
"['Someone', 'killed', 'Sara', 'Russell', 'and', 'left', '.']",[ True]
"['Someone', 'killed', 'Florence', 'Robinson', 'and', 'left', '.']",[ True]
"['Someone', 'killed', 'Ruth', 'Russell', 'and', 'left', '.']",[ True]
"['Someone', 'killed', 'Andrea', 'Watson', 'and', 'left', '.']",[ True]
"['Someone', 'killed', 'Andrea', 'Palmer', 'and', 'left', '.']",[ True]
"['Someone', 'killed', 'Harry', 'Kelly', 'and', 'left', '.']",[ True]
"['Someone', 'killed', 'Walter', 'Young', 'and', 'left', '.']",[ True]
"['Someone', 'killed', 'Wendy', 'Campbell', 'and', 'left', '.']",[ True]
"['Someone', 'killed', 'Samuel', 'Graham', 'and', 'left', '.']",[ True]
"['Someone', 'killed', 'Patricia', 'Coleman', 'and', 'left', '.']",[ True]
"['Someone', 'killed', 'Samuel', 'Shaw', 'and', 'left', '.']",[ True]
"['Someone', 'killed', 'Amy', 'Robertson', 'and', 'left', '.']",[ True]
"['Someone', 'killed', 'Deborah', 'Hamilton', 'and', 'left', '.']",[ True]
"['Someone', 'killed', 'Alan', 'James', 'and', 'left', '.']",[ True]
"['Someone', 'killed', 'Roy', 'Harrison', 'and', 'left', '.']",[ True]
"['Someone', 'killed', 'Billy', 'Wright', 'and', 'left', '.']",[ True]
"['Someone', 'killed', 'Jim', 'Hamilton', 'and', 'left', '.']",[ True]
"['Someone', 'killed', 'Frances', 'Stone', 'and', 'left', '.']",[ True]
"['Someone', 'killed', 'Sarah', 'Bennett', 'and', 'left', '.']",[ True]
"['Someone', 'killed', 'Pamela', 'Baker', 'and', 'left', '.']",[ True]
"['Someone', 'killed', 'Jennifer', 'Moore', 'and', 'left', '.']",[ True]
"['Someone', 'killed', 'Samuel', 'King', 'and', 'left', '.']",[ True]
"['Someone', 'killed', 'Ashley', 'Smith', 'and', 'left', '.']",[ True]
"['Someone', 'killed', 'Evelyn', 'Jordan', 'and', 'left', '.']",[ True]
"['Someone', 'killed', 'Jeff', 'Cohen', 'and', 'left', '.']",[ True]
"['Someone', 'killed', 'Richard', 'Price', 'and', 'left', '.']",[ True]
"['Someone', 'killed', 'Marie', 'Miller', 'and', 'left', '.']",[ True]
"['Someone', 'killed', 'Sam', 'Mason', 'and', 'left', '.']",[ True]
"['Someone', 'killed', 'Joan', 'Crawford', 'and', 'left', '.']",[ True]
"['Someone', 'killed', 'Arthur', 'Thomas', 'and', 'left', '.']",[ True]
"['Someone', 'killed', 'Deborah', 'Stone', 'and', 'left', '.']",[ True]
"['Someone', 'killed', 'Arthur', 'Harrison', 'and', 'left', '.']",[ True]
"['Someone', 'killed', 'Larry', 'Brown', 'and', 'left', '.']",[ True]
"['Someone', 'killed', 'Sophie', 'Bell', 'and', 'left', '.']",[ True]
"['Someone', 'killed', 'Judith', 'Reed', 'and', 'left', '.']",[ True]
"['Someone', 'killed', 'Anne', 'Hall', 'and', 'left', '.']",[ True]
"['Someone', 'killed', 'Tom', 'Graham', 'and', 'left', '.']",[ True]
"['Someone', 'killed', 'Fiona', 'Jordan', 'and', 'left', '.']",[ True]
"['Someone', 'killed', 'Maria', 'Bell', 'and', 'left', '.']",[ True]
"['Someone', 'killed', 'Ann', 'Martin', 'and', 'left', '.']",[ True]
"['Someone', 'killed', 'Michelle', 'Russell', 'and', 'left', '.']",[ True]
"['Someone', 'killed', 'Donna', 'Adams', 'and', 'left', '.']",[ True]
"['Someone', 'killed', 'Gary', 'Baker', 'and', 'left', '.']",[ True]
"['Someone', 'killed', 'Harry', 'Butler', 'and', 'left', '.']",[ True]
"['Someone', 'killed', 'Virginia', 'Stone', 'and', 'left', '.']",[ True]
"['Someone', 'killed', 'Scott', 'Graham', 'and', 'left', '.']",[ True]
"['Someone', 'killed', 'Jay', 'Baker', 'and', 'left', '.']",[ True]
"['Someone', 'killed', 'Jack', 'Harrison', 'and', 'left', '.']",[ True]
"['Someone', 'killed', 'Jeff', 'Watson', 'and', 'left', '.']",[ True]
"['Someone', 'killed', 'Tony', 'Scott', 'and', 'left', '.']",[ True]
"['Someone', 'killed', 'Hugh', 'Edwards', 'and', 'left', '.']",[ True]
"['Someone', 'killed', 'Alan', 'Jones', 'and', 'left', '.']",[ True]
"['Someone', 'killed', 'Louise', 'Young', 'and', 'left', '.']",[ True]
"['Someone', 'killed', 'Jerry', 'Perry', 'and', 'left', '.']",[ True]
"['Someone', 'killed', 'Kelly', 'Kennedy', 'and', 'left', '.']",[ True]
"['Someone', 'killed', 'Anna', 'Martin', 'and', 'left', '.']",[ True]
"['Someone', 'killed', 'Nancy', 'Baker', 'and', 'left', '.']",[ True]
"['Someone', 'killed', 'Steve', 'Bennett', 'and', 'left', '.']",[ True]
"['Someone', 'killed', 'Stephen', 'Young', 'and', 'left', '.']",[ True]
"['Someone', 'killed', 'Harriet', 'Marshall', 'and', 'left', '.']",[ True]
"['Someone', 'killed', 'Diane', 'Jackson', 'and', 'left', '.']",[ True]
"['Someone', 'killed', 'John', 'Green', 'and', 'left', '.']",[ True]
"['Someone', 'killed', 'Jill', 'Robinson', 'and', 'left', '.']",[ True]
"['Someone', 'killed', 'Robin', 'Smith', 'and', 'left', '.']",[ True]
"['Someone', 'killed', 'Alex', 'Price', 'and', 'left', '.']",[ True]
"['Someone', 'killed', 'Evelyn', 'Rose', 'and', 'left', '.']",[False]
"['Someone', 'killed', 'Jason', 'Hughes', 'and', 'left', '.']",[ True]
"['Someone', 'killed', 'Ed', 'Mason', 'and', 'left', '.']",[ True]
"['Someone', 'killed', 'Rachel', 'Hill', 'and', 'left', '.']",[ True]
"['Someone', 'killed', 'Victoria', 'Kelly', 'and', 'left', '.']",[ True]
"['Someone', 'killed', 'Anthony', 'Russell', 'and', 'left', '.']",[ True]
"['Someone', 'killed', 'Melissa', 'Bell', 'and', 'left', '.']",[ True]
"['Someone', 'killed', 'Ray', 'Allen', 'and', 'left', '.']",[ True]
"['Someone', 'killed', 'Edward', 'Butler', 'and', 'left', '.']",[ True]
"['Someone', 'killed', 'Emma', 'Stevens', 'and', 'left', '.']",[ True]
"['Someone', 'killed', 'Colin', 'Reynolds', 'and', 'left', '.']",[ True]
"['Someone', 'killed', 'Kate', 'Jackson', 'and', 'left', '.']",[ True]
"['Someone', 'killed', 'Katie', 'Mitchell', 'and', 'left', '.']",[ True]
"['Someone', 'killed', 'Carl', 'Anderson', 'and', 'left', '.']",[ True]
"['Someone', 'killed', 'Edward', 'Henderson', 'and', 'left', '.']",[ True]
"['Someone', 'killed', 'Michael', 'Taylor', 'and', 'left', '.']",[ True]
"['Someone', 'killed', 'Jonathan', 'Nelson', 'and', 'left', '.']",[ True]
"['Someone', 'killed', 'Grace', 'Young', 'and', 'left', '.']",[ True]
"['Someone', 'killed', 'Robert', 'Kennedy', 'and', 'left', '.']",[ True]
"['Someone', 'killed', 'Angela', 'Butler', 'and', 'left', '.']",[ True]
"['Someone', 'killed', 'Christine', 'Baker', 'and', 'left', '.']",[ True]
"['Someone', 'killed', 'Florence', 'Phillips', 'and', 'left', '.']",[ True]
"['Someone', 'killed', 'Frederick', 'Foster', 'and', 'left', '.']",[ True]
"['Someone', 'killed', 'Sophie', 'Adams', 'and', 'left', '.']",[ True]
"['Someone', 'killed', 'Marilyn', 'Ross', 'and', 'left', '.']",[ True]
"['Someone', 'killed', 'Joan', 'Lewis', 'and', 'left', '.']",[ True]
"['Someone', 'killed', 'Frances', 'Rose', 'and', 'left', '.']",[False]
"['Someone', 'killed', 'Walter', 'Foster', 'and', 'left', '.']",[ True]
"['Someone', 'killed', 'Michelle', 'Williams', 'and', 'left', '.']",[ True]
"['Someone', 'killed', 'Kathleen', 'Ross', 'and', 'left', '.']",[ True]
"['Someone', 'killed', 'Diana', 'Adams', 'and', 'left', '.']",[ True]
"['Someone', 'killed', 'Suzanne', 'Russell', 'and', 'left', '.']",[ True]
"['Someone', 'killed', 'Lauren', 'Butler', 'and', 'left', '.']",[ True]
"['Someone', 'killed', 'Edith', 'Evans', 'and', 'left', '.']",[ True]
"['Someone', 'killed', 'Henry', 'King', 'and', 'left', '.']",[ True]
"['Someone', 'killed', 'Jane', 'Palmer', 'and', 'left', '.']",[ True]
"['Someone', 'killed', 'Ian', 'Hamilton', 'and', 'left', '.']",[ True]
"['Someone', 'killed', 'Don', 'Robertson', 'and', 'left', '.']",[ True]
"['Someone', 'killed', 'Ed', 'Young', 'and', 'left', '.']",[ True]
"['Someone', 'killed', 'Dave', 'Morris', 'and', 'left', '.']",[ True]
"['Someone', 'killed', 'Kenneth', 'Fisher', 'and', 'left', '.']",[ True]
"['Someone', 'killed', 'David', 'Brown', 'and', 'left', '.']",[ True]
"['Someone', 'killed', 'Sophie', 'Miller', 'and', 'left', '.']",[ True]
"['Someone', 'killed', 'Stephanie', 'Reed', 'and', 'left', '.']",[ True]
"['Someone', 'killed', 'Alan', ""O'Brien"", 'and', 'left', '.']",[ True]
"['Someone', 'killed', 'Heather', 'Wright', 'and', 'left', '.']",[ True]
"['Someone', 'killed', 'Charlie', 'Smith', 'and', 'left', '.']",[ True]
"['Someone', 'killed', 'Brian', 'Thompson', 'and', 'left', '.']",[ True]
"['Someone', 'killed', 'Jean', 'Kennedy', 'and', 'left', '.']",[ True]
"['Someone', 'killed', 'Roy', 'Murphy', 'and', 'left', '.']",[ True]
"['Someone', 'killed', 'Paul', 'Rogers', 'and', 'left', '.']",[ True]
"['Someone', 'killed', 'Roy', 'Brooks', 'and', 'left', '.']",[ True]
"['Someone', 'killed', 'Annie', 'Jones', 'and', 'left', '.']",[ True]
"['Someone', 'killed', 'Philip', 'Murray', 'and', 'left', '.']",[ True]
"['Someone', 'killed', 'Jonathan', 'Hart', 'and', 'left', '.']",[ True]
"['Someone', 'killed', 'Anthony', 'Hill', 'and', 'left', '.']",[ True]
"['Someone', 'killed', 'Jeff', 'Edwards', 'and', 'left', '.']",[ True]
"['Someone', 'killed', 'Jeff', 'Henderson', 'and', 'left', '.']",[ True]
"['Someone', 'killed', 'Steve', 'James', 'and', 'left', '.']",[ True]
"['Someone', 'killed', 'Robert', 'Kennedy', 'and', 'left', '.']",[ True]
"['Someone', 'killed', 'Elizabeth', 'Young', 'and', 'left', '.']",[ True]
"['Someone', 'killed', 'Judith', 'Wright', 'and', 'left', '.']",[ True]
"['Someone', 'killed', 'Betty', 'Roberts', 'and', 'left', '.']",[ True]
"['Someone', 'killed', 'Ellen', 'Scott', 'and', 'left', '.']",[ True]
"['Someone', 'killed', 'Kenneth', 'King', 'and', 'left', '.']",[ True]
"['Someone', 'killed', 'Roger', 'Martin', 'and', 'left', '.']",[ True]
"['Someone', 'killed', 'Mark', 'Smith', 'and', 'left', '.']",[ True]
"['Someone', 'killed', 'Sharon', 'Nelson', 'and', 'left', '.']",[ True]
"['Someone', 'killed', 'Michael', 'Bailey', 'and', 'left', '.']",[ True]
"['Someone', 'killed', 'Hugh', 'Murphy', 'and', 'left', '.']",[ True]
"['Someone', 'killed', 'Brian', 'Butler', 'and', 'left', '.']",[ True]
"['Someone', 'killed', 'Henry', 'Edwards', 'and', 'left', '.']",[ True]
"['Someone', 'killed', 'Kathryn', 'Nelson', 'and', 'left', '.']",[ True]
"['Someone', 'killed', 'Jimmy', 'Hart', 'and', 'left', '.']",[ True]
"['Someone', 'killed', 'Charles', 'Sullivan', 'and', 'left', '.']",[ True]
"['Someone', 'killed', 'Eleanor', 'Brooks', 'and', 'left', '.']",[ True]
"['Someone', 'killed', 'Christopher', 'Carter', 'and', 'left', '.']",[ True]
"['Someone', 'killed', 'Diana', 'Harris', 'and', 'left', '.']",[ True]
"['Someone', 'killed', 'Sharon', 'Palmer', 'and', 'left', '.']",[ True]
"['Someone', 'killed', 'Walter', 'Allen', 'and', 'left', '.']",[ True]
"['Someone', 'killed', 'Daniel', 'Turner', 'and', 'left', '.']",[ True]
"['Someone', 'killed', 'Victoria', 'Sullivan', 'and', 'left', '.']",[ True]
"['Someone', 'killed', 'Simon', 'Alexander', 'and', 'left', '.']",[ True]
"['Someone', 'killed', 'Alan', 'Hill', 'and', 'left', '.']",[ True]
"['Someone', 'killed', 'Jack', 'Harrison', 'and', 'left', '.']",[ True]
"['Someone', 'killed', 'Bill', 'Turner', 'and', 'left', '.']",[ True]
"['Someone', 'killed', 'Carolyn', 'Henderson', 'and', 'left', '.']",[ True]
"['Someone', 'killed', 'Frances', 'Ford', 'and', 'left', '.']",[ True]
"['Someone', 'killed', 'Cynthia', 'Russell', 'and', 'left', '.']",[ True]
"['Someone', 'killed', 'Janet', 'Foster', 'and', 'left', '.']",[ True]
"['Someone', 'killed', 'Jerry', 'Rose', 'and', 'left', '.']",[ True]
"['Someone', 'killed', 'Kathleen', 'Kelly', 'and', 'left', '.']",[ True]
"['Someone', 'killed', 'Jessica', 'Stevens', 'and', 'left', '.']",[ True]
"['Someone', 'killed', 'Amanda', 'Cook', 'and', 'left', '.']",[ True]
"['Someone', 'killed', 'Jill', 'Morgan', 'and', 'left', '.']",[ True]
"['Someone', 'killed', 'Wendy', 'Johnson', 'and', 'left', '.']",[ True]
"['Someone', 'killed', 'Lawrence', 'Hamilton', 'and', 'left', '.']",[ True]
"['Someone', 'killed', 'Tony', 'Roberts', 'and', 'left', '.']",[ True]
"['Someone', 'killed', 'Christine', 'James', 'and', 'left', '.']",[ True]
"['Someone', 'killed', 'Victoria', 'Mason', 'and', 'left', '.']",[ True]
"['Someone', 'killed', 'Dan', 'Henderson', 'and', 'left', '.']",[ True]
"['Someone', 'killed', 'Edwin', 'Graham', 'and', 'left', '.']",[ True]
"['Someone', 'killed', 'Roy', 'Marshall', 'and', 'left', '.']",[ True]
"['Someone', 'killed', 'Katie', 'Brooks', 'and', 'left', '.']",[ True]
"['Someone', 'killed', 'Judith', 'Stone', 'and', 'left', '.']",[ True]
"['Someone', 'killed', 'Harold', 'Murray', 'and', 'left', '.']",[ True]
"['Someone', 'killed', 'Anne', 'Coleman', 'and', 'left', '.']",[ True]
"['Someone', 'killed', 'Richard', 'Roberts', 'and', 'left', '.']",[ True]
"['Someone', 'killed', 'Albert', 'Anderson', 'and', 'left', '.']",[ True]
"['Someone', 'killed', 'Jerry', 'Phillips', 'and', 'left', '.']",[ True]
"['Someone', 'killed', 'Ken', 'Rose', 'and', 'left', '.']",[ True]
"['Someone', 'killed', 'Sophie', 'Turner', 'and', 'left', '.']",[ True]
"['Someone', 'killed', 'Christine', 'Nelson', 'and', 'left', '.']",[ True]
"['Someone', 'killed', 'Laura', 'Hamilton', 'and', 'left', '.']",[ True]
"['Someone', 'killed', 'Ralph', 'Parker', 'and', 'left', '.']",[ True]
"['Someone', 'killed', 'Barbara', 'Baker', 'and', 'left', '.']",[ True]
"['Someone', 'killed', 'Louis', 'Clark', 'and', 'left', '.']",[ True]
"['Someone', 'killed', 'Fred', 'Brooks', 'and', 'left', '.']",[ True]
"['Someone', 'killed', 'Annie', 'Crawford', 'and', 'left', '.']",[ True]
"['Someone', 'killed', 'Mark', 'Green', 'and', 'left', '.']",[ True]
"['Someone', 'killed', 'William', 'Alexander', 'and', 'left', '.']",[ True]
"['Someone', 'killed', 'Emily', ""O'Brien"", 'and', 'left', '.']",[ True]
"['Someone', 'killed', 'Steven', 'Bailey', 'and', 'left', '.']",[ True]
"['Someone', 'killed', 'Tony', 'Cohen', 'and', 'left', '.']",[ True]
"['Someone', 'killed', 'Leslie', 'Morgan', 'and', 'left', '.']",[ True]
"['Someone', 'killed', 'Katherine', 'White', 'and', 'left', '.']",[ True]
"['Someone', 'killed', 'Harold', 'Harris', 'and', 'left', '.']",[ True]
"['Someone', 'killed', 'Claire', 'Ross', 'and', 'left', '.']",[ True]
"['Someone', 'killed', 'Jean', 'Kennedy', 'and', 'left', '.']",[ True]
"['Someone', 'killed', 'Sara', 'Jordan', 'and', 'left', '.']",[ True]
"['Someone', 'killed', 'Jill', 'White', 'and', 'left', '.']",[ True]
"['Someone', 'killed', 'Kate', 'Edwards', 'and', 'left', '.']",[ True]
"['Someone', 'killed', 'Carolyn', 'Sullivan', 'and', 'left', '.']",[ True]
"['Someone', 'killed', 'Deborah', 'Davies', 'and', 'left', '.']",[ True]
"['Someone', 'killed', 'Bob', 'Thomas', 'and', 'left', '.']",[ True]
"['Someone', 'killed', 'Ryan', 'Kelly', 'and', 'left', '.']",[ True]
"['Someone', 'killed', 'Elaine', 'Allen', 'and', 'left', '.']",[ True]
"['Someone', 'killed', 'Louis', 'Brooks', 'and', 'left', '.']",[ True]
"['Someone', 'killed', 'Robert', 'Perry', 'and', 'left', '.']",[ True]
"['Someone', 'killed', 'Lauren', 'Turner', 'and', 'left', '.']",[ True]
"['Someone', 'killed', 'William', 'Hill', 'and', 'left', '.']",[ True]
"['Someone', 'killed', 'Joseph', 'Davies', 'and', 'left', '.']",[ True]
"['Someone', 'killed', 'Elizabeth', 'Stone', 'and', 'left', '.']",[ True]
"['Someone', 'killed', 'Laura', 'Carter', 'and', 'left', '.']",[ True]
"['Someone', 'killed', 'Sara', 'Hughes', 'and', 'left', '.']",[ True]
"['Someone', 'killed', 'Eric', 'Jones', 'and', 'left', '.']",[ True]
"['Someone', 'killed', 'Jane', 'Moore', 'and', 'left', '.']",[ True]
"['Someone', 'killed', 'Arthur', 'Reed', 'and', 'left', '.']",[ True]
"['Someone', 'killed', 'Leslie', 'Young', 'and', 'left', '.']",[ True]
"['Someone', 'killed', 'Amy', 'Coleman', 'and', 'left', '.']",[ True]
"['Someone', 'killed', 'Jay', 'Butler', 'and', 'left', '.']",[ True]
"['Someone', 'killed', 'William', 'Morgan', 'and', 'left', '.']",[ True]
"['Someone', 'killed', 'Jason', 'Marshall', 'and', 'left', '.']",[ True]
"['Someone', 'killed', 'Ralph', 'Harrison', 'and', 'left', '.']",[ True]
"['Someone', 'killed', 'Albert', 'Edwards', 'and', 'left', '.']",[ True]
"['Someone', 'killed', 'Alexander', 'Reynolds', 'and', 'left', '.']",[ True]
"['Someone', 'killed', 'Benjamin', 'Adams', 'and', 'left', '.']",[ True]
"['Someone', 'killed', 'Alex', 'Hughes', 'and', 'left', '.']",[ True]
"['Someone', 'killed', 'Sue', 'Scott', 'and', 'left', '.']",[ True]
"['Someone', 'killed', 'Charlie', 'Scott', 'and', 'left', '.']",[ True]
"['Someone', 'killed', 'Catherine', 'Wilson', 'and', 'left', '.']",[ True]
"['Someone', 'killed', 'Maria', 'Lewis', 'and', 'left', '.']",[ True]
"['Someone', 'killed', 'Daniel', 'Marshall', 'and', 'left', '.']",[ True]
"['Someone', 'killed', 'Roy', 'Turner', 'and', 'left', '.']",[ True]
"['Someone', 'killed', 'Katherine', 'Murphy', 'and', 'left', '.']",[ True]
"['Someone', 'killed', 'Lucy', 'Foster', 'and', 'left', '.']",[ True]
"['Someone', 'killed', 'Sally', 'White', 'and', 'left', '.']",[ True]
"['Someone', 'killed', 'Rebecca', 'Hamilton', 'and', 'left', '.']",[ True]
"['Someone', 'killed', 'Betty', 'Bailey', 'and', 'left', '.']",[ True]
"['Someone', 'killed', 'Fred', 'Johnson', 'and', 'left', '.']",[ True]
"['Someone', 'killed', 'Evelyn', 'Peterson', 'and', 'left', '.']",[ True]
"['Someone', 'killed', 'Simon', 'Hunter', 'and', 'left', '.']",[ True]
"['Someone', 'killed', 'Brian', 'Shaw', 'and', 'left', '.']",[ True]
"['Someone', 'killed', 'Heather', 'Marshall', 'and', 'left', '.']",[ True]
"['Someone', 'killed', 'Matthew', 'James', 'and', 'left', '.']",[ True]
"['Someone', 'killed', 'Tom', 'Mitchell', 'and', 'left', '.']",[ True]
"['Someone', 'killed', 'Claire', 'Stevens', 'and', 'left', '.']",[ True]
"['Someone', 'killed', 'Carol', 'Cohen', 'and', 'left', '.']",[ True]
"['Someone', 'killed', 'Angela', 'Wood', 'and', 'left', '.']",[ True]
"['Someone', 'killed', 'Anna', 'Jordan', 'and', 'left', '.']",[ True]
"['Someone', 'killed', 'Charlie', 'Rogers', 'and', 'left', '.']",[ True]
"['Someone', 'killed', 'Cynthia', 'Mason', 'and', 'left', '.']",[ True]
"['Someone', 'killed', 'Donald', 'Marshall', 'and', 'left', '.']",[ True]
"['Someone', 'killed', 'Andrew', 'Graham', 'and', 'left', '.']",[ True]
"['Someone', 'killed', 'Kim', 'Clark', 'and', 'left', '.']",[ True]
"['Someone', 'killed', 'Dave', 'Ryan', 'and', 'left', '.']",[ True]
"['Someone', 'killed', 'Heather', 'Green', 'and', 'left', '.']",[ True]
"['Someone', 'killed', 'Fiona', 'Thomas', 'and', 'left', '.']",[ True]
"['Someone', 'killed', 'Alan', 'Cooper', 'and', 'left', '.']",[ True]
"['Someone', 'killed', 'Andrew', 'Bell', 'and', 'left', '.']",[ True]
"['Someone', 'killed', 'Albert', 'James', 'and', 'left', '.']",[ True]
"['Someone', 'killed', 'Louise', 'Palmer', 'and', 'left', '.']",[ True]
"['Someone', 'killed', 'Ellen', 'Hall', 'and', 'left', '.']",[ True]
"['Someone', 'killed', 'Gary', 'Roberts', 'and', 'left', '.']",[ True]
"['Someone', 'killed', 'Bob', 'Jones', 'and', 'left', '.']",[ True]
"['Someone', 'killed', 'Susan', 'Reynolds', 'and', 'left', '.']",[ True]
"['Someone', 'killed', 'Carol', 'Ward', 'and', 'left', '.']",[ True]
"['Someone', 'killed', 'Scott', 'Morgan', 'and', 'left', '.']",[ True]
"['Someone', 'killed', 'Claire', 'Carter', 'and', 'left', '.']",[ True]
"['Someone', 'killed', 'Ian', 'Butler', 'and', 'left', '.']",[ True]
"['Someone', 'killed', 'Hugh', 'Gordon', 'and', 'left', '.']",[ True]
"['Someone', 'killed', 'Jane', 'Robertson', 'and', 'left', '.']",[ True]
"['Someone', 'killed', 'Maria', 'Thomas', 'and', 'left', '.']",[ True]
"['Someone', 'killed', 'Hugh', 'Peterson', 'and', 'left', '.']",[ True]
"['Someone', 'killed', 'Edwin', 'Young', 'and', 'left', '.']",[ True]
"['Someone', 'killed', 'Benjamin', 'Hill', 'and', 'left', '.']",[ True]
"['Someone', 'killed', 'Frank', 'Rose', 'and', 'left', '.']",[ True]
"['Someone', 'killed', 'Louise', 'Ryan', 'and', 'left', '.']",[ True]
"['Someone', 'killed', 'Ray', 'Harris', 'and', 'left', '.']",[ True]
"['Someone', 'killed', 'Virginia', 'Cooper', 'and', 'left', '.']",[ True]
"['Someone', 'killed', 'David', 'Roberts', 'and', 'left', '.']",[ True]
"['Someone', 'killed', 'Amanda', 'Evans', 'and', 'left', '.']",[ True]
"['Someone', 'killed', 'Alfred', 'Graham', 'and', 'left', '.']",[ True]
"['Someone', 'killed', 'Alice', 'Taylor', 'and', 'left', '.']",[ True]
"['Someone', 'killed', 'Edith', 'Morgan', 'and', 'left', '.']",[ True]
"['Someone', 'killed', 'Andrew', 'Hall', 'and', 'left', '.']",[ True]
"['Someone', 'killed', 'Diane', 'Perry', 'and', 'left', '.']",[ True]
"['Someone', 'killed', 'Kenneth', 'Gordon', 'and', 'left', '.']",[ True]
"['Someone', 'killed', 'Kelly', 'James', 'and', 'left', '.']",[ True]
"['Someone', 'killed', 'Florence', 'Taylor', 'and', 'left', '.']",[ True]
"['Someone', 'killed', 'Martha', 'Allen', 'and', 'left', '.']",[ True]
"['Someone', 'killed', 'Edward', 'Murray', 'and', 'left', '.']",[ True]
"['Someone', 'killed', 'Diane', 'Roberts', 'and', 'left', '.']",[ True]
"['Someone', 'killed', 'Bob', 'Kelly', 'and', 'left', '.']",[ True]
"['Someone', 'killed', 'Marilyn', 'Cook', 'and', 'left', '.']",[ True]
"['Someone', 'killed', 'Caroline', 'Perry', 'and', 'left', '.']",[ True]
"['Someone', 'killed', 'Adam', 'Stone', 'and', 'left', '.']",[ True]
"['Someone', 'killed', 'Donna', 'Green', 'and', 'left', '.']",[ True]
"['Someone', 'killed', 'Anne', 'Ross', 'and', 'left', '.']",[ True]
"['Someone', 'killed', 'Ken', 'Alexander', 'and', 'left', '.']",[ True]
"['Someone', 'killed', 'Edwin', 'Price', 'and', 'left', '.']",[ True]
"['Someone', 'killed', 'Martha', 'Martin', 'and', 'left', '.']",[ True]
"['Someone', 'killed', 'Don', 'James', 'and', 'left', '.']",[ True]
"['Someone', 'killed', 'Richard', 'Hall', 'and', 'left', '.']",[ True]
"['Someone', 'killed', 'Albert', 'Hughes', 'and', 'left', '.']",[ True]
"['Someone', 'killed', 'Anne', 'Alexander', 'and', 'left', '.']",[ True]
"['Someone', 'killed', 'Katherine', 'Collins', 'and', 'left', '.']",[ True]
"['Someone', 'killed', 'Ron', 'Cooper', 'and', 'left', '.']",[ True]
"['Someone', 'killed', 'Ellen', 'Robertson', 'and', 'left', '.']",[ True]
"['Someone', 'killed', 'Diane', 'Gray', 'and', 'left', '.']",[ True]
"['Someone', 'killed', 'Steven', 'Smith', 'and', 'left', '.']",[ True]
"['Someone', 'killed', 'Sam', 'Graham', 'and', 'left', '.']",[ True]
"['Someone', 'killed', 'Ben', 'Gordon', 'and', 'left', '.']",[ True]
"['Someone', 'killed', 'Charlotte', 'Murphy', 'and', 'left', '.']",[ True]
"['Someone', 'killed', 'Heather', 'Williams', 'and', 'left', '.']",[ True]
"['Someone', 'killed', 'Charles', 'Rogers', 'and', 'left', '.']",[ True]
"['Someone', 'killed', 'Stephanie', ""O'Brien"", 'and', 'left', '.']",[ True]
"['Someone', 'killed', 'Edwin', 'Green', 'and', 'left', '.']",[ True]
"['Someone', 'killed', 'Sarah', 'Anderson', 'and', 'left', '.']",[ True]
"['Someone', 'killed', 'Donald', 'Hill', 'and', 'left', '.']",[ True]
"['Someone', 'killed', 'Walter', 'Wilson', 'and', 'left', '.']",[ True]
"['Someone', 'killed', 'Andrew', 'Parker', 'and', 'left', '.']",[ True]
"['Someone', 'killed', 'Martha', 'Taylor', 'and', 'left', '.']",[ True]
"['Someone', 'killed', 'Barbara', 'Young', 'and', 'left', '.']",[ True]
"['Someone', 'killed', 'Michael', 'Reynolds', 'and', 'left', '.']",[ True]
"['Someone', 'killed', 'Tony', 'Coleman', 'and', 'left', '.']",[ True]
"['Someone', 'killed', 'Florence', 'Gray', 'and', 'left', '.']",[ True]
"['Someone', 'killed', 'Gary', 'King', 'and', 'left', '.']",[ True]
"['Someone', 'killed', 'Sam', 'Anderson', 'and', 'left', '.']",[ True]
"['Someone', 'killed', 'Sarah', 'Murphy', 'and', 'left', '.']",[ True]
"['Someone', 'killed', 'Judith', 'Shaw', 'and', 'left', '.']",[ True]
"['Someone', 'killed', 'Jessica', 'Thompson', 'and', 'left', '.']",[ True]
"['Someone', 'killed', 'Dave', 'Thompson', 'and', 'left', '.']",[ True]
"['Someone', 'killed', 'Eleanor', 'Murphy', 'and', 'left', '.']",[ True]
"['Someone', 'killed', 'Fred', 'Morgan', 'and', 'left', '.']",[ True]
"['Someone', 'killed', 'George', 'Watson', 'and', 'left', '.']",[ True]
"['Someone', 'killed', 'Joan', 'Shaw', 'and', 'left', '.']",[ True]
"['Someone', 'killed', 'Jason', 'Adams', 'and', 'left', '.']",[ True]
"['Someone', 'killed', 'Michael', 'Jordan', 'and', 'left', '.']",[ True]
"['Someone', 'killed', 'Jennifer', 'Johnson', 'and', 'left', '.']",[ True]
"['Someone', 'killed', 'Mike', 'Reynolds', 'and', 'left', '.']",[ True]
"['Someone', 'killed', 'Edwin', 'Jordan', 'and', 'left', '.']",[ True]
"['Someone', 'killed', 'Johnny', 'Robinson', 'and', 'left', '.']",[ True]
"['Someone', 'killed', 'Karen', 'Gordon', 'and', 'left', '.']",[ True]
"['Someone', 'killed', 'Helen', 'Anderson', 'and', 'left', '.']",[ True]
"['Someone', 'killed', 'Louis', ""O'Brien"", 'and', 'left', '.']",[ True]
"['Someone', 'killed', 'Roy', 'Allen', 'and', 'left', '.']",[ True]
"['Someone', 'killed', 'Jerry', 'Richardson', 'and', 'left', '.']",[ True]
"['Someone', 'killed', 'Evelyn', 'Brooks', 'and', 'left', '.']",[ True]
"['Someone', 'killed', 'Kathleen', 'Murphy', 'and', 'left', '.']",[ True]
"['Someone', 'killed', 'Roy', 'Peterson', 'and', 'left', '.']",[ True]
"['Someone', 'killed', 'Harry', 'Shaw', 'and', 'left', '.']",[ True]
"['Someone', 'killed', 'Sara', 'Gray', 'and', 'left', '.']",[ True]
"['Someone', 'killed', 'Simon', 'Robertson', 'and', 'left', '.']",[ True]
"['Someone', 'killed', 'Kenneth', 'Fisher', 'and', 'left', '.']",[ True]
"['Someone', 'killed', 'Chris', 'Shaw', 'and', 'left', '.']",[ True]
"['Someone', 'killed', 'Al', 'King', 'and', 'left', '.']",[ True]
"['Someone', 'killed', 'Sarah', 'Nelson', 'and', 'left', '.']",[ True]
"['Someone', 'killed', 'Melissa', 'Watson', 'and', 'left', '.']",[ True]
"['Someone', 'killed', 'Jessica', 'Crawford', 'and', 'left', '.']",[ True]
"['Someone', 'killed', 'Bill', 'Bell', 'and', 'left', '.']",[ True]
"['Someone', 'killed', 'Florence', 'Henderson', 'and', 'left', '.']",[ True]
"['Someone', 'killed', 'Harold', 'Bennett', 'and', 'left', '.']",[ True]
"['Someone', 'killed', 'Edith', 'Evans', 'and', 'left', '.']",[ True]
"['Someone', 'killed', 'Tony', 'Ward', 'and', 'left', '.']",[ True]
"['Someone', 'killed', 'Diane', 'Fisher', 'and', 'left', '.']",[ True]
"['Someone', 'killed', 'Linda', 'Harris', 'and', 'left', '.']",[ True]
"['Someone', 'killed', 'Scott', 'Davis', 'and', 'left', '.']",[ True]
"['Someone', 'killed', 'Kenneth', 'Harrison', 'and', 'left', '.']",[ True]
"['Someone', 'killed', 'Ed', 'Marshall', 'and', 'left', '.']",[ True]
"['Someone', 'killed', 'Fred', 'Nelson', 'and', 'left', '.']",[ True]
"['Someone', 'killed', 'Grace', 'Gray', 'and', 'left', '.']",[ True]
"['Someone', 'killed', 'Dorothy', 'Reynolds', 'and', 'left', '.']",[ True]
"['Someone', 'killed', 'Kathryn', 'Stevens', 'and', 'left', '.']",[ True]
"['Someone', 'killed', 'David', 'Brooks', 'and', 'left', '.']",[ True]
"['Someone', 'killed', 'Eleanor', 'Roberts', 'and', 'left', '.']",[ True]
"['Someone', 'killed', 'Alex', 'Jordan', 'and', 'left', '.']",[ True]
"['Someone', 'killed', 'Diana', 'Roberts', 'and', 'left', '.']",[ True]
"['Someone', 'killed', 'Philip', 'Phillips', 'and', 'left', '.']",[ True]
"['Someone', 'killed', 'Andrew', 'Hall', 'and', 'left', '.']",[ True]
"['Someone', 'killed', 'Greg', 'Alexander', 'and', 'left', '.']",[ True]
"['Someone', 'killed', 'Emily', 'Ryan', 'and', 'left', '.']",[ True]
"['Someone', 'killed', 'Rebecca', 'Baker', 'and', 'left', '.']",[ True]
"['Someone', 'killed', 'Mike', 'Wood', 'and', 'left', '.']",[ True]
"['Someone', 'killed', 'Marilyn', 'Jones', 'and', 'left', '.']",[ True]
"['Someone', 'killed', 'Jason', 'Watson', 'and', 'left', '.']",[ True]
"['Someone', 'killed', 'Melissa', 'Stewart', 'and', 'left', '.']",[ True]
"['Someone', 'killed', 'Christine', 'Martin', 'and', 'left', '.']",[ True]
"['Someone', 'killed', 'Simon', 'Reed', 'and', 'left', '.']",[ True]
"['Someone', 'killed', 'Katie', 'Walker', 'and', 'left', '.']",[ True]
"['Someone', 'killed', 'George', 'Campbell', 'and', 'left', '.']",[ True]
"['Someone', 'killed', 'Karen', 'Parker', 'and', 'left', '.']",[ True]
"['Someone', 'killed', 'Marie', 'Smith', 'and', 'left', '.']",[ True]
"['Someone', 'killed', 'Anthony', 'Robinson', 'and', 'left', '.']",[ True]
"['Someone', 'killed', 'Eleanor', 'Turner', 'and', 'left', '.']",[ True]
"['Someone', 'killed', 'Judith', 'Wood', 'and', 'left', '.']",[ True]
"['Someone', 'killed', 'Amy', 'Wood', 'and', 'left', '.']",[ True]
"['Someone', 'killed', 'Harry', 'Crawford', 'and', 'left', '.']",[ True]
"['Someone', 'killed', 'Patrick', 'Wright', 'and', 'left', '.']",[ True]
"['Someone', 'killed', 'Melissa', 'Nelson', 'and', 'left', '.']",[ True]
"['Someone', 'killed', 'Roy', 'Bell', 'and', 'left', '.']",[ True]
"['Someone', 'killed', 'Carolyn', 'Sullivan', 'and', 'left', '.']",[ True]
"['Someone', 'killed', 'Anne', 'Ward', 'and', 'left', '.']",[ True]
"['Someone', 'killed', 'Martin', 'Cook', 'and', 'left', '.']",[ True]
"['Someone', 'killed', 'Kathy', 'Roberts', 'and', 'left', '.']",[ True]
"['Someone', 'killed', 'Thomas', 'Crawford', 'and', 'left', '.']",[ True]
"['Someone', 'killed', 'Patrick', 'Adams', 'and', 'left', '.']",[ True]
"['Someone', 'killed', 'Jay', 'Hill', 'and', 'left', '.']",[ True]
"['Someone', 'killed', 'Susan', 'Hamilton', 'and', 'left', '.']",[ True]
"['Someone', 'killed', 'Mark', 'Phillips', 'and', 'left', '.']",[ True]
"['Someone', 'killed', 'Frederick', 'Coleman', 'and', 'left', '.']",[ True]
"['Someone', 'killed', 'Kenneth', 'Shaw', 'and', 'left', '.']",[ True]
"['Someone', 'killed', 'Daniel', 'Murray', 'and', 'left', '.']",[ True]
"['Someone', 'killed', 'Jason', 'Green', 'and', 'left', '.']",[ True]
"['Someone', 'killed', 'Leslie', 'Henderson', 'and', 'left', '.']",[ True]
"['Someone', 'killed', 'Helen', 'Peterson', 'and', 'left', '.']",[ True]
"['Someone', 'killed', 'Ray', 'Young', 'and', 'left', '.']",[ True]
"['Someone', 'killed', 'Caroline', 'Butler', 'and', 'left', '.']",[ True]
"['Someone', 'killed', 'Walter', 'Kelly', 'and', 'left', '.']",[ True]
"['Someone', 'killed', 'Robin', 'Mason', 'and', 'left', '.']",[ True]
"['Someone', 'killed', 'Christine', 'Mitchell', 'and', 'left', '.']",[ True]
"['Someone', 'killed', 'Jennifer', 'Wright', 'and', 'left', '.']",[ True]
"['Someone', 'killed', 'Margaret', 'Alexander', 'and', 'left', '.']",[ True]
"['Someone', 'killed', 'Eric', 'Reynolds', 'and', 'left', '.']",[ True]
"['Someone', 'killed', 'Andrew', 'Robertson', 'and', 'left', '.']",[ True]
"['Someone', 'killed', 'Sandra', 'Brooks', 'and', 'left', '.']",[ True]
"['Someone', 'killed', 'Sarah', 'Price', 'and', 'left', '.']",[ True]
"['Someone', 'killed', 'Jay', 'Davis', 'and', 'left', '.']",[ True]
"['Someone', 'killed', 'Nancy', 'Hart', 'and', 'left', '.']",[ True]
"['Someone', 'killed', 'Howard', 'Davis', 'and', 'left', '.']",[ True]
"['Someone', 'killed', 'Lucy', 'Adams', 'and', 'left', '.']",[ True]
"['Someone', 'killed', 'Alexander', 'Davies', 'and', 'left', '.']",[ True]
"['Someone', 'killed', 'Charles', ""O'Brien"", 'and', 'left', '.']",[ True]
"['Someone', 'killed', 'Arthur', 'Mitchell', 'and', 'left', '.']",[ True]
"['Someone', 'killed', 'Alison', 'Walker', 'and', 'left', '.']",[ True]
"['Someone', 'killed', 'George', 'King', 'and', 'left', '.']",[ True]
"['Someone', 'killed', 'Donald', 'Clarke', 'and', 'left', '.']",[ True]
"['Someone', 'killed', 'Fred', 'Butler', 'and', 'left', '.']",[ True]
"['Someone', 'killed', 'Carol', 'Campbell', 'and', 'left', '.']",[ True]
"['Someone', 'killed', 'Lauren', 'Green', 'and', 'left', '.']",[ True]
"['Someone', 'killed', 'Ralph', 'Robertson', 'and', 'left', '.']",[ True]
"['Someone', 'killed', 'Sara', 'Morgan', 'and', 'left', '.']",[ True]
"['Someone', 'killed', 'Bruce', 'Jordan', 'and', 'left', '.']",[ True]
"['Someone', 'killed', 'Leslie', 'Anderson', 'and', 'left', '.']",[ True]
"['Someone', 'killed', 'Martin', 'Palmer', 'and', 'left', '.']",[ True]
"['Someone', 'killed', 'Wendy', 'Scott', 'and', 'left', '.']",[ True]
"['Someone', 'killed', 'Virginia', 'Brooks', 'and', 'left', '.']",[ True]
"['Someone', 'killed', 'Lauren', 'Shaw', 'and', 'left', '.']",[ True]
"['Someone', 'killed', 'Jack', 'Gray', 'and', 'left', '.']",[ True]
"['Someone', 'killed', 'Barbara', 'Ward', 'and', 'left', '.']",[ True]
"['Someone', 'killed', 'Donna', 'Morgan', 'and', 'left', '.']",[ True]
"['Someone', 'killed', 'Dave', 'Richardson', 'and', 'left', '.']",[ True]
"['Someone', 'killed', 'Evelyn', 'Moore', 'and', 'left', '.']",[ True]
"['Someone', 'killed', 'Samuel', 'Clark', 'and', 'left', '.']",[ True]
"['Someone', 'killed', 'Jessica', 'Price', 'and', 'left', '.']",[ True]
"['Someone', 'killed', 'Kathy', 'Nelson', 'and', 'left', '.']",[ True]
"['Someone', 'killed', 'Katie', 'Brown', 'and', 'left', '.']",[ True]
"['Someone', 'killed', 'Susan', 'Stone', 'and', 'left', '.']",[ True]
"['Someone', 'killed', 'Sarah', 'Hill', 'and', 'left', '.']",[ True]
"['Someone', 'killed', 'Samuel', 'Johnson', 'and', 'left', '.']",[ True]
"['Someone', 'killed', 'Billy', 'Roberts', 'and', 'left', '.']",[ True]
"['Someone', 'killed', 'Christopher', 'Kennedy', 'and', 'left', '.']",[ True]
"['Someone', 'killed', 'Sam', 'Brown', 'and', 'left', '.']",[ True]
"['Someone', 'killed', 'Philip', 'Crawford', 'and', 'left', '.']",[ True]
"['Someone', 'killed', 'Edwin', 'Reed', 'and', 'left', '.']",[ True]
"['Someone', 'killed', 'Jean', 'Campbell', 'and', 'left', '.']",[ True]
"['Someone', 'killed', 'Keith', 'Campbell', 'and', 'left', '.']",[ True]
"['Someone', 'killed', 'Deborah', 'Murphy', 'and', 'left', '.']",[ True]
"['Someone', 'killed', 'Thomas', 'Davies', 'and', 'left', '.']",[ True]
"['Someone', 'killed', 'Kathryn', 'Butler', 'and', 'left', '.']",[ True]
"['Someone', 'killed', 'Philip', 'Cook', 'and', 'left', '.']",[ True]
"['Someone', 'killed', 'Jack', 'Adams', 'and', 'left', '.']",[ True]
"['Someone', 'killed', 'Henry', 'Johnson', 'and', 'left', '.']",[ True]
"['Someone', 'killed', 'Fiona', 'Young', 'and', 'left', '.']",[ True]
"['Someone', 'killed', 'Virginia', 'Clarke', 'and', 'left', '.']",[ True]
"['Someone', 'killed', 'Mary', 'Peterson', 'and', 'left', '.']",[ True]
"['Someone', 'killed', 'Peter', 'James', 'and', 'left', '.']",[ True]
"['Someone', 'killed', 'Wendy', 'Gordon', 'and', 'left', '.']",[ True]
"['Someone', 'killed', 'Louise', 'Stone', 'and', 'left', '.']",[ True]
"['Someone', 'killed', 'Judy', 'Morgan', 'and', 'left', '.']",[ True]
"['Someone', 'killed', 'Steve', 'Peterson', 'and', 'left', '.']",[ True]
"['Someone', 'killed', 'Edith', 'Ross', 'and', 'left', '.']",[ True]
"['Someone', 'killed', 'Amanda', 'Scott', 'and', 'left', '.']",[ True]
"['Someone', 'killed', 'Amanda', 'Gordon', 'and', 'left', '.']",[ True]
"['Someone', 'killed', 'Diana', 'Jones', 'and', 'left', '.']",[ True]
"['Someone', 'killed', 'Frederick', 'Walker', 'and', 'left', '.']",[ True]
"['Someone', 'killed', 'Maria', 'Hughes', 'and', 'left', '.']",[ True]
"['Someone', 'killed', 'Samuel', ""O'Brien"", 'and', 'left', '.']",[ True]
"['Someone', 'killed', 'Marilyn', 'Ford', 'and', 'left', '.']",[ True]
"['Someone', 'killed', 'Dave', 'Green', 'and', 'left', '.']",[ True]
"['Someone', 'killed', 'Patricia', 'Lewis', 'and', 'left', '.']",[ True]
"['Someone', 'killed', 'Samuel', 'Palmer', 'and', 'left', '.']",[ True]
"['Someone', 'killed', 'Dan', 'Kelly', 'and', 'left', '.']",[ True]
"['Someone', 'killed', 'Francis', 'Adams', 'and', 'left', '.']",[ True]
"['Someone', 'killed', 'Daniel', 'Sullivan', 'and', 'left', '.']",[ True]
"['Someone', 'killed', 'Kathleen', 'Wright', 'and', 'left', '.']",[ True]
"['Someone', 'killed', 'Sarah', 'Taylor', 'and', 'left', '.']",[ True]
"['Someone', 'killed', 'Gary', 'Murphy', 'and', 'left', '.']",[ True]
"['Someone', 'killed', 'Thomas', 'Young', 'and', 'left', '.']",[ True]
"['Someone', 'killed', 'Tom', 'Hunter', 'and', 'left', '.']",[ True]
"['Someone', 'killed', 'Laura', 'Gray', 'and', 'left', '.']",[ True]
"['Someone', 'killed', 'Harold', 'Clark', 'and', 'left', '.']",[ True]
"['Someone', 'killed', 'Martha', 'Roberts', 'and', 'left', '.']",[ True]
"['Someone', 'killed', 'Ruth', 'Morgan', 'and', 'left', '.']",[ True]
"['Someone', 'killed', 'Walter', 'Clark', 'and', 'left', '.']",[ True]
"['Someone', 'killed', 'Catherine', 'Baker', 'and', 'left', '.']",[ True]
"['Someone', 'killed', 'Karen', 'Reynolds', 'and', 'left', '.']",[ True]
"['Someone', 'killed', 'Patricia', 'Stewart', 'and', 'left', '.']",[ True]
"['Someone', 'killed', 'Hugh', 'King', 'and', 'left', '.']",[ True]
"['Someone', 'killed', 'Anne', 'Carter', 'and', 'left', '.']",[ True]
"['Someone', 'killed', 'Suzanne', 'Davies', 'and', 'left', '.']",[ True]
"['Someone', 'killed', 'Stephen', 'Richardson', 'and', 'left', '.']",[ True]
"['Someone', 'killed', 'Nancy', 'Richardson', 'and', 'left', '.']",[ True]
"['Someone', 'killed', 'Keith', 'Butler', 'and', 'left', '.']",[ True]
"['Someone', 'killed', 'Steve', 'Coleman', 'and', 'left', '.']",[ True]
"['Someone', 'killed', 'Richard', 'Morgan', 'and', 'left', '.']",[ True]
"['Someone', 'killed', 'Adam', 'Edwards', 'and', 'left', '.']",[ True]
"['Someone', 'killed', 'Barbara', 'Scott', 'and', 'left', '.']",[ True]
"['Someone', 'killed', 'Lucy', 'Adams', 'and', 'left', '.']",[ True]
"['Someone', 'killed', 'Sue', 'Smith', 'and', 'left', '.']",[ True]
"['Someone', 'killed', 'Carolyn', ""O'Brien"", 'and', 'left', '.']",[ True]
"['Someone', 'killed', 'Martin', 'Bailey', 'and', 'left', '.']",[ True]
"['Someone', 'killed', 'Bobby', 'Kennedy', 'and', 'left', '.']",[ True]
"['Someone', 'killed', 'Betty', 'Alexander', 'and', 'left', '.']",[ True]
"['Someone', 'killed', 'Ruth', 'Stone', 'and', 'left', '.']",[ True]
"['Someone', 'killed', 'Louise', 'Howard', 'and', 'left', '.']",[ True]
"['Someone', 'killed', 'Louise', 'Martin', 'and', 'left', '.']",[ True]
"['Someone', 'killed', 'Jerry', 'Stone', 'and', 'left', '.']",[ True]
"['Someone', 'killed', 'Jennifer', 'Coleman', 'and', 'left', '.']",[ True]
"['Someone', 'killed', 'Susan', 'Roberts', 'and', 'left', '.']",[ True]
"['Someone', 'killed', 'Claire', 'Crawford', 'and', 'left', '.']",[ True]
"['Someone', 'killed', 'Christine', 'Stone', 'and', 'left', '.']",[ True]
"['Someone', 'killed', 'Edwin', 'Stewart', 'and', 'left', '.']",[ True]
"['Someone', 'killed', 'Ian', 'Butler', 'and', 'left', '.']",[ True]
"['Someone', 'killed', 'Edward', 'Hill', 'and', 'left', '.']",[ True]
"['Someone', 'killed', 'Sarah', 'Foster', 'and', 'left', '.']",[ True]
"['Someone', 'killed', 'Richard', 'Morgan', 'and', 'left', '.']",[ True]
"['Someone', 'killed', 'Dick', 'Wright', 'and', 'left', '.']",[ True]
"['Someone', 'killed', 'Amy', 'Richardson', 'and', 'left', '.']",[ True]
"['Someone', 'killed', 'Jean', 'Ward', 'and', 'left', '.']",[ True]
"['Someone', 'killed', 'Martin', 'Shaw', 'and', 'left', '.']",[ True]
"['Someone', 'killed', 'Frederick', 'Allen', 'and', 'left', '.']",[ True]
"['Someone', 'killed', 'Frances', 'Carter', 'and', 'left', '.']",[ True]
"['Someone', 'killed', 'Walter', 'Edwards', 'and', 'left', '.']",[ True]
"['Someone', 'killed', 'Victoria', 'Brooks', 'and', 'left', '.']",[ True]
"['Someone', 'killed', 'Billy', 'Johnson', 'and', 'left', '.']",[ True]
"['Someone', 'killed', 'Henry', 'Cohen', 'and', 'left', '.']",[ True]
"['Someone', 'killed', 'Ann', 'Adams', 'and', 'left', '.']",[ True]
"['Someone', 'killed', 'Frank', 'Williams', 'and', 'left', '.']",[ True]
"['Someone', 'killed', 'John', 'Watson', 'and', 'left', '.']",[ True]
"['Someone', 'killed', 'Ray', 'Gordon', 'and', 'left', '.']",[ True]
"['Someone', 'killed', 'Kelly', 'Rogers', 'and', 'left', '.']",[ True]
"['Someone', 'killed', 'Nancy', 'Morris', 'and', 'left', '.']",[ True]
"['Someone', 'killed', 'David', 'Ward', 'and', 'left', '.']",[ True]
"['Someone', 'killed', 'Jay', 'Sullivan', 'and', 'left', '.']",[ True]
"['Someone', 'killed', 'Ed', 'Price', 'and', 'left', '.']",[ True]
"['Someone', 'killed', 'Paul', 'Murphy', 'and', 'left', '.']",[ True]
"['Someone', 'killed', 'Deborah', 'Harris', 'and', 'left', '.']",[ True]
"['Someone', 'killed', 'Laura', 'Cohen', 'and', 'left', '.']",[ True]
"['Someone', 'killed', 'Dan', 'Nelson', 'and', 'left', '.']",[ True]
"['Someone', 'killed', 'Nicole', 'Edwards', 'and', 'left', '.']",[ True]
"['Someone', 'killed', 'Lauren', 'Peterson', 'and', 'left', '.']",[ True]
"['Someone', 'killed', 'Dan', 'Anderson', 'and', 'left', '.']",[ True]
"['Someone', 'killed', 'Ken', 'Stevens', 'and', 'left', '.']",[ True]
"['Someone', 'killed', 'Ed', 'Coleman', 'and', 'left', '.']",[ True]
"['Someone', 'killed', 'Peter', 'Watson', 'and', 'left', '.']",[ True]
"['Someone', 'killed', 'Bob', 'Jordan', 'and', 'left', '.']",[ True]
"['Someone', 'killed', 'Sally', 'Gray', 'and', 'left', '.']",[ True]
"['Someone', 'killed', 'Lynn', 'Brown', 'and', 'left', '.']",[ True]
"['Someone', 'killed', 'Alice', 'Hall', 'and', 'left', '.']",[ True]
"['Someone', 'killed', 'Samuel', 'Palmer', 'and', 'left', '.']",[ True]
"['Someone', 'killed', 'Eric', 'Wilson', 'and', 'left', '.']",[ True]
"['Someone', 'killed', 'Ralph', 'Ross', 'and', 'left', '.']",[ True]
"['Someone', 'killed', 'Christopher', 'Thomas', 'and', 'left', '.']",[ True]
"['Someone', 'killed', 'Harry', 'Scott', 'and', 'left', '.']",[ True]
"['Someone', 'killed', 'Betty', 'Smith', 'and', 'left', '.']",[ True]
"['Someone', 'killed', 'Alice', 'Phillips', 'and', 'left', '.']",[ True]
"['Someone', 'killed', 'Roy', 'Clarke', 'and', 'left', '.']",[ True]
"['Someone', 'killed', 'Julie', 'Mason', 'and', 'left', '.']",[ True]
"['Someone', 'killed', 'Dick', 'Green', 'and', 'left', '.']",[ True]
"['Someone', 'killed', 'Diana', 'Robinson', 'and', 'left', '.']",[ True]
"['Someone', 'killed', 'Kim', 'Brooks', 'and', 'left', '.']",[ True]
"['Someone', 'killed', 'Emily', 'Roberts', 'and', 'left', '.']",[ True]
"['Someone', 'killed', 'Robin', 'Murray', 'and', 'left', '.']",[ True]
"['Someone', 'killed', 'Tony', 'Gray', 'and', 'left', '.']",[ True]
"['Someone', 'killed', 'Sophie', 'Ross', 'and', 'left', '.']",[ True]
"['Someone', 'killed', 'Frances', 'Wright', 'and', 'left', '.']",[ True]
"['Someone', 'killed', 'Jane', 'Johnson', 'and', 'left', '.']",[ True]
"['Someone', 'killed', 'Matthew', 'Stone', 'and', 'left', '.']",[ True]
"['Someone', 'killed', 'Ashley', 'James', 'and', 'left', '.']",[ True]
"['Someone', 'killed', 'Paul', 'Ford', 'and', 'left', '.']",[ True]
"['Someone', 'killed', 'Alexandra', 'Murphy', 'and', 'left', '.']",[ True]
"['Someone', 'killed', 'Stephen', 'Kelly', 'and', 'left', '.']",[ True]
"['Someone', 'killed', 'Elaine', 'Alexander', 'and', 'left', '.']",[ True]
"['Someone', 'killed', 'Frank', 'White', 'and', 'left', '.']",[ True]
"['Someone', 'killed', 'Donna', 'Harrison', 'and', 'left', '.']",[ True]
"['Someone', 'killed', 'Anthony', 'Palmer', 'and', 'left', '.']",[ True]
"['Someone', 'killed', 'Melissa', 'Moore', 'and', 'left', '.']",[ True]
"['Someone', 'killed', 'Betty', 'Alexander', 'and', 'left', '.']",[ True]
"['Someone', 'killed', 'Kenneth', 'Jackson', 'and', 'left', '.']",[ True]
"['Someone', 'killed', 'Francis', 'Phillips', 'and', 'left', '.']",[ True]
"['Someone', 'killed', 'Tony', 'Murray', 'and', 'left', '.']",[ True]
"['Someone', 'killed', 'Arthur', 'Gray', 'and', 'left', '.']",[ True]
"['Someone', 'killed', 'James', 'Jones', 'and', 'left', '.']",[ True]
"['Someone', 'killed', 'Sophie', 'Carter', 'and', 'left', '.']",[ True]
"['Someone', 'killed', 'Francis', 'Mason', 'and', 'left', '.']",[ True]
"['Someone', 'killed', 'Robert', 'Young', 'and', 'left', '.']",[ True]
"['Someone', 'killed', 'Andrea', 'Edwards', 'and', 'left', '.']",[ True]
"['Someone', 'killed', 'Daniel', 'Smith', 'and', 'left', '.']",[ True]
"['Someone', 'killed', 'Catherine', 'Thompson', 'and', 'left', '.']",[ True]
"['Someone', 'killed', 'Marilyn', 'Kelly', 'and', 'left', '.']",[ True]
"['Someone', 'killed', 'Ruth', 'Jordan', 'and', 'left', '.']",[ True]
"['Someone', 'killed', 'Laura', 'Martin', 'and', 'left', '.']",[ True]
"['Someone', 'killed', 'Ron', 'Crawford', 'and', 'left', '.']",[ True]
"['Someone', 'killed', 'Frank', 'Morgan', 'and', 'left', '.']",[ True]
"['Someone', 'killed', 'Evelyn', 'Kelly', 'and', 'left', '.']",[ True]
"['Someone', 'killed', 'Christopher', 'Parker', 'and', 'left', '.']",[ True]
"['Someone', 'killed', 'Edwin', 'Adams', 'and', 'left', '.']",[ True]
"['Someone', 'killed', 'Janet', 'Ryan', 'and', 'left', '.']",[ True]
"['Someone', 'killed', 'Carol', 'Robertson', 'and', 'left', '.']",[ True]
"['Someone', 'killed', 'Matthew', 'Miller', 'and', 'left', '.']",[ True]
"['Someone', 'killed', 'Tim', 'Evans', 'and', 'left', '.']",[ True]
"['Someone', 'killed', 'Harriet', 'Stone', 'and', 'left', '.']",[ True]
"['Someone', 'killed', 'Jack', 'Sullivan', 'and', 'left', '.']",[ True]
"['Someone', 'killed', 'Eric', 'Stevens', 'and', 'left', '.']",[ True]
"['Someone', 'killed', 'Alfred', 'Gordon', 'and', 'left', '.']",[ True]
"['Someone', 'killed', 'Katherine', 'Clarke', 'and', 'left', '.']",[ True]
"['Someone', 'killed', 'Laura', 'Davies', 'and', 'left', '.']",[ True]
"['Someone', 'killed', 'Roy', 'Watson', 'and', 'left', '.']",[ True]
"['Someone', 'killed', 'Ben', 'Johnson', 'and', 'left', '.']",[ True]
"['Someone', 'killed', 'Anthony', 'Hall', 'and', 'left', '.']",[ True]
"['Someone', 'killed', 'Lisa', 'Smith', 'and', 'left', '.']",[ True]
"['Someone', 'killed', 'George', 'Robinson', 'and', 'left', '.']",[ True]
"['Someone', 'killed', 'Kathleen', 'Brooks', 'and', 'left', '.']",[ True]
"['Someone', 'killed', 'Sara', 'Adams', 'and', 'left', '.']",[ True]
"['Someone', 'killed', 'Alexander', 'Hart', 'and', 'left', '.']",[ True]
"['Someone', 'killed', 'Rose', 'Edwards', 'and', 'left', '.']",[ True]
"['Someone', 'killed', 'Evelyn', 'Hill', 'and', 'left', '.']",[ True]
"['Someone', 'killed', 'Emma', 'Young', 'and', 'left', '.']",[ True]
"['Someone', 'killed', 'Sam', 'Carter', 'and', 'left', '.']",[ True]
"['Someone', 'killed', 'Jim', 'Kennedy', 'and', 'left', '.']",[ True]
"['Someone', 'killed', 'Kathleen', 'Edwards', 'and', 'left', '.']",[ True]
"['Someone', 'killed', 'Kathryn', 'Sullivan', 'and', 'left', '.']",[ True]
"['Someone', 'killed', 'Marie', 'Morris', 'and', 'left', '.']",[ True]
"['Someone', 'killed', 'Heather', 'Wright', 'and', 'left', '.']",[ True]
"['Someone', 'killed', 'Leslie', 'Hunter', 'and', 'left', '.']",[ True]
"['Someone', 'killed', 'Steve', 'Anderson', 'and', 'left', '.']",[ True]
"['Someone', 'killed', 'Alex', 'Foster', 'and', 'left', '.']",[ True]
"['Someone', 'killed', 'Steve', 'Ford', 'and', 'left', '.']",[ True]
"['Someone', 'killed', 'Elaine', 'Clark', 'and', 'left', '.']",[ True]
"['Someone', 'killed', 'Benjamin', 'Campbell', 'and', 'left', '.']",[ True]
"['Someone', 'killed', 'Anthony', 'Reynolds', 'and', 'left', '.']",[ True]
"['Someone', 'killed', 'Heather', 'Johnson', 'and', 'left', '.']",[ True]
"['Someone', 'killed', 'Daniel', 'Phillips', 'and', 'left', '.']",[ True]
"['Someone', 'killed', 'Annie', 'Adams', 'and', 'left', '.']",[ True]
"['Someone', 'killed', 'Patricia', 'Bennett', 'and', 'left', '.']",[ True]
"['Someone', 'killed', 'Nancy', 'Edwards', 'and', 'left', '.']",[ True]
"['Someone', 'killed', 'Charles', 'Ryan', 'and', 'left', '.']",[ True]
"['Someone', 'killed', 'Peter', 'Thompson', 'and', 'left', '.']",[ True]
"['Someone', 'killed', 'Victoria', 'Thomas', 'and', 'left', '.']",[ True]
"['Someone', 'killed', 'Judith', 'Wright', 'and', 'left', '.']",[ True]
"['Someone', 'killed', 'Rachel', 'Crawford', 'and', 'left', '.']",[ True]
"['Someone', 'killed', 'Sophie', 'Johnson', 'and', 'left', '.']",[ True]
"['Someone', 'killed', 'Patrick', 'Clarke', 'and', 'left', '.']",[ True]
"['Someone', 'killed', 'Colin', 'Reed', 'and', 'left', '.']",[ True]
"['Someone', 'killed', 'Mary', 'Young', 'and', 'left', '.']",[ True]
"['Someone', 'killed', 'Al', 'Murray', 'and', 'left', '.']",[ True]
"['Someone', 'killed', 'Dan', 'Collins', 'and', 'left', '.']",[ True]
"['Someone', 'killed', 'Jane', 'Rogers', 'and', 'left', '.']",[ True]
"['Someone', 'killed', 'Evelyn', 'Palmer', 'and', 'left', '.']",[ True]
"['Someone', 'killed', 'Jimmy', 'Russell', 'and', 'left', '.']",[ True]
"['Someone', 'killed', 'Mike', 'Robertson', 'and', 'left', '.']",[ True]
"['Someone', 'killed', 'Hugh', 'Ward', 'and', 'left', '.']",[ True]
"['Someone', 'killed', 'Matthew', 'Scott', 'and', 'left', '.']",[ True]
"['Someone', 'killed', 'Simon', 'Rogers', 'and', 'left', '.']",[ True]
"['Someone', 'killed', 'Florence', 'Evans', 'and', 'left', '.']",[ True]
"['Someone', 'killed', 'Kathy', 'Morgan', 'and', 'left', '.']",[ True]
"['Someone', 'killed', 'Claire', 'Ryan', 'and', 'left', '.']",[ True]
"['Someone', 'killed', 'Daniel', 'Jordan', 'and', 'left', '.']",[ True]
"['Someone', 'killed', 'Stephen', 'Stevens', 'and', 'left', '.']",[ True]
"['Someone', 'killed', 'Christopher', 'Ross', 'and', 'left', '.']",[ True]
"['Someone', 'killed', 'Caroline', 'Cohen', 'and', 'left', '.']",[ True]
"['Someone', 'killed', 'Martha', 'Hill', 'and', 'left', '.']",[ True]
"['Someone', 'killed', 'Larry', 'Sullivan', 'and', 'left', '.']",[ True]
"['Someone', 'killed', 'Catherine', 'King', 'and', 'left', '.']",[ True]
"['Someone', 'killed', 'Ellen', 'Rogers', 'and', 'left', '.']",[ True]
"['Someone', 'killed', 'Thomas', 'Cooper', 'and', 'left', '.']",[ True]
"['Someone', 'killed', 'Laura', 'Stevens', 'and', 'left', '.']",[ True]
"['Someone', 'killed', 'Karen', 'Williams', 'and', 'left', '.']",[ True]
"['Someone', 'killed', 'Leslie', 'Miller', 'and', 'left', '.']",[ True]
"['Someone', 'killed', 'Michelle', 'Lewis', 'and', 'left', '.']",[ True]
"['Someone', 'killed', 'Alexandra', 'Davis', 'and', 'left', '.']",[ True]
"['Someone', 'killed', 'Brian', 'James', 'and', 'left', '.']",[ True]
"['Someone', 'killed', 'Ruth', 'Walker', 'and', 'left', '.']",[ True]
"['Someone', 'killed', 'George', 'Hart', 'and', 'left', '.']",[ True]
"['Someone', 'killed', 'Laura', 'Harris', 'and', 'left', '.']",[ True]
"['Someone', 'killed', 'Emma', 'White', 'and', 'left', '.']",[ True]
"['Someone', 'killed', 'Fiona', 'Martin', 'and', 'left', '.']",[ True]
"['Someone', 'killed', 'Marie', 'Davis', 'and', 'left', '.']",[ True]
"['Someone', 'killed', 'Don', 'Ross', 'and', 'left', '.']",[ True]
"['Someone', 'killed', 'Emily', ""O'Brien"", 'and', 'left', '.']",[ True]
"['Someone', 'killed', 'Harry', 'Peterson', 'and', 'left', '.']",[ True]
"['Someone', 'killed', 'Stephen', 'Jones', 'and', 'left', '.']",[ True]
"['Someone', 'killed', 'Scott', 'Ryan', 'and', 'left', '.']",[ True]
"['Someone', 'killed', 'Alex', 'Bennett', 'and', 'left', '.']",[ True]
"['Someone', 'killed', 'Susan', 'Fisher', 'and', 'left', '.']",[ True]
"['Someone', 'killed', 'Janet', 'Scott', 'and', 'left', '.']",[ True]
"['Someone', 'killed', 'Howard', 'Morgan', 'and', 'left', '.']",[ True]
"['Someone', 'killed', 'Charlie', 'Parker', 'and', 'left', '.']",[ True]
"['Someone', 'killed', 'Alice', 'Nelson', 'and', 'left', '.']",[ True]
"['Someone', 'killed', 'Mark', 'Wood', 'and', 'left', '.']",[ True]
"['Someone', 'killed', 'Marilyn', 'Evans', 'and', 'left', '.']",[ True]
"['Someone', 'killed', 'Ruth', 'Parker', 'and', 'left', '.']",[ True]
"['Someone', 'killed', 'Frederick', 'Perry', 'and', 'left', '.']",[ True]
"['Someone', 'killed', 'Betty', 'Johnson', 'and', 'left', '.']",[ True]
"['Someone', 'killed', 'Linda', 'Jones', 'and', 'left', '.']",[ True]
"['Someone', 'killed', 'Marie', 'James', 'and', 'left', '.']",[ True]
"['Someone', 'killed', 'Patricia', 'Reynolds', 'and', 'left', '.']",[ True]
"['Someone', 'killed', 'Annie', 'Peterson', 'and', 'left', '.']",[ True]
"['Someone', 'killed', 'Walter', 'Hart', 'and', 'left', '.']",[ True]
"['Someone', 'killed', 'Patricia', 'Green', 'and', 'left', '.']",[ True]
"['Someone', 'killed', 'Margaret', 'Davis', 'and', 'left', '.']",[ True]
"['Someone', 'killed', 'Christopher', 'Parker', 'and', 'left', '.']",[ True]
"['Someone', 'killed', 'Nancy', 'Reynolds', 'and', 'left', '.']",[ True]
"['Someone', 'killed', 'Harry', 'Marshall', 'and', 'left', '.']",[ True]
"['Someone', 'killed', 'Kathryn', 'Kelly', 'and', 'left', '.']",[ True]
"['Someone', 'killed', 'Anthony', 'Murray', 'and', 'left', '.']",[ True]
"['Someone', 'killed', 'Nicole', 'Scott', 'and', 'left', '.']",[ True]
"['Someone', 'killed', 'Christopher', 'Alexander', 'and', 'left', '.']",[ True]
"['Someone', 'killed', 'Dave', 'Richardson', 'and', 'left', '.']",[ True]
"['Someone', 'killed', 'Caroline', 'Allen', 'and', 'left', '.']",[ True]
"['Someone', 'killed', 'Patrick', 'Parker', 'and', 'left', '.']",[ True]
"['Someone', 'killed', 'Bill', 'Rose', 'and', 'left', '.']",[False]
"['Someone', 'killed', 'Carl', 'Nelson', 'and', 'left', '.']",[ True]
"['Someone', 'killed', 'Harold', 'Ford', 'and', 'left', '.']",[ True]
"['Someone', 'killed', 'Roy', 'Bennett', 'and', 'left', '.']",[ True]
"['Someone', 'killed', 'Catherine', 'Henderson', 'and', 'left', '.']",[ True]
"['Someone', 'killed', 'Daniel', 'Collins', 'and', 'left', '.']",[ True]
"['Someone', 'killed', 'Nicole', 'Murray', 'and', 'left', '.']",[ True]
"['Someone', 'killed', 'Sophie', 'Robertson', 'and', 'left', '.']",[ True]
"['Someone', 'killed', 'Rebecca', 'Anderson', 'and', 'left', '.']",[ True]
"['Someone', 'killed', 'Jay', 'Allen', 'and', 'left', '.']",[ True]
"['Someone', 'killed', 'Barbara', 'Martin', 'and', 'left', '.']",[ True]
"['Someone', 'killed', 'Robin', 'Bailey', 'and', 'left', '.']",[ True]
"['Someone', 'killed', 'Edward', 'Perry', 'and', 'left', '.']",[ True]
"['Someone', 'killed', 'Alexander', 'Williams', 'and', 'left', '.']",[ True]
"['Someone', 'killed', 'Julie', 'Carter', 'and', 'left', '.']",[ True]
"['Someone', 'killed', 'Kathryn', 'Murray', 'and', 'left', '.']",[ True]
"['Someone', 'killed', 'Charlotte', 'Johnson', 'and', 'left', '.']",[ True]
"['Someone', 'killed', 'Katie', 'Collins', 'and', 'left', '.']",[ True]
"['Someone', 'killed', 'Ron', 'Ford', 'and', 'left', '.']",[ True]
"['Someone', 'killed', 'Nancy', 'Hunter', 'and', 'left', '.']",[ True]
"['Someone', 'killed', 'Edward', 'Adams', 'and', 'left', '.']",[ True]
"['Someone', 'killed', 'Jeff', 'Peterson', 'and', 'left', '.']",[ True]
"['Someone', 'killed', 'Kathy', 'Murray', 'and', 'left', '.']",[ True]
"['Someone', 'killed', 'Kevin', 'Clarke', 'and', 'left', '.']",[ True]
"['Someone', 'killed', 'Florence', 'Johnson', 'and', 'left', '.']",[ True]
"['Someone', 'killed', 'Amy', 'Morgan', 'and', 'left', '.']",[ True]
"['Someone', 'killed', 'Pamela', 'Ryan', 'and', 'left', '.']",[ True]
"['Someone', 'killed', 'Pamela', 'James', 'and', 'left', '.']",[ True]
"['Someone', 'killed', 'Arthur', 'Perry', 'and', 'left', '.']",[ True]
"['Someone', 'killed', 'Amy', 'Richardson', 'and', 'left', '.']",[ True]
"['Someone', 'killed', 'Patricia', 'Coleman', 'and', 'left', '.']",[ True]
"['Someone', 'killed', 'Elizabeth', 'Scott', 'and', 'left', '.']",[ True]
"['Someone', 'killed', 'Ken', 'Davies', 'and', 'left', '.']",[ True]
"['Someone', 'killed', 'Al', 'Henderson', 'and', 'left', '.']",[ True]
"['Someone', 'killed', 'George', 'Morris', 'and', 'left', '.']",[ True]
"['Someone', 'killed', 'Emma', 'Reynolds', 'and', 'left', '.']",[ True]
"['Someone', 'killed', 'Bruce', 'Morgan', 'and', 'left', '.']",[ True]
"['Someone', 'killed', 'Louise', 'Brown', 'and', 'left', '.']",[ True]
"['Someone', 'killed', 'Ben', 'Rogers', 'and', 'left', '.']",[ True]
"['Someone', 'killed', 'Sophie', 'Crawford', 'and', 'left', '.']",[ True]
"['Someone', 'killed', 'Nancy', 'Russell', 'and', 'left', '.']",[ True]
"['Someone', 'killed', 'Thomas', 'Wilson', 'and', 'left', '.']",[ True]
"['Someone', 'killed', 'Diane', 'Thomas', 'and', 'left', '.']",[ True]
"['Someone', 'killed', 'Suzanne', 'Stewart', 'and', 'left', '.']",[ True]
"['Someone', 'killed', 'Ralph', 'Wood', 'and', 'left', '.']",[ True]
"['Someone', 'killed', 'Pamela', 'Palmer', 'and', 'left', '.']",[ True]
"['Someone', 'killed', 'Joan', 'Clarke', 'and', 'left', '.']",[ True]
"['Someone', 'killed', 'Alex', 'Stevens', 'and', 'left', '.']",[ True]
"['Someone', 'killed', 'Cynthia', 'Baker', 'and', 'left', '.']",[ True]
"['Someone', 'killed', 'Maria', 'Morris', 'and', 'left', '.']",[ True]
"['Someone', 'killed', 'Alison', 'Anderson', 'and', 'left', '.']",[ True]
"['Someone', 'killed', 'Bob', 'Moore', 'and', 'left', '.']",[ True]
"['Someone', 'killed', 'Patrick', 'Harrison', 'and', 'left', '.']",[ True]
"['Someone', 'killed', 'Frank', 'Coleman', 'and', 'left', '.']",[ True]
"['Someone', 'killed', 'Michael', 'Edwards', 'and', 'left', '.']",[ True]
"['Someone', 'killed', 'Bob', 'Taylor', 'and', 'left', '.']",[ True]
"['Someone', 'killed', 'Susan', 'Hunter', 'and', 'left', '.']",[ True]
"['Someone', 'killed', 'Jessica', 'Palmer', 'and', 'left', '.']",[ True]
"['Someone', 'killed', 'Bill', 'Jordan', 'and', 'left', '.']",[ True]
"['Someone', 'killed', 'Christopher', 'Turner', 'and', 'left', '.']",[ True]
"['Someone', 'killed', 'Robert', ""O'Brien"", 'and', 'left', '.']",[ True]
"['Someone', 'killed', 'Kathleen', 'Perry', 'and', 'left', '.']",[ True]
"['Someone', 'killed', 'Carolyn', 'Kelly', 'and', 'left', '.']",[ True]
"['Someone', 'killed', 'Jennifer', 'Allen', 'and', 'left', '.']",[ True]
"['Someone', 'killed', 'Al', 'Cohen', 'and', 'left', '.']",[ True]
"['Someone', 'killed', 'Katie', 'Kelly', 'and', 'left', '.']",[ True]
"['Someone', 'killed', 'Mike', 'Foster', 'and', 'left', '.']",[ True]
"['Someone', 'killed', 'Ben', 'Collins', 'and', 'left', '.']",[ True]
"['Someone', 'killed', 'Lucy', 'Hunter', 'and', 'left', '.']",[ True]
"['Someone', 'killed', 'Jennifer', 'Clarke', 'and', 'left', '.']",[ True]
"['Someone', 'killed', 'Harry', 'Morris', 'and', 'left', '.']",[ True]
"['Someone', 'killed', 'Jane', 'Perry', 'and', 'left', '.']",[ True]
"['Someone', 'killed', 'Elaine', 'Jones', 'and', 'left', '.']",[ True]
"['Someone', 'killed', 'Dorothy', 'Alexander', 'and', 'left', '.']",[ True]
"['Someone', 'killed', 'Tom', 'Davies', 'and', 'left', '.']",[ True]
"['Someone', 'killed', 'Matthew', 'Sullivan', 'and', 'left', '.']",[ True]
"['Someone', 'killed', 'Fred', 'Smith', 'and', 'left', '.']",[ True]
"['Someone', 'killed', 'Julia', 'Cook', 'and', 'left', '.']",[ True]
"['Someone', 'killed', 'Scott', 'Stewart', 'and', 'left', '.']",[ True]
"['Someone', 'killed', 'Harry', 'Sullivan', 'and', 'left', '.']",[ True]
"['Someone', 'killed', 'Leslie', 'Lewis', 'and', 'left', '.']",[ True]
"['Someone', 'killed', 'Sara', 'Cooper', 'and', 'left', '.']",[ True]
"['Someone', 'killed', 'Jean', 'Ryan', 'and', 'left', '.']",[ True]
"['Someone', 'killed', 'Emma', 'Davies', 'and', 'left', '.']",[ True]
"['Someone', 'killed', 'Christopher', 'Scott', 'and', 'left', '.']",[ True]
"['Someone', 'killed', 'Grace', 'Crawford', 'and', 'left', '.']",[ True]
"['Someone', 'killed', 'Patricia', 'Roberts', 'and', 'left', '.']",[ True]
"['Someone', 'killed', 'Emily', 'Shaw', 'and', 'left', '.']",[ True]
"['Someone', 'killed', 'Kevin', 'Clarke', 'and', 'left', '.']",[ True]
"['Someone', 'killed', 'Edith', 'Bailey', 'and', 'left', '.']",[ True]
"['Someone', 'killed', 'Alex', 'Baker', 'and', 'left', '.']",[ True]
"['Someone', 'killed', 'Albert', 'Robinson', 'and', 'left', '.']",[ True]
"['Someone', 'killed', 'Robin', 'Rose', 'and', 'left', '.']",[ True]
"['Someone', 'killed', 'Kevin', 'Harrison', 'and', 'left', '.']",[ True]
"['Someone', 'killed', 'David', 'Henderson', 'and', 'left', '.']",[ True]
"['Someone', 'killed', 'Colin', 'Lewis', 'and', 'left', '.']",[ True]
"['Someone', 'killed', 'Kathy', ""O'Brien"", 'and', 'left', '.']",[ True]
"['Someone', 'killed', 'Hugh', 'Price', 'and', 'left', '.']",[ True]
"['Someone', 'killed', 'Susan', 'Coleman', 'and', 'left', '.']",[ True]
"['Someone', 'killed', 'Harold', 'Ryan', 'and', 'left', '.']",[ True]
"['Someone', 'killed', 'Stephanie', 'Moore', 'and', 'left', '.']",[ True]
"['Someone', 'killed', 'Johnny', 'Robertson', 'and', 'left', '.']",[ True]
"['Someone', 'killed', 'Alexandra', 'Reed', 'and', 'left', '.']",[ True]
"['Someone', 'killed', 'Frances', 'Brown', 'and', 'left', '.']",[ True]
"['Someone', 'killed', 'Ralph', 'Stewart', 'and', 'left', '.']",[ True]
"['Someone', 'killed', 'Kelly', 'Edwards', 'and', 'left', '.']",[ True]
"['Someone', 'killed', 'Anthony', 'Williams', 'and', 'left', '.']",[ True]
"['Someone', 'killed', 'Martin', 'Stone', 'and', 'left', '.']",[ True]
"['Someone', 'killed', 'Catherine', 'Miller', 'and', 'left', '.']",[ True]
"['Someone', 'killed', 'Francis', 'King', 'and', 'left', '.']",[ True]
"['Someone', 'killed', 'Mike', 'Reynolds', 'and', 'left', '.']",[ True]
"['Someone', 'killed', 'Amy', 'Mason', 'and', 'left', '.']",[ True]
"['Someone', 'killed', 'Joan', 'Hunter', 'and', 'left', '.']",[ True]
"['Someone', 'killed', 'Kathleen', 'Crawford', 'and', 'left', '.']",[ True]
"['Someone', 'killed', 'Joe', 'Ryan', 'and', 'left', '.']",[ True]
"['Someone', 'killed', 'Lucy', 'Brooks', 'and', 'left', '.']",[ True]
"['Someone', 'killed', 'Grace', 'Coleman', 'and', 'left', '.']",[ True]
"['Someone', 'killed', 'Jerry', 'Carter', 'and', 'left', '.']",[ True]
"['Someone', 'killed', 'Peter', 'King', 'and', 'left', '.']",[ True]
"['Someone', 'killed', 'Alice', 'Young', 'and', 'left', '.']",[ True]
"['Someone', 'killed', 'Eleanor', 'Campbell', 'and', 'left', '.']",[ True]
"['Someone', 'killed', 'Simon', 'Hart', 'and', 'left', '.']",[ True]
"['Someone', 'killed', 'Walter', 'King', 'and', 'left', '.']",[ True]
"['Someone', 'killed', 'Linda', 'Adams', 'and', 'left', '.']",[ True]
"['Someone', 'killed', 'Margaret', 'Scott', 'and', 'left', '.']",[ True]
"['Someone', 'killed', 'George', 'Fisher', 'and', 'left', '.']",[ True]
"['Someone', 'killed', 'Carl', 'Hunter', 'and', 'left', '.']",[ True]
"['Someone', 'killed', 'Katie', 'Green', 'and', 'left', '.']",[ True]
"['Someone', 'killed', 'Benjamin', 'Ross', 'and', 'left', '.']",[ True]
"['Someone', 'killed', 'Adam', 'Brown', 'and', 'left', '.']",[ True]
"['Someone', 'killed', 'Simon', 'Murray', 'and', 'left', '.']",[ True]
"['Someone', 'killed', 'Emma', 'James', 'and', 'left', '.']",[ True]
"['Someone', 'killed', 'Nick', 'Jordan', 'and', 'left', '.']",[ True]
"['Someone', 'killed', 'Carol', 'Bennett', 'and', 'left', '.']",[ True]
"['Someone', 'killed', 'Elizabeth', 'Gordon', 'and', 'left', '.']",[ True]
"['Someone', 'killed', 'Ian', 'Kennedy', 'and', 'left', '.']",[ True]
"['Someone', 'killed', 'Bill', 'Walker', 'and', 'left', '.']",[ True]
"['Someone', 'killed', 'Charlotte', 'Kelly', 'and', 'left', '.']",[ True]
"['Someone', 'killed', 'Diane', 'Gordon', 'and', 'left', '.']",[ True]
"['Someone', 'killed', 'Jack', 'Davis', 'and', 'left', '.']",[ True]
"['Someone', 'killed', 'Virginia', 'Kelly', 'and', 'left', '.']",[ True]
"['Someone', 'killed', 'Amy', 'Jones', 'and', 'left', '.']",[ True]
"['Someone', 'killed', 'Jack', 'Allen', 'and', 'left', '.']",[ True]
"['Someone', 'killed', 'Sam', 'Gordon', 'and', 'left', '.']",[ True]
"['Someone', 'killed', 'Nick', 'Perry', 'and', 'left', '.']",[ True]
"['Someone', 'killed', 'Greg', 'Ward', 'and', 'left', '.']",[ True]
"['Someone', 'killed', 'Hugh', 'White', 'and', 'left', '.']",[ True]
"['Someone', 'killed', 'Anna', 'Jackson', 'and', 'left', '.']",[ True]
"['Someone', 'killed', 'Alice', 'Ford', 'and', 'left', '.']",[ True]
"['Someone', 'killed', 'George', 'Davies', 'and', 'left', '.']",[ True]
"['Someone', 'killed', 'Charles', 'Wilson', 'and', 'left', '.']",[ True]
"['Someone', 'killed', 'Mark', 'Hughes', 'and', 'left', '.']",[ True]
"['Someone', 'killed', 'Ryan', 'Ward', 'and', 'left', '.']",[ True]
"['Someone', 'killed', 'Evelyn', 'Anderson', 'and', 'left', '.']",[ True]
"['Someone', 'killed', 'Cynthia', 'Jackson', 'and', 'left', '.']",[ True]
"['Someone', 'killed', 'Sophie', 'Murphy', 'and', 'left', '.']",[ True]
"['Someone', 'killed', 'Mark', 'Mitchell', 'and', 'left', '.']",[ True]
"['Someone', 'killed', 'Alan', 'Cohen', 'and', 'left', '.']",[ True]
"['Someone', 'killed', 'Anna', 'Morris', 'and', 'left', '.']",[ True]
"['Someone', 'killed', 'Catherine', 'Robertson', 'and', 'left', '.']",[ True]
"['Someone', 'killed', 'Jonathan', 'Rogers', 'and', 'left', '.']",[ True]
"['Someone', 'killed', 'Ed', 'King', 'and', 'left', '.']",[ True]
"['Someone', 'killed', 'Eleanor', 'Thomas', 'and', 'left', '.']",[ True]
"['Someone', 'killed', 'Alex', 'Hamilton', 'and', 'left', '.']",[ True]
"['Someone', 'killed', 'Matthew', 'Allen', 'and', 'left', '.']",[ True]
"['Someone', 'killed', 'Kim', 'Russell', 'and', 'left', '.']",[ True]
"['Someone', 'killed', 'Dick', 'Adams', 'and', 'left', '.']",[ True]
"['Someone', 'killed', 'Joseph', 'Shaw', 'and', 'left', '.']",[ True]
"['Someone', 'killed', 'Richard', 'Harrison', 'and', 'left', '.']",[ True]
"['Someone', 'killed', 'Hugh', 'Mason', 'and', 'left', '.']",[ True]
"['Someone', 'killed', 'Edith', 'Kennedy', 'and', 'left', '.']",[ True]
"['Someone', 'killed', 'Evelyn', 'Rose', 'and', 'left', '.']",[False]
"['Someone', 'killed', 'Nancy', 'Stone', 'and', 'left', '.']",[ True]
"['Someone', 'killed', 'Simon', 'Carter', 'and', 'left', '.']",[ True]
"['Someone', 'killed', 'Ellen', 'Parker', 'and', 'left', '.']",[ True]
"['Someone', 'killed', 'Rachel', 'Parker', 'and', 'left', '.']",[ True]
"['Someone', 'killed', 'Al', 'Morris', 'and', 'left', '.']",[ True]
"['Someone', 'killed', 'Marie', 'Miller', 'and', 'left', '.']",[ True]
"['Someone', 'killed', 'Ed', 'Stevens', 'and', 'left', '.']",[ True]
"['Someone', 'killed', 'Melissa', 'Rose', 'and', 'left', '.']",[False]
"['Someone', 'killed', 'Thomas', 'Davis', 'and', 'left', '.']",[ True]
"['Someone', 'killed', 'Edward', 'Stewart', 'and', 'left', '.']",[ True]
"['Someone', 'killed', 'Jane', 'Mason', 'and', 'left', '.']",[ True]
"['Someone', 'killed', 'Ian', 'Alexander', 'and', 'left', '.']",[ True]
"['Someone', 'killed', 'Rose', 'Robinson', 'and', 'left', '.']",[ True]
"['Someone', 'killed', 'Pamela', 'Gordon', 'and', 'left', '.']",[ True]
"['Someone', 'killed', 'Edward', 'Peterson', 'and', 'left', '.']",[ True]
"['Someone', 'killed', 'Jennifer', 'Moore', 'and', 'left', '.']",[ True]
"['Someone', 'killed', 'Susan', 'Graham', 'and', 'left', '.']",[ True]
"['Someone', 'killed', 'Sam', 'Hill', 'and', 'left', '.']",[ True]
"['Someone', 'killed', 'Mary', 'Collins', 'and', 'left', '.']",[ True]
