"['Someone', 'killed', 'Donald', 'Wilson', '.']",[ True]
"['Someone', 'killed', 'Bobby', 'Wilson', '.']",[ True]
"['Someone', 'killed', 'Alfred', 'Turner', '.']",[ True]
"['Someone', 'killed', 'Jane', 'Rogers', '.']",[ True]
"['Someone', 'killed', 'Joe', 'Alexander', '.']",[ True]
"['Someone', 'killed', 'Harold', 'Foster', '.']",[ True]
"['Someone', 'killed', 'Sharon', 'Hughes', '.']",[ True]
"['Someone', 'killed', 'Adam', 'Cook', '.']",[ True]
"['Someone', 'killed', 'Pamela', 'Wright', '.']",[ True]
"['Someone', 'killed', 'Joseph', 'Morris', '.']",[ True]
"['Someone', 'killed', 'Alfred', 'Miller', '.']",[ True]
"['Someone', 'killed', 'Caroline', 'Rose', '.']",[ True]
"['Someone', 'killed', 'Scott', 'Stone', '.']",[ True]
"['Someone', 'killed', 'Jill', 'Ford', '.']",[ True]
"['Someone', 'killed', 'Evelyn', 'Ward', '.']",[ True]
"['Someone', 'killed', 'Virginia', 'Williams', '.']",[ True]
"['Someone', 'killed', 'Julie', 'Thomas', '.']",[ True]
"['Someone', 'killed', 'Scott', 'Nelson', '.']",[ True]
"['Someone', 'killed', 'Alex', 'Hart', '.']",[ True]
"['Someone', 'killed', 'Lisa', 'Henderson', '.']",[ True]
"['Someone', 'killed', 'Diane', 'Murray', '.']",[ True]
"['Someone', 'killed', 'Carol', 'Robinson', '.']",[ True]
"['Someone', 'killed', 'Deborah', 'Howard', '.']",[ True]
"['Someone', 'killed', 'Jessica', 'Stone', '.']",[ True]
"['Someone', 'killed', 'Nancy', 'Shaw', '.']",[ True]
"['Someone', 'killed', 'Carolyn', 'Martin', '.']",[ True]
"['Someone', 'killed', 'Julie', 'Williams', '.']",[ True]
"['Someone', 'killed', 'Kathleen', 'Gray', '.']",[ True]
"['Someone', 'killed', 'Dick', 'Turner', '.']",[ True]
"['Someone', 'killed', 'Sarah', 'Morris', '.']",[ True]
"['Someone', 'killed', 'Ron', 'Watson', '.']",[ True]
"['Someone', 'killed', 'Sharon', 'Wilson', '.']",[ True]
"['Someone', 'killed', 'Al', 'Price', '.']",[ True]
"['Someone', 'killed', 'Rose', 'Richardson', '.']",[ True]
"['Someone', 'killed', 'Stephen', 'Rogers', '.']",[ True]
"['Someone', 'killed', 'Emily', 'Mitchell', '.']",[ True]
"['Someone', 'killed', 'Sara', 'Allen', '.']",[ True]
"['Someone', 'killed', 'Kate', 'Thomas', '.']",[ True]
"['Someone', 'killed', 'Roy', 'Walker', '.']",[ True]
"['Someone', 'killed', 'Laura', 'Nelson', '.']",[ True]
"['Someone', 'killed', 'Marilyn', 'Bell', '.']",[ True]
"['Someone', 'killed', 'Steve', 'Scott', '.']",[ True]
"['Someone', 'killed', 'Kate', 'Cook', '.']",[ True]
"['Someone', 'killed', 'Christopher', 'Murray', '.']",[ True]
"['Someone', 'killed', 'Edward', 'Robertson', '.']",[ True]
"['Someone', 'killed', 'Emily', 'Miller', '.']",[ True]
"['Someone', 'killed', 'Tom', 'Mitchell', '.']",[ True]
"['Someone', 'killed', 'Fiona', 'Peterson', '.']",[ True]
"['Someone', 'killed', 'Daniel', 'Price', '.']",[ True]
"['Someone', 'killed', 'Ron', 'Reed', '.']",[ True]
"['Someone', 'killed', 'Nicole', 'Wright', '.']",[ True]
"['Someone', 'killed', 'Marilyn', 'Marshall', '.']",[ True]
"['Someone', 'killed', 'Charlie', 'Brooks', '.']",[ True]
"['Someone', 'killed', 'Nicole', 'Reed', '.']",[ True]
"['Someone', 'killed', 'Roger', 'Nelson', '.']",[ True]
"['Someone', 'killed', 'Ian', 'Morris', '.']",[ True]
"['Someone', 'killed', 'Edwin', 'Harrison', '.']",[ True]
"['Someone', 'killed', 'Katie', 'Henderson', '.']",[ True]
"['Someone', 'killed', 'Harold', 'Campbell', '.']",[ True]
"['Someone', 'killed', 'Al', 'Bennett', '.']",[ True]
"['Someone', 'killed', 'Martin', 'Palmer', '.']",[ True]
"['Someone', 'killed', 'Kathy', ""O'Brien"", '.']",[ True]
"['Someone', 'killed', 'Melissa', 'Murray', '.']",[ True]
"['Someone', 'killed', 'Al', 'Rogers', '.']",[ True]
"['Someone', 'killed', 'Anne', 'Baker', '.']",[ True]
"['Someone', 'killed', 'Lynn', 'Phillips', '.']",[ True]
"['Someone', 'killed', 'Brian', 'Rose', '.']",[ True]
"['Someone', 'killed', 'Sophie', 'Taylor', '.']",[ True]
"['Someone', 'killed', 'Harriet', 'Henderson', '.']",[ True]
"['Someone', 'killed', 'Nicole', 'Henderson', '.']",[ True]
"['Someone', 'killed', 'Dan', 'Miller', '.']",[ True]
"['Someone', 'killed', 'Rose', 'Phillips', '.']",[ True]
"['Someone', 'killed', 'Chris', 'Johnson', '.']",[ True]
"['Someone', 'killed', 'Adam', ""O'Brien"", '.']",[ True]
"['Someone', 'killed', 'Susan', ""O'Brien"", '.']",[ True]
"['Someone', 'killed', 'Wendy', 'Stevens', '.']",[ True]
"['Someone', 'killed', 'Katie', 'Cohen', '.']",[ True]
"['Someone', 'killed', 'Carol', 'Foster', '.']",[ True]
"['Someone', 'killed', 'Jason', 'Marshall', '.']",[ True]
"['Someone', 'killed', 'Janet', 'Robertson', '.']",[ True]
"['Someone', 'killed', 'Jeff', ""O'Brien"", '.']",[ True]
"['Someone', 'killed', 'Amy', 'Jordan', '.']",[ True]
"['Someone', 'killed', 'Bob', 'Mitchell', '.']",[ True]
"['Someone', 'killed', 'Amanda', 'Cooper', '.']",[ True]
"['Someone', 'killed', 'Ron', 'Robinson', '.']",[ True]
"['Someone', 'killed', 'Harold', 'Kelly', '.']",[ True]
"['Someone', 'killed', 'Kevin', 'Stevens', '.']",[ True]
"['Someone', 'killed', 'Amanda', 'Roberts', '.']",[ True]
"['Someone', 'killed', 'Cynthia', 'Mitchell', '.']",[ True]
"['Someone', 'killed', 'Andrew', 'Alexander', '.']",[ True]
"['Someone', 'killed', 'Francis', 'Perry', '.']",[ True]
"['Someone', 'killed', 'Jane', 'Jordan', '.']",[ True]
"['Someone', 'killed', 'Philip', 'Ford', '.']",[ True]
"['Someone', 'killed', 'Barbara', 'Brooks', '.']",[ True]
"['Someone', 'killed', 'Katherine', 'Martin', '.']",[ True]
"['Someone', 'killed', 'Louis', 'Howard', '.']",[ True]
"['Someone', 'killed', 'Alex', 'Henderson', '.']",[ True]
"['Someone', 'killed', 'Stephanie', 'Gray', '.']",[ True]
"['Someone', 'killed', 'Matthew', 'Bailey', '.']",[ True]
"['Someone', 'killed', 'Jack', 'Brown', '.']",[ True]
"['Someone', 'killed', 'Kathleen', 'Ward', '.']",[ True]
"['Someone', 'killed', 'Kevin', 'Adams', '.']",[ True]
"['Someone', 'killed', 'Ryan', 'Davis', '.']",[ True]
"['Someone', 'killed', 'Patrick', 'King', '.']",[ True]
"['Someone', 'killed', 'Ron', 'Wright', '.']",[ True]
"['Someone', 'killed', 'Tom', 'Shaw', '.']",[ True]
"['Someone', 'killed', 'Matthew', 'Evans', '.']",[ True]
"['Someone', 'killed', 'Bruce', 'Gray', '.']",[ True]
"['Someone', 'killed', 'Heather', 'Rose', '.']",[ True]
"['Someone', 'killed', 'Steven', 'Edwards', '.']",[ True]
"['Someone', 'killed', 'Leslie', 'Robertson', '.']",[ True]
"['Someone', 'killed', 'Sarah', 'Jones', '.']",[ True]
"['Someone', 'killed', 'Ray', 'Clarke', '.']",[ True]
"['Someone', 'killed', 'Adam', 'Shaw', '.']",[ True]
"['Someone', 'killed', 'Bruce', 'Rogers', '.']",[ True]
"['Someone', 'killed', 'Wendy', 'Davis', '.']",[ True]
"['Someone', 'killed', 'Alison', 'Perry', '.']",[ True]
"['Someone', 'killed', 'Ryan', 'Reynolds', '.']",[ True]
"['Someone', 'killed', 'Katie', 'Brown', '.']",[ True]
"['Someone', 'killed', 'Jane', 'Scott', '.']",[ True]
"['Someone', 'killed', 'Ralph', 'Price', '.']",[ True]
"['Someone', 'killed', 'Harry', 'Adams', '.']",[ True]
"['Someone', 'killed', 'Alexandra', 'Davis', '.']",[ True]
"['Someone', 'killed', 'Christine', 'Cooper', '.']",[ True]
"['Someone', 'killed', 'Harold', 'Henderson', '.']",[ True]
"['Someone', 'killed', 'Jack', 'Wright', '.']",[ True]
"['Someone', 'killed', 'Roy', 'Gordon', '.']",[ True]
"['Someone', 'killed', 'Charlie', 'Adams', '.']",[ True]
"['Someone', 'killed', 'Kenneth', 'Jordan', '.']",[ True]
"['Someone', 'killed', 'Charlie', 'Ryan', '.']",[ True]
"['Someone', 'killed', 'Scott', 'Wilson', '.']",[ True]
"['Someone', 'killed', 'Joan', 'Allen', '.']",[ True]
"['Someone', 'killed', 'Virginia', 'Morris', '.']",[ True]
"['Someone', 'killed', 'Emily', 'Harrison', '.']",[ True]
"['Someone', 'killed', 'Eric', 'Williams', '.']",[ True]
"['Someone', 'killed', 'Kelly', 'Gray', '.']",[ True]
"['Someone', 'killed', 'Dorothy', 'Nelson', '.']",[ True]
"['Someone', 'killed', 'Sharon', 'Stevens', '.']",[ True]
"['Someone', 'killed', 'Barbara', 'Reed', '.']",[ True]
"['Someone', 'killed', 'Leslie', 'Harrison', '.']",[ True]
"['Someone', 'killed', 'Diane', 'Stewart', '.']",[ True]
"['Someone', 'killed', 'Ken', 'Rogers', '.']",[ True]
"['Someone', 'killed', 'Louis', 'Murray', '.']",[ True]
"['Someone', 'killed', 'Anna', 'Perry', '.']",[ True]
"['Someone', 'killed', 'Sara', 'Davis', '.']",[ True]
"['Someone', 'killed', 'Grace', 'Butler', '.']",[ True]
"['Someone', 'killed', 'Leslie', 'Price', '.']",[ True]
"['Someone', 'killed', 'Jay', 'Murphy', '.']",[ True]
"['Someone', 'killed', 'Eric', 'Ford', '.']",[ True]
"['Someone', 'killed', 'Paul', 'Palmer', '.']",[ True]
"['Someone', 'killed', 'Don', 'Alexander', '.']",[ True]
"['Someone', 'killed', 'Alan', 'Martin', '.']",[ True]
"['Someone', 'killed', 'Eleanor', 'Palmer', '.']",[ True]
"['Someone', 'killed', 'Ben', 'Morgan', '.']",[ True]
"['Someone', 'killed', 'Jim', 'Richardson', '.']",[ True]
"['Someone', 'killed', 'Sam', 'Foster', '.']",[ True]
"['Someone', 'killed', 'Frank', 'Kelly', '.']",[ True]
"['Someone', 'killed', 'Diane', 'Miller', '.']",[ True]
"['Someone', 'killed', 'Mary', 'Smith', '.']",[ True]
"['Someone', 'killed', 'Elizabeth', 'Kennedy', '.']",[ True]
"['Someone', 'killed', 'Tony', 'Hamilton', '.']",[ True]
"['Someone', 'killed', 'Don', 'Reed', '.']",[ True]
"['Someone', 'killed', 'Steven', 'Shaw', '.']",[ True]
"['Someone', 'killed', 'Sarah', 'Evans', '.']",[ True]
"['Someone', 'killed', 'Sue', 'Williams', '.']",[ True]
"['Someone', 'killed', 'Julie', 'Harris', '.']",[ True]
"['Someone', 'killed', 'Christine', 'Robinson', '.']",[ True]
"['Someone', 'killed', 'Melissa', 'Howard', '.']",[ True]
"['Someone', 'killed', 'Rachel', 'Bailey', '.']",[ True]
"['Someone', 'killed', 'George', 'Coleman', '.']",[ True]
"['Someone', 'killed', 'Ruth', 'Ward', '.']",[ True]
"['Someone', 'killed', 'Cynthia', 'Wright', '.']",[ True]
"['Someone', 'killed', 'Anthony', 'Jones', '.']",[ True]
"['Someone', 'killed', 'Roy', 'Hunter', '.']",[ True]
"['Someone', 'killed', 'Frances', 'Gray', '.']",[ True]
"['Someone', 'killed', 'Walter', 'Nelson', '.']",[ True]
"['Someone', 'killed', 'Stephanie', 'Cohen', '.']",[ True]
"['Someone', 'killed', 'Florence', 'Marshall', '.']",[ True]
"['Someone', 'killed', 'Sara', 'Hill', '.']",[ True]
"['Someone', 'killed', 'Patricia', 'Ross', '.']",[ True]
"['Someone', 'killed', 'Kathryn', 'Smith', '.']",[ True]
"['Someone', 'killed', 'Don', 'Taylor', '.']",[ True]
"['Someone', 'killed', 'David', 'Brooks', '.']",[ True]
"['Someone', 'killed', 'Kelly', 'Ward', '.']",[ True]
"['Someone', 'killed', 'Donald', 'Mason', '.']",[ True]
"['Someone', 'killed', 'Brian', 'Ryan', '.']",[ True]
"['Someone', 'killed', 'Mark', 'Kennedy', '.']",[ True]
"['Someone', 'killed', 'Katie', 'Smith', '.']",[ True]
"['Someone', 'killed', 'Lynn', 'Hamilton', '.']",[ True]
"['Someone', 'killed', 'Anna', 'Davies', '.']",[ True]
"['Someone', 'killed', 'Charlotte', 'Stewart', '.']",[ True]
"['Someone', 'killed', 'Karen', 'Roberts', '.']",[ True]
"['Someone', 'killed', 'Ed', 'Kennedy', '.']",[ True]
"['Someone', 'killed', 'Diane', 'Jackson', '.']",[ True]
"['Someone', 'killed', 'Laura', 'Clarke', '.']",[ True]
"['Someone', 'killed', 'Joe', ""O'Brien"", '.']",[ True]
"['Someone', 'killed', 'Carl', 'Baker', '.']",[ True]
"['Someone', 'killed', 'Roger', 'Peterson', '.']",[ True]
"['Someone', 'killed', 'Andrea', 'Adams', '.']",[ True]
"['Someone', 'killed', 'Amy', 'Ryan', '.']",[ True]
"['Someone', 'killed', 'Dave', 'Young', '.']",[ True]
"['Someone', 'killed', 'Edith', 'Parker', '.']",[ True]
"['Someone', 'killed', 'Virginia', 'Morris', '.']",[ True]
"['Someone', 'killed', 'Louise', 'Collins', '.']",[ True]
"['Someone', 'killed', 'Diana', 'Hart', '.']",[ True]
"['Someone', 'killed', 'Al', 'Perry', '.']",[ True]
"['Someone', 'killed', 'Karen', 'Parker', '.']",[ True]
"['Someone', 'killed', 'Benjamin', 'Ward', '.']",[ True]
"['Someone', 'killed', 'Diana', 'Edwards', '.']",[ True]
"['Someone', 'killed', 'Matt', 'Stewart', '.']",[ True]
"['Someone', 'killed', 'Tim', 'Howard', '.']",[ True]
"['Someone', 'killed', 'Caroline', 'Jones', '.']",[ True]
"['Someone', 'killed', 'Johnny', 'Thomas', '.']",[ True]
"['Someone', 'killed', 'Alison', 'Richardson', '.']",[ True]
"['Someone', 'killed', 'Fiona', 'Clark', '.']",[ True]
"['Someone', 'killed', 'Evelyn', 'Ward', '.']",[ True]
"['Someone', 'killed', 'Ken', 'Reed', '.']",[ True]
"['Someone', 'killed', 'Ashley', 'Collins', '.']",[ True]
"['Someone', 'killed', 'Andrew', 'King', '.']",[ True]
"['Someone', 'killed', 'Nancy', 'Campbell', '.']",[ True]
"['Someone', 'killed', 'Martin', 'Harrison', '.']",[ True]
"['Someone', 'killed', 'Matt', 'Parker', '.']",[ True]
"['Someone', 'killed', 'Simon', 'Fisher', '.']",[ True]
"['Someone', 'killed', 'Rachel', 'Howard', '.']",[ True]
"['Someone', 'killed', 'Bobby', ""O'Brien"", '.']",[ True]
"['Someone', 'killed', 'George', 'Bailey', '.']",[ True]
"['Someone', 'killed', 'Billy', 'Young', '.']",[ True]
"['Someone', 'killed', 'Jim', 'Wright', '.']",[ True]
"['Someone', 'killed', 'Heather', ""O'Brien"", '.']",[ True]
"['Someone', 'killed', 'Thomas', 'Richardson', '.']",[ True]
"['Someone', 'killed', 'Martin', 'Mitchell', '.']",[ True]
"['Someone', 'killed', 'Leslie', 'Crawford', '.']",[ True]
"['Someone', 'killed', 'Stephen', 'Green', '.']",[ True]
"['Someone', 'killed', 'Pamela', 'Moore', '.']",[ True]
"['Someone', 'killed', 'Frederick', 'Stevens', '.']",[ True]
"['Someone', 'killed', 'Richard', 'Edwards', '.']",[ True]
"['Someone', 'killed', 'Dave', 'Bennett', '.']",[ True]
"['Someone', 'killed', 'Jennifer', 'Campbell', '.']",[ True]
"['Someone', 'killed', 'Victoria', 'Mason', '.']",[ True]
"['Someone', 'killed', 'Lawrence', 'Davies', '.']",[ True]
"['Someone', 'killed', 'Carolyn', 'Russell', '.']",[ True]
"['Someone', 'killed', 'Dave', 'Robinson', '.']",[ True]
"['Someone', 'killed', 'Michael', 'Walker', '.']",[ True]
"['Someone', 'killed', 'Howard', 'Wright', '.']",[ True]
"['Someone', 'killed', 'Betty', 'Coleman', '.']",[ True]
"['Someone', 'killed', 'Dan', 'Allen', '.']",[ True]
"['Someone', 'killed', 'Walter', 'Bennett', '.']",[ True]
"['Someone', 'killed', 'Diane', 'Murphy', '.']",[ True]
"['Someone', 'killed', 'Harriet', 'Wright', '.']",[ True]
"['Someone', 'killed', 'Margaret', 'Green', '.']",[ True]
"['Someone', 'killed', 'Lynn', 'Carter', '.']",[ True]
"['Someone', 'killed', 'Bruce', 'Evans', '.']",[ True]
"['Someone', 'killed', 'Anne', 'Mason', '.']",[ True]
"['Someone', 'killed', 'Janet', 'Miller', '.']",[ True]
"['Someone', 'killed', 'Larry', 'Davies', '.']",[ True]
"['Someone', 'killed', 'John', 'Smith', '.']",[ True]
"['Someone', 'killed', 'Martha', 'Morgan', '.']",[ True]
"['Someone', 'killed', 'Claire', 'Jordan', '.']",[ True]
"['Someone', 'killed', 'Samuel', 'Miller', '.']",[ True]
"['Someone', 'killed', 'Robert', 'Bailey', '.']",[ True]
"['Someone', 'killed', 'Patricia', 'Jackson', '.']",[ True]
"['Someone', 'killed', 'Judith', 'Carter', '.']",[ True]
"['Someone', 'killed', 'Gary', 'Hunter', '.']",[ True]
"['Someone', 'killed', 'Sam', 'Anderson', '.']",[ True]
"['Someone', 'killed', 'Andrea', 'Jackson', '.']",[ True]
"['Someone', 'killed', 'Jerry', ""O'Brien"", '.']",[ True]
"['Someone', 'killed', 'Grace', 'Hughes', '.']",[ True]
"['Someone', 'killed', 'Karen', 'Alexander', '.']",[ True]
"['Someone', 'killed', 'Edwin', 'Ward', '.']",[ True]
"['Someone', 'killed', 'Fred', 'Clarke', '.']",[ True]
"['Someone', 'killed', 'Michael', 'Price', '.']",[ True]
"['Someone', 'killed', 'Catherine', 'Cooper', '.']",[ True]
"['Someone', 'killed', 'Frances', 'Mitchell', '.']",[ True]
"['Someone', 'killed', 'Ellen', 'Henderson', '.']",[ True]
"['Someone', 'killed', 'Martin', 'Cohen', '.']",[ True]
"['Someone', 'killed', 'Jim', 'Peterson', '.']",[ True]
"['Someone', 'killed', 'Alison', 'Bailey', '.']",[ True]
"['Someone', 'killed', 'Amanda', 'Ross', '.']",[ True]
"['Someone', 'killed', 'Alison', 'Ward', '.']",[ True]
"['Someone', 'killed', 'Julie', 'Gordon', '.']",[ True]
"['Someone', 'killed', 'Joe', 'Kelly', '.']",[ True]
"['Someone', 'killed', 'Joe', 'Scott', '.']",[ True]
"['Someone', 'killed', 'Stephen', 'Ward', '.']",[ True]
"['Someone', 'killed', 'Mark', 'Reynolds', '.']",[ True]
"['Someone', 'killed', 'Heather', 'Robertson', '.']",[ True]
"['Someone', 'killed', 'Dave', 'Morgan', '.']",[ True]
"['Someone', 'killed', 'Kate', 'Stevens', '.']",[ True]
"['Someone', 'killed', 'Lisa', 'Jordan', '.']",[ True]
"['Someone', 'killed', 'Jimmy', 'Clarke', '.']",[ True]
"['Someone', 'killed', 'Jennifer', 'Watson', '.']",[ True]
"['Someone', 'killed', 'Jason', 'White', '.']",[ True]
"['Someone', 'killed', 'Rachel', 'Gray', '.']",[ True]
"['Someone', 'killed', 'Eleanor', 'Harrison', '.']",[ True]
"['Someone', 'killed', 'Dorothy', 'Harrison', '.']",[ True]
"['Someone', 'killed', 'Brian', 'Cooper', '.']",[ True]
"['Someone', 'killed', 'Florence', 'Phillips', '.']",[ True]
"['Someone', 'killed', 'Fiona', 'Ward', '.']",[ True]
"['Someone', 'killed', 'Diane', 'Davies', '.']",[ True]
"['Someone', 'killed', 'Mark', 'Wilson', '.']",[ True]
"['Someone', 'killed', 'Sarah', 'Miller', '.']",[ True]
"['Someone', 'killed', 'Brian', 'Murray', '.']",[ True]
"['Someone', 'killed', 'Kelly', 'Stevens', '.']",[ True]
"['Someone', 'killed', 'Martha', 'Davies', '.']",[ True]
"['Someone', 'killed', 'Chris', 'Smith', '.']",[ True]
"['Someone', 'killed', 'George', 'Morris', '.']",[ True]
"['Someone', 'killed', 'Ed', 'Clarke', '.']",[ True]
"['Someone', 'killed', 'Laura', 'Allen', '.']",[ True]
"['Someone', 'killed', 'Pamela', 'Taylor', '.']",[ True]
"['Someone', 'killed', 'Andrew', 'Stone', '.']",[ True]
"['Someone', 'killed', 'Claire', 'White', '.']",[ True]
"['Someone', 'killed', 'Diane', 'Jackson', '.']",[ True]
"['Someone', 'killed', 'Sarah', 'Cohen', '.']",[ True]
"['Someone', 'killed', 'Richard', 'Morris', '.']",[ True]
"['Someone', 'killed', 'Martha', 'Johnson', '.']",[ True]
"['Someone', 'killed', 'Johnny', 'Morgan', '.']",[ True]
"['Someone', 'killed', 'Susan', 'Jones', '.']",[ True]
"['Someone', 'killed', 'Philip', 'Evans', '.']",[ True]
"['Someone', 'killed', 'Karen', 'Rose', '.']",[ True]
"['Someone', 'killed', 'Sharon', 'Butler', '.']",[ True]
"['Someone', 'killed', 'Jay', 'Butler', '.']",[ True]
"['Someone', 'killed', 'Sally', 'Rose', '.']",[ True]
"['Someone', 'killed', 'Amanda', 'Green', '.']",[ True]
"['Someone', 'killed', 'Alfred', 'Ward', '.']",[ True]
"['Someone', 'killed', 'Alan', 'Turner', '.']",[ True]
"['Someone', 'killed', 'Christopher', 'Butler', '.']",[ True]
"['Someone', 'killed', 'Ray', 'Anderson', '.']",[ True]
"['Someone', 'killed', 'Patricia', 'Jackson', '.']",[ True]
"['Someone', 'killed', 'Joan', 'Smith', '.']",[ True]
"['Someone', 'killed', 'Jack', 'Cook', '.']",[ True]
"['Someone', 'killed', 'Patricia', 'Brown', '.']",[ True]
"['Someone', 'killed', 'Edward', 'Thomas', '.']",[ True]
"['Someone', 'killed', 'Barbara', 'Ford', '.']",[ True]
"['Someone', 'killed', 'Jane', 'Palmer', '.']",[ True]
"['Someone', 'killed', 'Pamela', 'Wilson', '.']",[ True]
"['Someone', 'killed', 'Jonathan', 'Johnson', '.']",[ True]
"['Someone', 'killed', 'Lisa', 'Hart', '.']",[ True]
"['Someone', 'killed', 'Virginia', 'Crawford', '.']",[ True]
"['Someone', 'killed', 'Alexandra', 'Parker', '.']",[ True]
"['Someone', 'killed', 'Gary', 'Harris', '.']",[ True]
"['Someone', 'killed', 'Mary', 'Clarke', '.']",[ True]
"['Someone', 'killed', 'Evelyn', 'Robertson', '.']",[ True]
"['Someone', 'killed', 'Greg', 'Hall', '.']",[ True]
"['Someone', 'killed', 'Maria', 'Graham', '.']",[ True]
"['Someone', 'killed', 'Harry', 'Cohen', '.']",[ True]
"['Someone', 'killed', 'Judith', 'Roberts', '.']",[ True]
"['Someone', 'killed', 'Dorothy', 'Thompson', '.']",[ True]
"['Someone', 'killed', 'Bobby', 'Roberts', '.']",[ True]
"['Someone', 'killed', 'Alexandra', 'Gray', '.']",[ True]
"['Someone', 'killed', 'Billy', 'James', '.']",[ True]
"['Someone', 'killed', 'Henry', 'Reynolds', '.']",[ True]
"['Someone', 'killed', 'Dorothy', 'Davis', '.']",[ True]
"['Someone', 'killed', 'Dick', 'Cooper', '.']",[ True]
"['Someone', 'killed', 'Carolyn', 'Moore', '.']",[ True]
"['Someone', 'killed', 'Eleanor', 'Hamilton', '.']",[ True]
"['Someone', 'killed', 'Rachel', 'Rose', '.']",[ True]
"['Someone', 'killed', 'Thomas', 'Graham', '.']",[ True]
"['Someone', 'killed', 'Bill', 'Bennett', '.']",[ True]
"['Someone', 'killed', 'Jim', 'King', '.']",[ True]
"['Someone', 'killed', 'Ian', 'Rose', '.']",[ True]
"['Someone', 'killed', 'Sara', 'Cook', '.']",[ True]
"['Someone', 'killed', 'Ellen', 'Kelly', '.']",[ True]
"['Someone', 'killed', 'Christine', 'White', '.']",[ True]
"['Someone', 'killed', 'Kevin', 'Marshall', '.']",[ True]
"['Someone', 'killed', 'Frederick', 'Wilson', '.']",[ True]
"['Someone', 'killed', 'Lucy', 'Hunter', '.']",[ True]
"['Someone', 'killed', 'Alexandra', 'Robinson', '.']",[ True]
"['Someone', 'killed', 'Alice', 'Williams', '.']",[ True]
"['Someone', 'killed', 'Louis', 'Hart', '.']",[ True]
"['Someone', 'killed', 'Carolyn', 'Brooks', '.']",[ True]
"['Someone', 'killed', 'Edith', 'Coleman', '.']",[ True]
"['Someone', 'killed', 'Dave', 'Morris', '.']",[ True]
"['Someone', 'killed', 'Kathryn', 'Green', '.']",[ True]
"['Someone', 'killed', 'Philip', 'Davies', '.']",[ True]
"['Someone', 'killed', 'Diana', 'Lewis', '.']",[ True]
"['Someone', 'killed', 'Diane', 'Rose', '.']",[ True]
"['Someone', 'killed', 'Brian', 'Hughes', '.']",[ True]
"['Someone', 'killed', 'Judith', 'White', '.']",[ True]
"['Someone', 'killed', 'Robin', 'Wright', '.']",[ True]
"['Someone', 'killed', 'Bill', 'Johnson', '.']",[ True]
"['Someone', 'killed', 'Maria', 'Harrison', '.']",[ True]
"['Someone', 'killed', 'Anthony', 'Hunter', '.']",[ True]
"['Someone', 'killed', 'Jean', 'Howard', '.']",[ True]
"['Someone', 'killed', 'Melissa', 'Peterson', '.']",[ True]
"['Someone', 'killed', 'Linda', 'Carter', '.']",[ True]
"['Someone', 'killed', 'Linda', 'Clark', '.']",[ True]
"['Someone', 'killed', 'Brian', 'Anderson', '.']",[ True]
"['Someone', 'killed', 'Kathleen', 'Shaw', '.']",[ True]
"['Someone', 'killed', 'Judith', 'Taylor', '.']",[ True]
"['Someone', 'killed', 'Robin', 'Stewart', '.']",[ True]
"['Someone', 'killed', 'Edith', 'Peterson', '.']",[ True]
"['Someone', 'killed', 'Martin', 'Gordon', '.']",[ True]
"['Someone', 'killed', 'Susan', 'Price', '.']",[ True]
"['Someone', 'killed', 'Bob', 'Robinson', '.']",[ True]
"['Someone', 'killed', 'Heather', 'Rose', '.']",[ True]
"['Someone', 'killed', 'Nicole', 'Graham', '.']",[ True]
"['Someone', 'killed', 'Diane', ""O'Brien"", '.']",[ True]
"['Someone', 'killed', 'Linda', 'Phillips', '.']",[ True]
"['Someone', 'killed', 'Sara', 'Mitchell', '.']",[ True]
"['Someone', 'killed', 'Eric', 'Bell', '.']",[ True]
"['Someone', 'killed', 'Patricia', 'Young', '.']",[ True]
"['Someone', 'killed', 'Wendy', 'Marshall', '.']",[ True]
"['Someone', 'killed', 'Judy', 'White', '.']",[ True]
"['Someone', 'killed', 'Robin', 'Martin', '.']",[ True]
"['Someone', 'killed', 'Heather', 'Bell', '.']",[ True]
"['Someone', 'killed', 'Chris', 'Hill', '.']",[ True]
"['Someone', 'killed', 'Dick', 'Harris', '.']",[ True]
"['Someone', 'killed', 'Sue', 'Murphy', '.']",[ True]
"['Someone', 'killed', 'Emma', 'Marshall', '.']",[ True]
"['Someone', 'killed', 'Frances', 'Clark', '.']",[ True]
"['Someone', 'killed', 'Mark', 'Robinson', '.']",[ True]
"['Someone', 'killed', 'Jennifer', 'Robinson', '.']",[ True]
"['Someone', 'killed', 'Betty', 'Henderson', '.']",[ True]
"['Someone', 'killed', 'Patricia', 'Harrison', '.']",[ True]
"['Someone', 'killed', 'Kevin', 'Murray', '.']",[ True]
"['Someone', 'killed', 'Jimmy', 'Kelly', '.']",[ True]
"['Someone', 'killed', 'Jessica', 'Roberts', '.']",[ True]
"['Someone', 'killed', 'Louis', 'Ryan', '.']",[ True]
"['Someone', 'killed', 'Christopher', 'Hill', '.']",[ True]
"['Someone', 'killed', 'Roger', 'Clark', '.']",[ True]
"['Someone', 'killed', 'Arthur', 'Young', '.']",[ True]
"['Someone', 'killed', 'Harry', 'Howard', '.']",[ True]
"['Someone', 'killed', 'Larry', 'Ford', '.']",[ True]
"['Someone', 'killed', 'Eleanor', 'Morgan', '.']",[ True]
"['Someone', 'killed', 'Dick', 'Henderson', '.']",[ True]
"['Someone', 'killed', 'Johnny', 'Mason', '.']",[ True]
"['Someone', 'killed', 'Jean', 'Fisher', '.']",[ True]
"['Someone', 'killed', 'Kelly', 'Stone', '.']",[ True]
"['Someone', 'killed', 'Elizabeth', 'Turner', '.']",[ True]
"['Someone', 'killed', 'Greg', 'Bell', '.']",[ True]
"['Someone', 'killed', 'Thomas', 'Wood', '.']",[ True]
"['Someone', 'killed', 'Annie', 'Walker', '.']",[ True]
"['Someone', 'killed', 'Dorothy', 'Hill', '.']",[ True]
"['Someone', 'killed', 'Andrea', 'Young', '.']",[ True]
"['Someone', 'killed', 'Rebecca', 'Richardson', '.']",[ True]
"['Someone', 'killed', 'Al', 'Nelson', '.']",[ True]
"['Someone', 'killed', 'Ed', 'Clarke', '.']",[ True]
"['Someone', 'killed', 'Alan', 'Young', '.']",[ True]
"['Someone', 'killed', 'Jay', 'Henderson', '.']",[ True]
"['Someone', 'killed', 'Helen', 'Foster', '.']",[ True]
"['Someone', 'killed', 'Jessica', 'Carter', '.']",[ True]
"['Someone', 'killed', 'Billy', 'Shaw', '.']",[ True]
"['Someone', 'killed', 'Frederick', 'Campbell', '.']",[ True]
"['Someone', 'killed', 'Cynthia', 'Sullivan', '.']",[ True]
"['Someone', 'killed', 'Andrew', 'Smith', '.']",[ True]
"['Someone', 'killed', 'Rachel', 'Adams', '.']",[ True]
"['Someone', 'killed', 'Roy', 'Brown', '.']",[ True]
"['Someone', 'killed', 'Matthew', 'Hamilton', '.']",[ True]
"['Someone', 'killed', 'Deborah', 'King', '.']",[ True]
"['Someone', 'killed', 'Martin', 'Peterson', '.']",[ True]
"['Someone', 'killed', 'Marie', 'Watson', '.']",[ True]
"['Someone', 'killed', 'Ron', 'Wright', '.']",[ True]
"['Someone', 'killed', 'Jim', 'Harris', '.']",[ True]
"['Someone', 'killed', 'Patricia', 'Rose', '.']",[ True]
"['Someone', 'killed', 'Benjamin', 'Young', '.']",[ True]
"['Someone', 'killed', 'Dick', 'Green', '.']",[ True]
"['Someone', 'killed', 'Janet', 'Crawford', '.']",[ True]
"['Someone', 'killed', 'Kevin', 'Shaw', '.']",[ True]
"['Someone', 'killed', 'Arthur', 'Ford', '.']",[ True]
"['Someone', 'killed', 'Evelyn', 'Kelly', '.']",[ True]
"['Someone', 'killed', 'Stephanie', 'Anderson', '.']",[ True]
"['Someone', 'killed', 'Lisa', 'James', '.']",[ True]
"['Someone', 'killed', 'Amanda', 'Young', '.']",[ True]
"['Someone', 'killed', 'Billy', 'Russell', '.']",[ True]
"['Someone', 'killed', 'Leslie', 'Gordon', '.']",[ True]
"['Someone', 'killed', 'Harriet', 'Harris', '.']",[ True]
"['Someone', 'killed', 'Bill', 'Lewis', '.']",[ True]
"['Someone', 'killed', 'Grace', 'Hart', '.']",[ True]
"['Someone', 'killed', 'Elaine', 'Anderson', '.']",[ True]
"['Someone', 'killed', 'Ryan', 'Nelson', '.']",[ True]
"['Someone', 'killed', 'Nicole', 'Graham', '.']",[ True]
"['Someone', 'killed', 'Michelle', 'Ross', '.']",[ True]
"['Someone', 'killed', 'Christopher', 'Green', '.']",[ True]
"['Someone', 'killed', 'Jean', 'Jackson', '.']",[ True]
"['Someone', 'killed', 'Greg', 'Watson', '.']",[ True]
"['Someone', 'killed', 'Fiona', 'Howard', '.']",[ True]
"['Someone', 'killed', 'Michael', 'Cook', '.']",[ True]
"['Someone', 'killed', 'Kate', 'Wright', '.']",[ True]
"['Someone', 'killed', 'Lawrence', 'Marshall', '.']",[ True]
"['Someone', 'killed', 'Pamela', 'Henderson', '.']",[ True]
"['Someone', 'killed', 'Al', 'Turner', '.']",[ True]
"['Someone', 'killed', 'Benjamin', 'Hughes', '.']",[ True]
"['Someone', 'killed', 'Kathy', 'Edwards', '.']",[ True]
"['Someone', 'killed', 'Ray', 'Hughes', '.']",[ True]
"['Someone', 'killed', 'Ellen', 'James', '.']",[ True]
"['Someone', 'killed', 'Frances', 'Russell', '.']",[ True]
"['Someone', 'killed', 'Steve', 'Hart', '.']",[ True]
"['Someone', 'killed', 'Jason', 'Shaw', '.']",[ True]
"['Someone', 'killed', 'Diane', 'Hughes', '.']",[ True]
"['Someone', 'killed', 'Helen', 'Butler', '.']",[ True]
"['Someone', 'killed', 'David', 'Richardson', '.']",[ True]
"['Someone', 'killed', 'Kelly', 'Anderson', '.']",[ True]
"['Someone', 'killed', 'Benjamin', 'Palmer', '.']",[ True]
"['Someone', 'killed', 'Stephanie', 'Hill', '.']",[ True]
"['Someone', 'killed', 'Rebecca', 'Roberts', '.']",[ True]
"['Someone', 'killed', 'Brian', 'Wright', '.']",[ True]
"['Someone', 'killed', 'Harriet', 'Stone', '.']",[ True]
"['Someone', 'killed', 'Mary', 'Gray', '.']",[ True]
"['Someone', 'killed', 'Stephanie', 'Lewis', '.']",[ True]
"['Someone', 'killed', 'Grace', 'Marshall', '.']",[ True]
"['Someone', 'killed', 'Richard', 'Watson', '.']",[ True]
"['Someone', 'killed', 'Harold', 'Williams', '.']",[ True]
"['Someone', 'killed', 'Marilyn', 'Johnson', '.']",[ True]
"['Someone', 'killed', 'William', 'Hart', '.']",[ True]
"['Someone', 'killed', 'Karen', 'Martin', '.']",[ True]
"['Someone', 'killed', 'Anna', 'Thomas', '.']",[ True]
"['Someone', 'killed', 'Sam', 'Turner', '.']",[ True]
"['Someone', 'killed', 'Andrea', 'King', '.']",[ True]
"['Someone', 'killed', 'Melissa', 'Evans', '.']",[ True]
"['Someone', 'killed', 'Sara', 'Russell', '.']",[ True]
"['Someone', 'killed', 'Dick', 'Howard', '.']",[ True]
"['Someone', 'killed', 'Ed', 'Campbell', '.']",[ True]
"['Someone', 'killed', 'Jay', 'Henderson', '.']",[ True]
"['Someone', 'killed', 'Laura', 'Richardson', '.']",[ True]
"['Someone', 'killed', 'Kathleen', 'Jordan', '.']",[ True]
"['Someone', 'killed', 'Wendy', 'Edwards', '.']",[ True]
"['Someone', 'killed', 'Janet', 'Thompson', '.']",[ True]
"['Someone', 'killed', 'Robert', 'Ross', '.']",[ True]
"['Someone', 'killed', 'Jessica', 'Thompson', '.']",[ True]
"['Someone', 'killed', 'Michael', 'King', '.']",[ True]
"['Someone', 'killed', 'Edith', 'Richardson', '.']",[ True]
"['Someone', 'killed', 'Michael', 'Mitchell', '.']",[ True]
"['Someone', 'killed', 'Donna', 'Russell', '.']",[ True]
"['Someone', 'killed', 'Lynn', 'Hamilton', '.']",[ True]
"['Someone', 'killed', 'Amy', 'Murray', '.']",[ True]
"['Someone', 'killed', 'Bob', 'Jones', '.']",[ True]
"['Someone', 'killed', 'Alice', 'Edwards', '.']",[ True]
"['Someone', 'killed', 'Jessica', 'Mason', '.']",[ True]
"['Someone', 'killed', 'Frank', 'Marshall', '.']",[ True]
"['Someone', 'killed', 'Ed', 'Brown', '.']",[ True]
"['Someone', 'killed', 'Philip', 'Harris', '.']",[ True]
"['Someone', 'killed', 'Bob', 'Wright', '.']",[ True]
"['Someone', 'killed', 'Charlie', 'Palmer', '.']",[ True]
"['Someone', 'killed', 'Kenneth', 'Williams', '.']",[ True]
"['Someone', 'killed', 'Jessica', 'Crawford', '.']",[ True]
"['Someone', 'killed', 'Leslie', 'Young', '.']",[ True]
"['Someone', 'killed', 'Florence', 'Hughes', '.']",[ True]
"['Someone', 'killed', 'Sarah', 'Butler', '.']",[ True]
"['Someone', 'killed', 'Kim', 'Ryan', '.']",[ True]
"['Someone', 'killed', 'Rachel', 'Hughes', '.']",[ True]
"['Someone', 'killed', 'Johnny', 'Clarke', '.']",[ True]
"['Someone', 'killed', 'Barbara', 'Phillips', '.']",[ True]
"['Someone', 'killed', 'Kathryn', 'King', '.']",[ True]
"['Someone', 'killed', 'Patrick', 'Hunter', '.']",[ True]
"['Someone', 'killed', 'Leslie', 'Russell', '.']",[ True]
"['Someone', 'killed', 'Rose', 'Scott', '.']",[ True]
"['Someone', 'killed', 'Ed', 'Phillips', '.']",[ True]
"['Someone', 'killed', 'Wendy', 'Smith', '.']",[ True]
"['Someone', 'killed', 'Dan', 'Bennett', '.']",[ True]
"['Someone', 'killed', 'Colin', 'Reed', '.']",[ True]
"['Someone', 'killed', 'Jean', 'Watson', '.']",[ True]
"['Someone', 'killed', 'Bruce', 'Clark', '.']",[ True]
"['Someone', 'killed', 'Ed', 'Wright', '.']",[ True]
"['Someone', 'killed', 'Don', 'Ryan', '.']",[ True]
"['Someone', 'killed', 'Katherine', 'Reynolds', '.']",[ True]
"['Someone', 'killed', 'Jonathan', 'Russell', '.']",[ True]
"['Someone', 'killed', 'Cynthia', 'Green', '.']",[ True]
"['Someone', 'killed', 'Laura', 'Phillips', '.']",[ True]
"['Someone', 'killed', 'Jim', 'Kelly', '.']",[ True]
"['Someone', 'killed', 'Jerry', 'Perry', '.']",[ True]
"['Someone', 'killed', 'Matt', 'Jones', '.']",[ True]
"['Someone', 'killed', 'Stephen', 'Anderson', '.']",[ True]
"['Someone', 'killed', 'Frank', 'Scott', '.']",[ True]
"['Someone', 'killed', 'Lauren', 'Rose', '.']",[ True]
"['Someone', 'killed', 'David', 'Jones', '.']",[ True]
"['Someone', 'killed', 'Kathryn', 'Brooks', '.']",[ True]
"['Someone', 'killed', 'Lynn', 'Mitchell', '.']",[ True]
"['Someone', 'killed', 'Annie', 'Kennedy', '.']",[ True]
"['Someone', 'killed', 'Andrew', 'Martin', '.']",[ True]
"['Someone', 'killed', 'Emma', 'Phillips', '.']",[ True]
"['Someone', 'killed', 'Bobby', 'Reed', '.']",[ True]
"['Someone', 'killed', 'Paul', 'Jordan', '.']",[ True]
"['Someone', 'killed', 'Katherine', 'Kennedy', '.']",[ True]
"['Someone', 'killed', 'Heather', 'Edwards', '.']",[ True]
"['Someone', 'killed', 'William', 'Ross', '.']",[ True]
"['Someone', 'killed', 'Julie', 'Henderson', '.']",[ True]
"['Someone', 'killed', 'Diane', 'Campbell', '.']",[ True]
"['Someone', 'killed', 'Louise', 'Ford', '.']",[ True]
"['Someone', 'killed', 'Susan', 'Foster', '.']",[ True]
"['Someone', 'killed', 'Scott', 'Morris', '.']",[ True]
"['Someone', 'killed', 'Ralph', 'Robertson', '.']",[ True]
"['Someone', 'killed', 'Andrew', 'Taylor', '.']",[ True]
"['Someone', 'killed', 'Billy', 'Alexander', '.']",[ True]
"['Someone', 'killed', 'Al', 'Parker', '.']",[ True]
"['Someone', 'killed', 'James', 'Reynolds', '.']",[ True]
"['Someone', 'killed', 'Donna', 'Hamilton', '.']",[ True]
"['Someone', 'killed', 'Ben', 'White', '.']",[ True]
"['Someone', 'killed', 'Adam', 'Butler', '.']",[ True]
"['Someone', 'killed', 'Ben', 'Wilson', '.']",[ True]
"['Someone', 'killed', 'Scott', 'Stewart', '.']",[ True]
"['Someone', 'killed', 'Matthew', 'Peterson', '.']",[ True]
"['Someone', 'killed', 'Stephanie', 'Jones', '.']",[ True]
"['Someone', 'killed', 'Henry', 'Wilson', '.']",[ True]
"['Someone', 'killed', 'James', 'Crawford', '.']",[ True]
"['Someone', 'killed', 'Don', 'Walker', '.']",[ True]
"['Someone', 'killed', 'Amy', 'Thomas', '.']",[ True]
"['Someone', 'killed', 'Christine', 'Clark', '.']",[ True]
"['Someone', 'killed', 'Sam', 'Foster', '.']",[ True]
"['Someone', 'killed', 'Sandra', 'Jackson', '.']",[ True]
"['Someone', 'killed', 'Roger', 'Brown', '.']",[ True]
"['Someone', 'killed', 'Johnny', 'Fisher', '.']",[ True]
"['Someone', 'killed', 'Alexandra', 'Davies', '.']",[ True]
"['Someone', 'killed', 'Jim', 'Walker', '.']",[ True]
"['Someone', 'killed', 'Dave', 'Ford', '.']",[ True]
"['Someone', 'killed', 'Chris', 'Cook', '.']",[ True]
"['Someone', 'killed', 'Mark', 'Scott', '.']",[ True]
"['Someone', 'killed', 'Dick', 'Miller', '.']",[ True]
"['Someone', 'killed', 'Angela', 'Hughes', '.']",[ True]
"['Someone', 'killed', 'Charles', 'Adams', '.']",[ True]
"['Someone', 'killed', 'Andrew', 'Gordon', '.']",[ True]
"['Someone', 'killed', 'Julia', 'Sullivan', '.']",[ True]
"['Someone', 'killed', 'Lynn', 'Young', '.']",[ True]
"['Someone', 'killed', 'Ben', 'Rose', '.']",[ True]
"['Someone', 'killed', 'Dave', 'Parker', '.']",[ True]
"['Someone', 'killed', 'Kathleen', 'Scott', '.']",[ True]
"['Someone', 'killed', 'Marilyn', 'James', '.']",[ True]
"['Someone', 'killed', 'Leslie', 'Alexander', '.']",[ True]
"['Someone', 'killed', 'Howard', 'Jordan', '.']",[ True]
"['Someone', 'killed', 'Margaret', 'Henderson', '.']",[ True]
"['Someone', 'killed', 'Colin', 'White', '.']",[ True]
"['Someone', 'killed', 'Charles', 'Rose', '.']",[ True]
"['Someone', 'killed', 'Chris', 'Stevens', '.']",[ True]
"['Someone', 'killed', 'Matthew', 'King', '.']",[ True]
"['Someone', 'killed', 'Maria', 'Young', '.']",[ True]
"['Someone', 'killed', 'Caroline', 'Hamilton', '.']",[ True]
"['Someone', 'killed', 'Howard', 'Rogers', '.']",[ True]
"['Someone', 'killed', 'Peter', 'Scott', '.']",[ True]
"['Someone', 'killed', 'Dan', 'Shaw', '.']",[ True]
"['Someone', 'killed', 'Frances', 'Harrison', '.']",[ True]
"['Someone', 'killed', 'Elizabeth', 'Robertson', '.']",[ True]
"['Someone', 'killed', 'Virginia', 'Bell', '.']",[ True]
"['Someone', 'killed', 'Daniel', 'Anderson', '.']",[ True]
"['Someone', 'killed', 'Emma', 'Gray', '.']",[ True]
"['Someone', 'killed', 'William', 'Henderson', '.']",[ True]
"['Someone', 'killed', 'Alexandra', 'Cooper', '.']",[ True]
"['Someone', 'killed', 'Nick', 'Coleman', '.']",[ True]
"['Someone', 'killed', 'Dick', 'Miller', '.']",[ True]
"['Someone', 'killed', 'George', 'Howard', '.']",[ True]
"['Someone', 'killed', 'Bruce', 'Johnson', '.']",[ True]
"['Someone', 'killed', 'Lucy', 'Reed', '.']",[ True]
"['Someone', 'killed', 'Arthur', 'Hughes', '.']",[ True]
"['Someone', 'killed', 'Jennifer', 'Reed', '.']",[ True]
"['Someone', 'killed', 'Robert', 'Harrison', '.']",[ True]
"['Someone', 'killed', 'Laura', 'Lewis', '.']",[ True]
"['Someone', 'killed', 'Larry', 'Marshall', '.']",[ True]
"['Someone', 'killed', 'George', 'Murphy', '.']",[ True]
"['Someone', 'killed', 'Ben', 'Edwards', '.']",[ True]
"['Someone', 'killed', 'Katie', 'Young', '.']",[ True]
"['Someone', 'killed', 'Michael', 'Hall', '.']",[ True]
"['Someone', 'killed', 'Helen', 'James', '.']",[ True]
"['Someone', 'killed', 'Patrick', 'Fisher', '.']",[ True]
"['Someone', 'killed', 'Kathy', 'Fisher', '.']",[ True]
"['Someone', 'killed', 'Robin', 'Allen', '.']",[ True]
"['Someone', 'killed', 'Jim', 'Murray', '.']",[ True]
"['Someone', 'killed', 'Donald', 'Stevens', '.']",[ True]
"['Someone', 'killed', 'William', 'Kelly', '.']",[ True]
"['Someone', 'killed', 'Mark', 'Walker', '.']",[ True]
"['Someone', 'killed', 'Nancy', 'Morris', '.']",[ True]
"['Someone', 'killed', 'Marie', 'Rose', '.']",[ True]
"['Someone', 'killed', 'Caroline', 'Bell', '.']",[ True]
"['Someone', 'killed', 'Simon', 'Cook', '.']",[ True]
"['Someone', 'killed', 'Alexander', 'Wright', '.']",[ True]
"['Someone', 'killed', 'Roy', 'Hill', '.']",[ True]
"['Someone', 'killed', 'Karen', 'Brooks', '.']",[ True]
"['Someone', 'killed', 'Gary', 'Murphy', '.']",[ True]
"['Someone', 'killed', 'Ruth', 'Rogers', '.']",[ True]
"['Someone', 'killed', 'Martin', 'Richardson', '.']",[ True]
"['Someone', 'killed', 'Victoria', 'Fisher', '.']",[ True]
"['Someone', 'killed', 'Anthony', 'Stevens', '.']",[ True]
"['Someone', 'killed', 'Sandra', 'Clarke', '.']",[ True]
"['Someone', 'killed', 'Jay', 'Miller', '.']",[ True]
"['Someone', 'killed', 'Larry', 'Cook', '.']",[ True]
"['Someone', 'killed', 'Michael', 'Reed', '.']",[ True]
"['Someone', 'killed', 'Ryan', 'Reynolds', '.']",[ True]
"['Someone', 'killed', 'Leslie', 'Fisher', '.']",[ True]
"['Someone', 'killed', 'Lauren', 'Stevens', '.']",[ True]
"['Someone', 'killed', 'Linda', 'Ward', '.']",[ True]
"['Someone', 'killed', 'Deborah', 'Adams', '.']",[ True]
"['Someone', 'killed', 'Elizabeth', 'Kelly', '.']",[ True]
"['Someone', 'killed', 'Rebecca', 'Williams', '.']",[ True]
"['Someone', 'killed', 'Lauren', 'Rogers', '.']",[ True]
"['Someone', 'killed', 'William', 'Brown', '.']",[ True]
"['Someone', 'killed', 'Andrea', 'Gordon', '.']",[ True]
"['Someone', 'killed', 'Kelly', 'Harris', '.']",[ True]
"['Someone', 'killed', 'Rachel', 'Gray', '.']",[ True]
"['Someone', 'killed', 'Harold', 'Edwards', '.']",[ True]
"['Someone', 'killed', 'Amanda', 'Collins', '.']",[ True]
"['Someone', 'killed', 'Ian', 'Clark', '.']",[ True]
"['Someone', 'killed', 'Simon', 'Henderson', '.']",[ True]
"['Someone', 'killed', 'Elaine', 'Stone', '.']",[ True]
"['Someone', 'killed', 'Martha', 'Green', '.']",[ True]
"['Someone', 'killed', 'Ken', 'Henderson', '.']",[ True]
"['Someone', 'killed', 'Joe', 'Ford', '.']",[ True]
"['Someone', 'killed', 'Bruce', 'Bennett', '.']",[ True]
"['Someone', 'killed', 'Kevin', 'Watson', '.']",[ True]
"['Someone', 'killed', 'Bill', 'Cook', '.']",[ True]
"['Someone', 'killed', 'Eleanor', 'Murphy', '.']",[ True]
"['Someone', 'killed', 'David', 'Alexander', '.']",[ True]
"['Someone', 'killed', 'Rebecca', 'Harris', '.']",[ True]
"['Someone', 'killed', 'Arthur', 'Stewart', '.']",[ True]
"['Someone', 'killed', 'Emily', 'Williams', '.']",[ True]
"['Someone', 'killed', 'Carl', 'Stone', '.']",[ True]
"['Someone', 'killed', 'Julie', 'Johnson', '.']",[ True]
"['Someone', 'killed', 'Simon', 'Parker', '.']",[ True]
"['Someone', 'killed', 'Bob', 'Nelson', '.']",[ True]
"['Someone', 'killed', 'Carolyn', 'Stevens', '.']",[ True]
"['Someone', 'killed', 'Louise', 'Young', '.']",[ True]
"['Someone', 'killed', 'Frederick', 'Hamilton', '.']",[ True]
"['Someone', 'killed', 'Alfred', 'Phillips', '.']",[ True]
"['Someone', 'killed', 'Mark', 'Robertson', '.']",[ True]
"['Someone', 'killed', 'Howard', 'Wright', '.']",[ True]
"['Someone', 'killed', 'Fiona', 'Palmer', '.']",[ True]
"['Someone', 'killed', 'Simon', 'Crawford', '.']",[ True]
"['Someone', 'killed', 'Kenneth', 'Moore', '.']",[ True]
"['Someone', 'killed', 'Lynn', 'Richardson', '.']",[ True]
"['Someone', 'killed', 'Joseph', 'Young', '.']",[ True]
"['Someone', 'killed', 'Kathleen', 'Allen', '.']",[ True]
"['Someone', 'killed', 'Andrew', 'Green', '.']",[ True]
"['Someone', 'killed', 'Frances', 'Robinson', '.']",[ True]
"['Someone', 'killed', 'Sue', 'Gray', '.']",[ True]
"['Someone', 'killed', 'Edward', 'Morgan', '.']",[ True]
"['Someone', 'killed', 'Edward', 'Edwards', '.']",[ True]
"['Someone', 'killed', 'Kevin', 'Taylor', '.']",[ True]
"['Someone', 'killed', 'Leslie', 'Foster', '.']",[ True]
"['Someone', 'killed', 'Judy', 'Morgan', '.']",[ True]
"['Someone', 'killed', 'Sam', 'Clarke', '.']",[ True]
"['Someone', 'killed', 'Karen', 'Gray', '.']",[ True]
"['Someone', 'killed', 'Bill', 'Murray', '.']",[ True]
"['Someone', 'killed', 'Albert', 'Henderson', '.']",[ True]
"['Someone', 'killed', 'Melissa', 'Foster', '.']",[ True]
"['Someone', 'killed', 'Janet', 'Morris', '.']",[ True]
"['Someone', 'killed', 'Stephen', 'Peterson', '.']",[ True]
"['Someone', 'killed', 'Roy', 'Phillips', '.']",[ True]
"['Someone', 'killed', 'Alison', 'Roberts', '.']",[ True]
"['Someone', 'killed', 'Julia', 'Cohen', '.']",[ True]
"['Someone', 'killed', 'Barbara', 'Shaw', '.']",[ True]
"['Someone', 'killed', 'Louis', 'Henderson', '.']",[ True]
"['Someone', 'killed', 'Alex', 'Ross', '.']",[ True]
"['Someone', 'killed', 'Stephanie', 'Cohen', '.']",[ True]
"['Someone', 'killed', 'Richard', 'Wood', '.']",[ True]
"['Someone', 'killed', 'Matthew', 'Turner', '.']",[ True]
"['Someone', 'killed', 'Jim', 'Morgan', '.']",[ True]
"['Someone', 'killed', 'Stephanie', 'Davis', '.']",[ True]
"['Someone', 'killed', 'Joseph', 'Bennett', '.']",[ True]
"['Someone', 'killed', 'Lynn', 'Morris', '.']",[ True]
"['Someone', 'killed', 'Larry', 'Thompson', '.']",[ True]
"['Someone', 'killed', 'Jason', 'Palmer', '.']",[ True]
"['Someone', 'killed', 'Jim', 'Thomas', '.']",[ True]
"['Someone', 'killed', 'Annie', 'Cook', '.']",[ True]
"['Someone', 'killed', 'Jeff', 'Scott', '.']",[ True]
"['Someone', 'killed', 'Patrick', ""O'Brien"", '.']",[ True]
"['Someone', 'killed', 'Elizabeth', 'Rose', '.']",[ True]
"['Someone', 'killed', 'Robin', 'Phillips', '.']",[ True]
"['Someone', 'killed', 'Marilyn', 'Nelson', '.']",[ True]
"['Someone', 'killed', 'Stephanie', 'Fisher', '.']",[ True]
"['Someone', 'killed', 'Eleanor', 'Mason', '.']",[ True]
"['Someone', 'killed', 'Rebecca', 'Reynolds', '.']",[ True]
"['Someone', 'killed', 'Greg', 'Richardson', '.']",[ True]
"['Someone', 'killed', 'Alex', 'Richardson', '.']",[ True]
"['Someone', 'killed', 'Anthony', 'Robertson', '.']",[ True]
"['Someone', 'killed', 'Bruce', 'Edwards', '.']",[ True]
"['Someone', 'killed', 'Fred', 'Harrison', '.']",[ True]
"['Someone', 'killed', 'Arthur', 'Moore', '.']",[ True]
"['Someone', 'killed', 'Mary', 'Baker', '.']",[ True]
"['Someone', 'killed', 'Billy', 'Smith', '.']",[ True]
"['Someone', 'killed', 'Julie', 'King', '.']",[ True]
"['Someone', 'killed', 'Cynthia', 'Kennedy', '.']",[ True]
"['Someone', 'killed', 'Adam', 'Davis', '.']",[ True]
"['Someone', 'killed', 'Sandra', 'Anderson', '.']",[ True]
"['Someone', 'killed', 'Wendy', 'Evans', '.']",[ True]
"['Someone', 'killed', 'Anthony', 'Clarke', '.']",[ True]
"['Someone', 'killed', 'Lisa', 'Reed', '.']",[ True]
"['Someone', 'killed', 'Richard', 'Davies', '.']",[ True]
"['Someone', 'killed', 'Jason', 'Ford', '.']",[ True]
"['Someone', 'killed', 'Steven', 'Ward', '.']",[ True]
"['Someone', 'killed', 'George', 'Green', '.']",[ True]
"['Someone', 'killed', 'Karen', 'Robinson', '.']",[ True]
"['Someone', 'killed', 'Leslie', 'James', '.']",[ True]
"['Someone', 'killed', 'Amanda', 'Rose', '.']",[ True]
"['Someone', 'killed', 'Ian', 'Thompson', '.']",[ True]
"['Someone', 'killed', 'Ron', 'Howard', '.']",[ True]
"['Someone', 'killed', 'Sophie', 'Brooks', '.']",[ True]
"['Someone', 'killed', 'Carl', 'Reynolds', '.']",[ True]
"['Someone', 'killed', 'Frances', 'Wright', '.']",[ True]
"['Someone', 'killed', 'Bill', 'Lewis', '.']",[ True]
"['Someone', 'killed', 'Alexander', 'Palmer', '.']",[ True]
"['Someone', 'killed', 'Gary', 'Jackson', '.']",[ True]
"['Someone', 'killed', 'Robin', 'Turner', '.']",[ True]
"['Someone', 'killed', 'Jack', 'Coleman', '.']",[ True]
"['Someone', 'killed', 'Angela', 'Murray', '.']",[ True]
"['Someone', 'killed', 'Walter', 'Anderson', '.']",[ True]
"['Someone', 'killed', 'Carl', 'Young', '.']",[ True]
"['Someone', 'killed', 'Judith', 'Hall', '.']",[ True]
"['Someone', 'killed', 'Ed', 'Lewis', '.']",[ True]
"['Someone', 'killed', 'Judy', 'Ross', '.']",[ True]
"['Someone', 'killed', 'Louise', 'Kennedy', '.']",[ True]
"['Someone', 'killed', 'Susan', 'Marshall', '.']",[ True]
"['Someone', 'killed', 'Katie', 'Rogers', '.']",[ True]
"['Someone', 'killed', 'Carolyn', 'Hill', '.']",[ True]
"['Someone', 'killed', 'Simon', 'Mason', '.']",[ True]
"['Someone', 'killed', 'Andrea', 'Murphy', '.']",[ True]
"['Someone', 'killed', 'Howard', 'Brown', '.']",[ True]
"['Someone', 'killed', 'Joe', 'Harris', '.']",[ True]
"['Someone', 'killed', 'Louise', 'Robertson', '.']",[ True]
"['Someone', 'killed', 'Caroline', 'Green', '.']",[ True]
"['Someone', 'killed', 'Sally', 'Davis', '.']",[ True]
"['Someone', 'killed', 'Bob', 'Bell', '.']",[ True]
"['Someone', 'killed', 'Deborah', 'Turner', '.']",[ True]
"['Someone', 'killed', 'Virginia', 'Bell', '.']",[ True]
"['Someone', 'killed', 'Hugh', 'Rogers', '.']",[ True]
"['Someone', 'killed', 'Emily', 'Bell', '.']",[ True]
"['Someone', 'killed', 'Ian', 'Johnson', '.']",[ True]
"['Someone', 'killed', 'Chris', 'Smith', '.']",[ True]
"['Someone', 'killed', 'Eleanor', 'Peterson', '.']",[ True]
"['Someone', 'killed', 'Ron', 'Bennett', '.']",[ True]
"['Someone', 'killed', 'Diana', 'Parker', '.']",[ True]
"['Someone', 'killed', 'Dave', 'Ross', '.']",[ True]
"['Someone', 'killed', 'Judith', 'Kelly', '.']",[ True]
"['Someone', 'killed', 'Edwin', 'Coleman', '.']",[ True]
"['Someone', 'killed', 'Martha', 'Nelson', '.']",[ True]
"['Someone', 'killed', 'Matt', 'Howard', '.']",[ True]
"['Someone', 'killed', 'Emily', 'Foster', '.']",[ True]
"['Someone', 'killed', 'Karen', 'Lewis', '.']",[ True]
"['Someone', 'killed', 'Charles', 'Young', '.']",[ True]
"['Someone', 'killed', 'Jean', 'Miller', '.']",[ True]
"['Someone', 'killed', 'Edwin', 'King', '.']",[ True]
"['Someone', 'killed', 'Joseph', 'Johnson', '.']",[ True]
"['Someone', 'killed', 'Alex', 'Shaw', '.']",[ True]
"['Someone', 'killed', 'Kate', 'Brown', '.']",[ True]
"['Someone', 'killed', 'Kathy', 'Peterson', '.']",[ True]
"['Someone', 'killed', 'Ruth', 'Richardson', '.']",[ True]
"['Someone', 'killed', 'Philip', 'Thomas', '.']",[ True]
"['Someone', 'killed', 'Mark', 'Scott', '.']",[ True]
"['Someone', 'killed', 'John', 'Alexander', '.']",[ True]
"['Someone', 'killed', 'Karen', 'Hamilton', '.']",[ True]
"['Someone', 'killed', 'Jason', 'Mitchell', '.']",[ True]
"['Someone', 'killed', 'Kelly', 'Stone', '.']",[ True]
"['Someone', 'killed', 'David', 'Johnson', '.']",[ True]
"['Someone', 'killed', 'Louise', 'Rose', '.']",[ True]
"['Someone', 'killed', 'Frank', 'Davies', '.']",[ True]
"['Someone', 'killed', 'Alex', 'Adams', '.']",[ True]
"['Someone', 'killed', 'Peter', 'Lewis', '.']",[ True]
"['Someone', 'killed', 'Jennifer', 'Johnson', '.']",[ True]
"['Someone', 'killed', 'Rebecca', 'Stevens', '.']",[ True]
"['Someone', 'killed', 'Matt', 'Adams', '.']",[ True]
"['Someone', 'killed', 'Eleanor', 'Edwards', '.']",[ True]
"['Someone', 'killed', 'Sophie', 'Miller', '.']",[ True]
"['Someone', 'killed', 'Jill', 'Brooks', '.']",[ True]
"['Someone', 'killed', 'Lisa', 'Gordon', '.']",[ True]
"['Someone', 'killed', 'Greg', 'Walker', '.']",[ True]
"['Someone', 'killed', 'Mike', 'Gordon', '.']",[ True]
"['Someone', 'killed', 'Alison', 'Reed', '.']",[ True]
"['Someone', 'killed', 'Deborah', 'Perry', '.']",[ True]
"['Someone', 'killed', 'Edith', 'Reynolds', '.']",[ True]
"['Someone', 'killed', 'Kathy', 'Miller', '.']",[ True]
"['Someone', 'killed', 'Florence', 'Morris', '.']",[ True]
"['Someone', 'killed', 'Ian', 'Davis', '.']",[ True]
"['Someone', 'killed', 'Helen', 'Gray', '.']",[ True]
"['Someone', 'killed', 'Alfred', 'Murray', '.']",[ True]
"['Someone', 'killed', 'Colin', 'James', '.']",[ True]
"['Someone', 'killed', 'Sophie', 'Murray', '.']",[ True]
"['Someone', 'killed', 'Jessica', 'Wilson', '.']",[ True]
"['Someone', 'killed', 'Joan', 'James', '.']",[ True]
"['Someone', 'killed', 'Nick', 'Hughes', '.']",[ True]
"['Someone', 'killed', 'Steve', 'Howard', '.']",[ True]
"['Someone', 'killed', 'Ian', ""O'Brien"", '.']",[ True]
"['Someone', 'killed', 'Bill', 'Ford', '.']",[ True]
"['Someone', 'killed', 'Ron', 'Anderson', '.']",[ True]
"['Someone', 'killed', 'Alexander', 'Phillips', '.']",[ True]
"['Someone', 'killed', 'Kim', 'White', '.']",[ True]
"['Someone', 'killed', 'Bob', 'Hamilton', '.']",[ True]
"['Someone', 'killed', 'Janet', 'Alexander', '.']",[ True]
"['Someone', 'killed', 'Alison', 'Kelly', '.']",[ True]
"['Someone', 'killed', 'Sarah', 'Russell', '.']",[ True]
"['Someone', 'killed', 'Greg', 'Mason', '.']",[ True]
"['Someone', 'killed', 'Katherine', 'Brooks', '.']",[ True]
"['Someone', 'killed', 'Ed', 'Murphy', '.']",[ True]
"['Someone', 'killed', 'Lisa', 'Bennett', '.']",[ True]
"['Someone', 'killed', 'Leslie', 'Price', '.']",[ True]
"['Someone', 'killed', 'Simon', 'Brooks', '.']",[ True]
"['Someone', 'killed', 'Ruth', 'Fisher', '.']",[ True]
"['Someone', 'killed', 'Alice', 'Hamilton', '.']",[ True]
"['Someone', 'killed', 'Andrea', 'Kennedy', '.']",[ True]
"['Someone', 'killed', 'Frank', 'Cooper', '.']",[ True]
"['Someone', 'killed', 'Michelle', 'Scott', '.']",[ True]
"['Someone', 'killed', 'Simon', 'Sullivan', '.']",[ True]
"['Someone', 'killed', 'Joan', 'Parker', '.']",[ True]
"['Someone', 'killed', 'Sam', 'Hart', '.']",[ True]
"['Someone', 'killed', 'Marilyn', 'Moore', '.']",[ True]
"['Someone', 'killed', 'Jill', 'Jordan', '.']",[ True]
"['Someone', 'killed', 'Mary', 'Coleman', '.']",[ True]
"['Someone', 'killed', 'Andrew', 'Hughes', '.']",[ True]
"['Someone', 'killed', 'Ron', 'Robinson', '.']",[ True]
"['Someone', 'killed', 'Benjamin', 'Jackson', '.']",[ True]
"['Someone', 'killed', 'Ryan', 'Stewart', '.']",[ True]
"['Someone', 'killed', 'Nicole', 'Parker', '.']",[ True]
"['Someone', 'killed', 'Jay', 'Roberts', '.']",[ True]
"['Someone', 'killed', 'Anthony', 'Ward', '.']",[ True]
"['Someone', 'killed', 'Evelyn', 'Smith', '.']",[ True]
"['Someone', 'killed', 'Jean', 'Hart', '.']",[ True]
"['Someone', 'killed', 'Rose', 'Green', '.']",[ True]
"['Someone', 'killed', 'Billy', 'Campbell', '.']",[ True]
"['Someone', 'killed', 'Jason', 'Wilson', '.']",[ True]
"['Someone', 'killed', 'Alex', 'James', '.']",[ True]
"['Someone', 'killed', 'Jonathan', 'Hart', '.']",[ True]
"['Someone', 'killed', 'Annie', 'Williams', '.']",[ True]
"['Someone', 'killed', 'Frederick', 'Henderson', '.']",[ True]
"['Someone', 'killed', 'Jill', 'Hill', '.']",[ True]
"['Someone', 'killed', 'Mary', 'Walker', '.']",[ True]
"['Someone', 'killed', 'John', 'Reed', '.']",[ True]
"['Someone', 'killed', 'Louis', 'Crawford', '.']",[ True]
"['Someone', 'killed', 'Kate', 'Graham', '.']",[ True]
"['Someone', 'killed', 'Don', 'Baker', '.']",[ True]
"['Someone', 'killed', 'Ian', 'Cooper', '.']",[ True]
"['Someone', 'killed', 'Nicole', 'Wood', '.']",[ True]
"['Someone', 'killed', 'Andrew', 'Parker', '.']",[ True]
"['Someone', 'killed', 'Gary', 'King', '.']",[ True]
"['Someone', 'killed', 'John', 'Thomas', '.']",[ True]
"['Someone', 'killed', 'Robin', 'Kelly', '.']",[ True]
"['Someone', 'killed', 'Robin', 'Butler', '.']",[ True]
"['Someone', 'killed', 'Matthew', 'Morgan', '.']",[ True]
"['Someone', 'killed', 'Joe', 'Hall', '.']",[ True]
"['Someone', 'killed', 'Dorothy', 'Cook', '.']",[ True]
"['Someone', 'killed', 'Louis', 'Mason', '.']",[ True]
"['Someone', 'killed', 'Frederick', 'Harrison', '.']",[ True]
"['Someone', 'killed', 'Florence', 'Foster', '.']",[ True]
"['Someone', 'killed', 'Frederick', 'Martin', '.']",[ True]
"['Someone', 'killed', 'Jerry', 'Alexander', '.']",[ True]
"['Someone', 'killed', 'Edwin', 'King', '.']",[ True]
"['Someone', 'killed', 'Amy', 'Bailey', '.']",[ True]
"['Someone', 'killed', 'Patricia', 'Graham', '.']",[ True]
"['Someone', 'killed', 'Laura', 'Walker', '.']",[ True]
"['Someone', 'killed', 'Amanda', 'Hamilton', '.']",[ True]
"['Someone', 'killed', 'Charles', 'Kelly', '.']",[ True]
"['Someone', 'killed', 'Kim', 'Taylor', '.']",[ True]
"['Someone', 'killed', 'Walter', 'Brown', '.']",[ True]
"['Someone', 'killed', 'Katie', 'Stewart', '.']",[ True]
"['Someone', 'killed', 'Patricia', 'Moore', '.']",[ True]
"['Someone', 'killed', 'Nicole', 'Thomas', '.']",[ True]
"['Someone', 'killed', 'Brian', 'Miller', '.']",[ True]
"['Someone', 'killed', 'Marie', 'Murray', '.']",[ True]
"['Someone', 'killed', 'Jessica', 'Mitchell', '.']",[ True]
"['Someone', 'killed', 'Matt', 'Murphy', '.']",[ True]
"['Someone', 'killed', 'Jennifer', 'Foster', '.']",[ True]
"['Someone', 'killed', 'Louise', 'Crawford', '.']",[ True]
"['Someone', 'killed', 'Benjamin', 'Martin', '.']",[ True]
"['Someone', 'killed', 'Lisa', 'Watson', '.']",[ True]
"['Someone', 'killed', 'Alice', 'Johnson', '.']",[ True]
"['Someone', 'killed', 'Elizabeth', 'Graham', '.']",[ True]
"['Someone', 'killed', 'Edith', 'Wilson', '.']",[ True]
"['Someone', 'killed', 'Pamela', 'Jordan', '.']",[ True]
"['Someone', 'killed', 'Michelle', 'Watson', '.']",[ True]
"['Someone', 'killed', 'Ian', 'Perry', '.']",[ True]
"['Someone', 'killed', 'Laura', 'Fisher', '.']",[ True]
"['Someone', 'killed', 'Patrick', 'Taylor', '.']",[ True]
"['Someone', 'killed', 'Betty', 'Harrison', '.']",[ True]
"['Someone', 'killed', 'Fiona', 'Kelly', '.']",[ True]
"['Someone', 'killed', 'Matthew', 'Bell', '.']",[ True]
"['Someone', 'killed', 'Charlotte', 'Edwards', '.']",[ True]
"['Someone', 'killed', 'Heather', 'Henderson', '.']",[ True]
"['Someone', 'killed', 'Frederick', 'Davis', '.']",[ True]
"['Someone', 'killed', 'Bobby', 'Martin', '.']",[ True]
"['Someone', 'killed', 'Florence', 'Hamilton', '.']",[ True]
"['Someone', 'killed', 'Jessica', 'Jordan', '.']",[ True]
"['Someone', 'killed', 'Alan', 'King', '.']",[ True]
"['Someone', 'killed', 'Caroline', 'Fisher', '.']",[ True]
"['Someone', 'killed', 'Emily', 'Henderson', '.']",[ True]
"['Someone', 'killed', 'Annie', 'Ross', '.']",[ True]
"['Someone', 'killed', 'Andrea', 'Stewart', '.']",[ True]
"['Someone', 'killed', 'Jay', 'Murray', '.']",[ True]
"['Someone', 'killed', 'Charlotte', 'Ross', '.']",[ True]
"['Someone', 'killed', 'Judy', 'Mitchell', '.']",[ True]
"['Someone', 'killed', 'Jean', 'Ryan', '.']",[ True]
"['Someone', 'killed', 'Betty', 'Edwards', '.']",[ True]
"['Someone', 'killed', 'Colin', 'Gray', '.']",[ True]
"['Someone', 'killed', 'Alan', 'Carter', '.']",[ True]
"['Someone', 'killed', 'Jennifer', 'Gordon', '.']",[ True]
"['Someone', 'killed', 'Stephanie', 'Watson', '.']",[ True]
"['Someone', 'killed', 'Suzanne', 'Cohen', '.']",[ True]
"['Someone', 'killed', 'Jim', 'Wood', '.']",[ True]
"['Someone', 'killed', 'Mark', 'Thompson', '.']",[ True]
"['Someone', 'killed', 'Maria', 'Hamilton', '.']",[ True]
"['Someone', 'killed', 'Fiona', 'Cohen', '.']",[ True]
"['Someone', 'killed', 'Kate', 'Rose', '.']",[ True]
"['Someone', 'killed', 'Sara', 'Thompson', '.']",[ True]
"['Someone', 'killed', 'Elizabeth', 'Rogers', '.']",[ True]
"['Someone', 'killed', 'James', 'Hall', '.']",[ True]
"['Someone', 'killed', 'Emma', 'Mason', '.']",[ True]
"['Someone', 'killed', 'Anthony', 'Hughes', '.']",[ True]
"['Someone', 'killed', 'Jane', 'Brown', '.']",[ True]
"['Someone', 'killed', 'Sarah', 'Cohen', '.']",[ True]
"['Someone', 'killed', 'Roger', 'Coleman', '.']",[ True]
"['Someone', 'killed', 'Dorothy', 'Brooks', '.']",[ True]
"['Someone', 'killed', 'Julie', 'Stone', '.']",[ True]
"['Someone', 'killed', 'Rachel', 'Clark', '.']",[ True]
"['Someone', 'killed', 'Marie', 'Bell', '.']",[ True]
"['Someone', 'killed', 'John', 'Alexander', '.']",[ True]
"['Someone', 'killed', 'Diane', 'Bell', '.']",[ True]
"['Someone', 'killed', 'Judy', 'Edwards', '.']",[ True]
"['Someone', 'killed', 'Ann', 'Jackson', '.']",[ True]
