"['Murat', 'Aksu', 'likes', 'to', 'eat', 'pizza', '.']",[ True]
"['Fatih', 'Eren', 'likes', 'to', 'eat', 'pizza', '.']",[ True]
"['Demet', 'Dikmen', 'likes', 'to', 'eat', 'pizza', '.']",[ True]
"['Zeynep', 'Koç', 'likes', 'to', 'eat', 'pizza', '.']",[ True]
"['Hakkı', 'Keskin', 'likes', 'to', 'eat', 'pizza', '.']",[ True]
"['İlhan', 'Akgün', 'likes', 'to', 'eat', 'pizza', '.']",[ True]
"['Ece', 'Kılıç', 'likes', 'to', 'eat', 'pizza', '.']",[ True]
"['Volkan', 'İnci', 'likes', 'to', 'eat', 'pizza', '.']",[ True]
"['Feridun', 'Doğan', 'likes', 'to', 'eat', 'pizza', '.']",[ True]
"['Gülşah', 'Ergün', 'likes', 'to', 'eat', 'pizza', '.']",[ True]
"['Hilal', 'Çoban', 'likes', 'to', 'eat', 'pizza', '.']",[False]
"['Hilal', 'Dikmen', 'likes', 'to', 'eat', 'pizza', '.']",[False]
"['Alper', 'Karadağ', 'likes', 'to', 'eat', 'pizza', '.']",[ True]
"['Arif', 'Eryılmaz', 'likes', 'to', 'eat', 'pizza', '.']",[ True]
"['Arif', 'Aksoy', 'likes', 'to', 'eat', 'pizza', '.']",[ True]
"['Recep', 'Acar', 'likes', 'to', 'eat', 'pizza', '.']",[ True]
"['Hande', 'Sezer', 'likes', 'to', 'eat', 'pizza', '.']",[ True]
"['Mahmut', 'Çelik', 'likes', 'to', 'eat', 'pizza', '.']",[ True]
"['Ayşegül', 'Aras', 'likes', 'to', 'eat', 'pizza', '.']",[ True]
"['Lale', 'Çelik', 'likes', 'to', 'eat', 'pizza', '.']",[ True]
"['Selma', 'Ergün', 'likes', 'to', 'eat', 'pizza', '.']",[ True]
"['Souleymane', 'Çam', 'likes', 'to', 'eat', 'pizza', '.']",[ True]
"['Didem', 'Çiçek', 'likes', 'to', 'eat', 'pizza', '.']",[ True]
"['Yasemin', 'Duran', 'likes', 'to', 'eat', 'pizza', '.']",[ True]
"['Hasan', 'Atalay', 'likes', 'to', 'eat', 'pizza', '.']",[False]
"['Can', 'Aslan', 'likes', 'to', 'eat', 'pizza', '.']",[False]
"['Ekrem', 'Öztürk', 'likes', 'to', 'eat', 'pizza', '.']",[ True]
"['Okan', 'Tuncer', 'likes', 'to', 'eat', 'pizza', '.']",[ True]
"['Damla', 'Ünlü', 'likes', 'to', 'eat', 'pizza', '.']",[ True]
"['Levent', 'Aras', 'likes', 'to', 'eat', 'pizza', '.']",[ True]
"['Bekir', 'Gedik', 'likes', 'to', 'eat', 'pizza', '.']",[ True]
"['İrem', 'Yıldız', 'likes', 'to', 'eat', 'pizza', '.']",[ True]
"['Haluk', 'Kurt', 'likes', 'to', 'eat', 'pizza', '.']",[ True]
"['Neriman', 'Aktaş', 'likes', 'to', 'eat', 'pizza', '.']",[ True]
"['Ozan', 'Gürsoy', 'likes', 'to', 'eat', 'pizza', '.']",[ True]
"['Neslihan', 'Gürsoy', 'likes', 'to', 'eat', 'pizza', '.']",[ True]
"['Erkan', 'Erten', 'likes', 'to', 'eat', 'pizza', '.']",[ True]
"['Faruk', 'Gürsoy', 'likes', 'to', 'eat', 'pizza', '.']",[ True]
"['Cahit', 'Gedik', 'likes', 'to', 'eat', 'pizza', '.']",[ True]
"['Emel', 'Tekin', 'likes', 'to', 'eat', 'pizza', '.']",[ True]
"['Suzan', 'Yavuz', 'likes', 'to', 'eat', 'pizza', '.']",[ True]
"['Adnan', 'Kaplan', 'likes', 'to', 'eat', 'pizza', '.']",[ True]
"['Sedat', 'Akbaş', 'likes', 'to', 'eat', 'pizza', '.']",[ True]
"['Mohammed', 'Aras', 'likes', 'to', 'eat', 'pizza', '.']",[ True]
"['Emin', 'Bayraktar', 'likes', 'to', 'eat', 'pizza', '.']",[ True]
"['Gülşen', 'Bakır', 'likes', 'to', 'eat', 'pizza', '.']",[ True]
"['Fuat', 'Aydın', 'likes', 'to', 'eat', 'pizza', '.']",[ True]
"['Alper', 'Balcı', 'likes', 'to', 'eat', 'pizza', '.']",[ True]
"['Şevket', 'Yaşar', 'likes', 'to', 'eat', 'pizza', '.']",[ True]
"['Merve', 'Dikmen', 'likes', 'to', 'eat', 'pizza', '.']",[ True]
"['Fikret', 'Koç', 'likes', 'to', 'eat', 'pizza', '.']",[ True]
"['Doğan', 'Öney', 'likes', 'to', 'eat', 'pizza', '.']",[ True]
"['Orhan', 'Bozkurt', 'likes', 'to', 'eat', 'pizza', '.']",[ True]
"['Deniz', 'Aksoy', 'likes', 'to', 'eat', 'pizza', '.']",[ True]
"['Kemal', 'Çelik', 'likes', 'to', 'eat', 'pizza', '.']",[ True]
"['Serap', 'Özel', 'likes', 'to', 'eat', 'pizza', '.']",[ True]
"['Nilüfer', 'Tekin', 'likes', 'to', 'eat', 'pizza', '.']",[ True]
"['Kamil', 'Çelik', 'likes', 'to', 'eat', 'pizza', '.']",[ True]
"['Özlem', 'Erdem', 'likes', 'to', 'eat', 'pizza', '.']",[ True]
"['Ekrem', 'Acar', 'likes', 'to', 'eat', 'pizza', '.']",[ True]
"['Ozan', 'Topaloğlu', 'likes', 'to', 'eat', 'pizza', '.']",[ True]
"['Melike', 'Dikmen', 'likes', 'to', 'eat', 'pizza', '.']",[ True]
"['Şükrü', 'Bilgin', 'likes', 'to', 'eat', 'pizza', '.']",[ True]
"['Ebru', 'Aktaş', 'likes', 'to', 'eat', 'pizza', '.']",[ True]
"['Bahar', 'Bayraktar', 'likes', 'to', 'eat', 'pizza', '.']",[ True]
"['Barış', 'Yılmaz', 'likes', 'to', 'eat', 'pizza', '.']",[ True]
"['Burhan', 'Kılıç', 'likes', 'to', 'eat', 'pizza', '.']",[ True]
"['Serap', 'Duran', 'likes', 'to', 'eat', 'pizza', '.']",[ True]
"['Adnan', 'Yavaş', 'likes', 'to', 'eat', 'pizza', '.']",[ True]
"['İpek', 'Yavaş', 'likes', 'to', 'eat', 'pizza', '.']",[ True]
"['İrem', 'Çiçek', 'likes', 'to', 'eat', 'pizza', '.']",[ True]
"['Osman', 'Kurt', 'likes', 'to', 'eat', 'pizza', '.']",[ True]
"['Fuat', 'Toprak', 'likes', 'to', 'eat', 'pizza', '.']",[ True]
"['Aylin', 'Özcan', 'likes', 'to', 'eat', 'pizza', '.']",[ True]
"['Bahar', 'Yıldız', 'likes', 'to', 'eat', 'pizza', '.']",[ True]
"['Barış', 'Tarhan', 'likes', 'to', 'eat', 'pizza', '.']",[ True]
"['Melisa', 'İnan', 'likes', 'to', 'eat', 'pizza', '.']",[ True]
"['Yaşar', 'Karadağ', 'likes', 'to', 'eat', 'pizza', '.']",[ True]
"['Duygu', 'Kurt', 'likes', 'to', 'eat', 'pizza', '.']",[ True]
"['Damla', 'Gedik', 'likes', 'to', 'eat', 'pizza', '.']",[False]
"['Hazal', 'Çetin', 'likes', 'to', 'eat', 'pizza', '.']",[ True]
"['Sema', 'Erten', 'likes', 'to', 'eat', 'pizza', '.']",[ True]
"['İlayda', 'Kılıç', 'likes', 'to', 'eat', 'pizza', '.']",[ True]
"['Arzu', 'Çoban', 'likes', 'to', 'eat', 'pizza', '.']",[ True]
"['Mehtap', 'Yavaş', 'likes', 'to', 'eat', 'pizza', '.']",[ True]
"['İlayda', 'Özcan', 'likes', 'to', 'eat', 'pizza', '.']",[ True]
"['Güzin', 'Koç', 'likes', 'to', 'eat', 'pizza', '.']",[ True]
"['Sinan', 'Tuncer', 'likes', 'to', 'eat', 'pizza', '.']",[ True]
"['Enver', 'Özkan', 'likes', 'to', 'eat', 'pizza', '.']",[ True]
"['Abdullah', 'Akbaş', 'likes', 'to', 'eat', 'pizza', '.']",[ True]
"['Abdullah', 'Toprak', 'likes', 'to', 'eat', 'pizza', '.']",[ True]
"['Can', 'Ayhan', 'likes', 'to', 'eat', 'pizza', '.']",[False]
"['Sibel', 'Tunç', 'likes', 'to', 'eat', 'pizza', '.']",[ True]
"['Özlem', 'Müftüoğlu', 'likes', 'to', 'eat', 'pizza', '.']",[ True]
"['Aysel', 'Topaloğlu', 'likes', 'to', 'eat', 'pizza', '.']",[ True]
"['Demet', 'Erten', 'likes', 'to', 'eat', 'pizza', '.']",[ True]
"['Tevfik', 'Şahin', 'likes', 'to', 'eat', 'pizza', '.']",[ True]
"['Yasemin', 'Arslan', 'likes', 'to', 'eat', 'pizza', '.']",[ True]
"['İlayda', 'Tuncer', 'likes', 'to', 'eat', 'pizza', '.']",[ True]
"['Pınar', 'Ünlü', 'likes', 'to', 'eat', 'pizza', '.']",[ True]
"['Cem', 'Bozkurt', 'likes', 'to', 'eat', 'pizza', '.']",[ True]
"['Oğuz', 'Yılmaz', 'likes', 'to', 'eat', 'pizza', '.']",[ True]
"['İlhan', 'Tosun', 'likes', 'to', 'eat', 'pizza', '.']",[ True]
"['Ezgi', 'Dikmen', 'likes', 'to', 'eat', 'pizza', '.']",[ True]
"['Arzu', 'Ünlü', 'likes', 'to', 'eat', 'pizza', '.']",[ True]
"['Sevil', 'Vardar', 'likes', 'to', 'eat', 'pizza', '.']",[ True]
"['Doğan', 'Çam', 'likes', 'to', 'eat', 'pizza', '.']",[ True]
"['Ezgi', 'Can', 'likes', 'to', 'eat', 'pizza', '.']",[False]
"['Cengiz', 'Çiçek', 'likes', 'to', 'eat', 'pizza', '.']",[ True]
"['Sema', 'Akın', 'likes', 'to', 'eat', 'pizza', '.']",[ True]
"['Faruk', 'Menderes', 'likes', 'to', 'eat', 'pizza', '.']",[ True]
"['Ramazan', 'Aydın', 'likes', 'to', 'eat', 'pizza', '.']",[ True]
"['Cem', 'Tarhan', 'likes', 'to', 'eat', 'pizza', '.']",[ True]
"['İlayda', 'Öztürk', 'likes', 'to', 'eat', 'pizza', '.']",[ True]
"['Gülşah', 'Akgün', 'likes', 'to', 'eat', 'pizza', '.']",[ True]
"['Damla', 'Tosun', 'likes', 'to', 'eat', 'pizza', '.']",[ True]
"['Ibrahim', 'Aksu', 'likes', 'to', 'eat', 'pizza', '.']",[False]
"['Melis', 'Yurtsever', 'likes', 'to', 'eat', 'pizza', '.']",[ True]
"['Nurhan', 'Acar', 'likes', 'to', 'eat', 'pizza', '.']",[ True]
"['Aysun', 'Atalay', 'likes', 'to', 'eat', 'pizza', '.']",[ True]
"['Betül', 'Bayraktar', 'likes', 'to', 'eat', 'pizza', '.']",[ True]
"['Sinem', 'Ayhan', 'likes', 'to', 'eat', 'pizza', '.']",[ True]
"['Ezgi', 'Özdemir', 'likes', 'to', 'eat', 'pizza', '.']",[ True]
"['Güzin', 'Orhan', 'likes', 'to', 'eat', 'pizza', '.']",[ True]
"['Aslı', 'Ergün', 'likes', 'to', 'eat', 'pizza', '.']",[ True]
"['Lale', 'Eryılmaz', 'likes', 'to', 'eat', 'pizza', '.']",[ True]
"['Hande', 'Aksu', 'likes', 'to', 'eat', 'pizza', '.']",[ True]
"['Ayşe', 'Keskin', 'likes', 'to', 'eat', 'pizza', '.']",[ True]
"['Damla', 'Aksu', 'likes', 'to', 'eat', 'pizza', '.']",[ True]
"['Güler', 'Aktaş', 'likes', 'to', 'eat', 'pizza', '.']",[ True]
"['Selahattin', 'Bulut', 'likes', 'to', 'eat', 'pizza', '.']",[ True]
"['Adnan', 'Şahin', 'likes', 'to', 'eat', 'pizza', '.']",[ True]
"['Nurhan', 'Can', 'likes', 'to', 'eat', 'pizza', '.']",[False]
"['Didem', 'Güven', 'likes', 'to', 'eat', 'pizza', '.']",[ True]
"['Esra', 'Polat', 'likes', 'to', 'eat', 'pizza', '.']",[ True]
"['Pakize', 'Aydın', 'likes', 'to', 'eat', 'pizza', '.']",[False]
"['İrem', 'Yıldırım', 'likes', 'to', 'eat', 'pizza', '.']",[ True]
"['Selçuk', 'Yıldırım', 'likes', 'to', 'eat', 'pizza', '.']",[ True]
"['Orhan', 'Erdoğan', 'likes', 'to', 'eat', 'pizza', '.']",[ True]
"['Yılmaz', 'Çam', 'likes', 'to', 'eat', 'pizza', '.']",[ True]
"['Ömer', 'Özkan', 'likes', 'to', 'eat', 'pizza', '.']",[ True]
"['Meltem', 'Keskin', 'likes', 'to', 'eat', 'pizza', '.']",[ True]
"['Fatih', 'Kaya', 'likes', 'to', 'eat', 'pizza', '.']",[ True]
"['Başak', 'Şimşek', 'likes', 'to', 'eat', 'pizza', '.']",[ True]
"['Bülent', 'Müftüoğlu', 'likes', 'to', 'eat', 'pizza', '.']",[ True]
"['Buse', 'Bayraktar', 'likes', 'to', 'eat', 'pizza', '.']",[ True]
"['Serap', 'Aksoy', 'likes', 'to', 'eat', 'pizza', '.']",[ True]
"['Ayhan', 'Aydemir', 'likes', 'to', 'eat', 'pizza', '.']",[ True]
"['Fikret', 'Dikmen', 'likes', 'to', 'eat', 'pizza', '.']",[ True]
"['Güzin', 'Şen', 'likes', 'to', 'eat', 'pizza', '.']",[ True]
"['Nilgün', 'Vural', 'likes', 'to', 'eat', 'pizza', '.']",[ True]
"['Şükrü', 'Bulut', 'likes', 'to', 'eat', 'pizza', '.']",[ True]
"['Ibrahim', 'Ergün', 'likes', 'to', 'eat', 'pizza', '.']",[False]
"['Simge', 'Karaca', 'likes', 'to', 'eat', 'pizza', '.']",[ True]
"['Ahmet', 'Tunç', 'likes', 'to', 'eat', 'pizza', '.']",[ True]
"['Oya', 'Özcan', 'likes', 'to', 'eat', 'pizza', '.']",[ True]
"['Ece', 'Topaloğlu', 'likes', 'to', 'eat', 'pizza', '.']",[ True]
"['Uğur', 'Polat', 'likes', 'to', 'eat', 'pizza', '.']",[ True]
"['Hande', 'Çam', 'likes', 'to', 'eat', 'pizza', '.']",[ True]
"['Neriman', 'Topaloğlu', 'likes', 'to', 'eat', 'pizza', '.']",[ True]
"['Hakan', 'Bayazıt', 'likes', 'to', 'eat', 'pizza', '.']",[ True]
"['Simge', 'Ünlü', 'likes', 'to', 'eat', 'pizza', '.']",[ True]
"['Volkan', 'Akbaş', 'likes', 'to', 'eat', 'pizza', '.']",[ True]
"['Serap', 'Özcan', 'likes', 'to', 'eat', 'pizza', '.']",[ True]
"['Ali', 'Polat', 'likes', 'to', 'eat', 'pizza', '.']",[ True]
"['Hazal', 'Tosun', 'likes', 'to', 'eat', 'pizza', '.']",[ True]
"['Atilla', 'Karaca', 'likes', 'to', 'eat', 'pizza', '.']",[ True]
"['Zeki', 'Karaca', 'likes', 'to', 'eat', 'pizza', '.']",[ True]
"['Leyla', 'Keskin', 'likes', 'to', 'eat', 'pizza', '.']",[ True]
"['Bekir', 'Duran', 'likes', 'to', 'eat', 'pizza', '.']",[ True]
"['Kenan', 'Kurt', 'likes', 'to', 'eat', 'pizza', '.']",[ True]
"['Arzu', 'Ülkü', 'likes', 'to', 'eat', 'pizza', '.']",[ True]
"['Selçuk', 'Özdemir', 'likes', 'to', 'eat', 'pizza', '.']",[ True]
"['Serkan', 'Gedik', 'likes', 'to', 'eat', 'pizza', '.']",[ True]
"['Güler', 'Güven', 'likes', 'to', 'eat', 'pizza', '.']",[ True]
"['Melek', 'Tarhan', 'likes', 'to', 'eat', 'pizza', '.']",[ True]
"['Ayten', 'Tuncer', 'likes', 'to', 'eat', 'pizza', '.']",[ True]
"['İhsan', 'Çam', 'likes', 'to', 'eat', 'pizza', '.']",[ True]
"['Mehtap', 'Vural', 'likes', 'to', 'eat', 'pizza', '.']",[ True]
"['Abdullah', 'Yavuz', 'likes', 'to', 'eat', 'pizza', '.']",[ True]
"['Neriman', 'Yılmaz', 'likes', 'to', 'eat', 'pizza', '.']",[ True]
"['Hakan', 'Kaya', 'likes', 'to', 'eat', 'pizza', '.']",[ True]
"['Abdullah', 'Eren', 'likes', 'to', 'eat', 'pizza', '.']",[ True]
"['Nazlı', 'Ülkü', 'likes', 'to', 'eat', 'pizza', '.']",[ True]
"['Nihat', 'Şimşek', 'likes', 'to', 'eat', 'pizza', '.']",[ True]
"['Arzu', 'Çelik', 'likes', 'to', 'eat', 'pizza', '.']",[ True]
"['Sinem', 'Erdoğan', 'likes', 'to', 'eat', 'pizza', '.']",[ True]
"['Muharrem', 'Duran', 'likes', 'to', 'eat', 'pizza', '.']",[ True]
"['Özlem', 'Coşkun', 'likes', 'to', 'eat', 'pizza', '.']",[ True]
"['Özgür', 'Yıldırım', 'likes', 'to', 'eat', 'pizza', '.']",[ True]
"['Ceren', 'Bayraktar', 'likes', 'to', 'eat', 'pizza', '.']",[ True]
"['Hazal', 'Topaloğlu', 'likes', 'to', 'eat', 'pizza', '.']",[ True]
"['Ziya', 'Çelik', 'likes', 'to', 'eat', 'pizza', '.']",[ True]
"['Damla', 'Gürsoy', 'likes', 'to', 'eat', 'pizza', '.']",[ True]
"['İhsan', 'Ülkü', 'likes', 'to', 'eat', 'pizza', '.']",[ True]
"['Yusuf', 'Acar', 'likes', 'to', 'eat', 'pizza', '.']",[ True]
"['Uğur', 'Tanrıkulu', 'likes', 'to', 'eat', 'pizza', '.']",[ True]
"['Meryem', 'Subaşı', 'likes', 'to', 'eat', 'pizza', '.']",[ True]
"['Gizem', 'Bakır', 'likes', 'to', 'eat', 'pizza', '.']",[ True]
"['İhsan', 'Şimşek', 'likes', 'to', 'eat', 'pizza', '.']",[ True]
"['Sema', 'Öney', 'likes', 'to', 'eat', 'pizza', '.']",[ True]
"['Erhan', 'Yavaş', 'likes', 'to', 'eat', 'pizza', '.']",[ True]
"['Emine', 'Ayhan', 'likes', 'to', 'eat', 'pizza', '.']",[ True]
"['Melis', 'Özçelik', 'likes', 'to', 'eat', 'pizza', '.']",[ True]
"['Ahmet', 'Demirel', 'likes', 'to', 'eat', 'pizza', '.']",[ True]
"['Emel', 'Ulusoy', 'likes', 'to', 'eat', 'pizza', '.']",[ True]
"['Nurhan', 'Uluğ', 'likes', 'to', 'eat', 'pizza', '.']",[ True]
"['Nurhan', 'Çam', 'likes', 'to', 'eat', 'pizza', '.']",[ True]
"['Melisa', 'Şimşek', 'likes', 'to', 'eat', 'pizza', '.']",[ True]
"['İpek', 'Bayazıt', 'likes', 'to', 'eat', 'pizza', '.']",[ True]
"['Alper', 'Bakır', 'likes', 'to', 'eat', 'pizza', '.']",[ True]
"['Didem', 'Demir', 'likes', 'to', 'eat', 'pizza', '.']",[ True]
"['Emel', 'Özcan', 'likes', 'to', 'eat', 'pizza', '.']",[ True]
"['Ayhan', 'Polat', 'likes', 'to', 'eat', 'pizza', '.']",[ True]
"['Murat', 'Duran', 'likes', 'to', 'eat', 'pizza', '.']",[ True]
"['Kenan', 'Subaşı', 'likes', 'to', 'eat', 'pizza', '.']",[ True]
"['Esra', 'Öney', 'likes', 'to', 'eat', 'pizza', '.']",[ True]
"['Arzu', 'Özkan', 'likes', 'to', 'eat', 'pizza', '.']",[ True]
"['Melek', 'Yılmaz', 'likes', 'to', 'eat', 'pizza', '.']",[ True]
"['İnci', 'Tanrıkulu', 'likes', 'to', 'eat', 'pizza', '.']",[ True]
"['Pakize', 'Özçelik', 'likes', 'to', 'eat', 'pizza', '.']",[False]
"['Abdullah', 'Bulut', 'likes', 'to', 'eat', 'pizza', '.']",[ True]
"['Cemil', 'Eren', 'likes', 'to', 'eat', 'pizza', '.']",[ True]
"['Oğuz', 'Albayrak', 'likes', 'to', 'eat', 'pizza', '.']",[ True]
"['İpek', 'Coşkun', 'likes', 'to', 'eat', 'pizza', '.']",[ True]
"['Onur', 'Akgün', 'likes', 'to', 'eat', 'pizza', '.']",[ True]
"['Türkan', 'Tosun', 'likes', 'to', 'eat', 'pizza', '.']",[ True]
"['Zeynep', 'Karadağ', 'likes', 'to', 'eat', 'pizza', '.']",[ True]
"['Sedat', 'Duran', 'likes', 'to', 'eat', 'pizza', '.']",[ True]
"['Feridun', 'Karadağ', 'likes', 'to', 'eat', 'pizza', '.']",[ True]
"['Hakkı', 'Kaya', 'likes', 'to', 'eat', 'pizza', '.']",[ True]
"['Cemal', 'Dikmen', 'likes', 'to', 'eat', 'pizza', '.']",[ True]
"['Bahar', 'Ergün', 'likes', 'to', 'eat', 'pizza', '.']",[ True]
"['Mehtap', 'Bilgin', 'likes', 'to', 'eat', 'pizza', '.']",[ True]
"['İrem', 'Bulut', 'likes', 'to', 'eat', 'pizza', '.']",[ True]
"['Ömer', 'Dikmen', 'likes', 'to', 'eat', 'pizza', '.']",[ True]
"['Ece', 'Keskin', 'likes', 'to', 'eat', 'pizza', '.']",[ True]
"['Aysun', 'Öztürk', 'likes', 'to', 'eat', 'pizza', '.']",[ True]
"['Meral', 'Yurtsever', 'likes', 'to', 'eat', 'pizza', '.']",[ True]
"['Serkan', 'Akbaş', 'likes', 'to', 'eat', 'pizza', '.']",[ True]
"['Ali', 'Tunç', 'likes', 'to', 'eat', 'pizza', '.']",[ True]
"['Deniz', 'Yıldız', 'likes', 'to', 'eat', 'pizza', '.']",[ True]
"['Nazlı', 'Ayhan', 'likes', 'to', 'eat', 'pizza', '.']",[ True]
"['Sevil', 'Topaloğlu', 'likes', 'to', 'eat', 'pizza', '.']",[ True]
"['Hazal', 'Kaplan', 'likes', 'to', 'eat', 'pizza', '.']",[ True]
"['Nur', 'Gedik', 'likes', 'to', 'eat', 'pizza', '.']",[ True]
"['Fatma', 'Aksu', 'likes', 'to', 'eat', 'pizza', '.']",[ True]
"['Derya', 'Tekin', 'likes', 'to', 'eat', 'pizza', '.']",[ True]
"['Selahattin', 'Dikmen', 'likes', 'to', 'eat', 'pizza', '.']",[ True]
"['Oya', 'Aktaş', 'likes', 'to', 'eat', 'pizza', '.']",[ True]
"['Kaan', 'Müftüoğlu', 'likes', 'to', 'eat', 'pizza', '.']",[ True]
"['Meltem', 'Bayazıt', 'likes', 'to', 'eat', 'pizza', '.']",[ True]
"['Cemal', 'Turan', 'likes', 'to', 'eat', 'pizza', '.']",[ True]
"['Sinan', 'Tosun', 'likes', 'to', 'eat', 'pizza', '.']",[ True]
"['Demet', 'Vural', 'likes', 'to', 'eat', 'pizza', '.']",[ True]
"['Adnan', 'Turhan', 'likes', 'to', 'eat', 'pizza', '.']",[ True]
"['Emin', 'Özbek', 'likes', 'to', 'eat', 'pizza', '.']",[ True]
"['Bekir', 'Menderes', 'likes', 'to', 'eat', 'pizza', '.']",[ True]
"['Sibel', 'Yılmaz', 'likes', 'to', 'eat', 'pizza', '.']",[ True]
"['Nevzat', 'Kaya', 'likes', 'to', 'eat', 'pizza', '.']",[ True]
"['Gülşah', 'Kara', 'likes', 'to', 'eat', 'pizza', '.']",[ True]
"['Feridun', 'Dikmen', 'likes', 'to', 'eat', 'pizza', '.']",[ True]
"['Merve', 'İnci', 'likes', 'to', 'eat', 'pizza', '.']",[ True]
"['Türkan', 'Bilgin', 'likes', 'to', 'eat', 'pizza', '.']",[ True]
"['Dilara', 'Bayraktar', 'likes', 'to', 'eat', 'pizza', '.']",[ True]
"['Aysun', 'Özdemir', 'likes', 'to', 'eat', 'pizza', '.']",[ True]
"['Ümit', 'Özdemir', 'likes', 'to', 'eat', 'pizza', '.']",[ True]
"['Selim', 'Köksal', 'likes', 'to', 'eat', 'pizza', '.']",[ True]
"['Rıza', 'Tosun', 'likes', 'to', 'eat', 'pizza', '.']",[ True]
"['Simge', 'Karaca', 'likes', 'to', 'eat', 'pizza', '.']",[ True]
"['Canan', 'Akın', 'likes', 'to', 'eat', 'pizza', '.']",[ True]
"['Vedat', 'Yavuz', 'likes', 'to', 'eat', 'pizza', '.']",[ True]
"['Tevfik', 'Uluğ', 'likes', 'to', 'eat', 'pizza', '.']",[ True]
"['Sedat', 'Müftüoğlu', 'likes', 'to', 'eat', 'pizza', '.']",[ True]
"['Zeki', 'Güven', 'likes', 'to', 'eat', 'pizza', '.']",[ True]
"['Cem', 'Ulusoy', 'likes', 'to', 'eat', 'pizza', '.']",[ True]
"['Kamil', 'Balcı', 'likes', 'to', 'eat', 'pizza', '.']",[ True]
"['Pelin', 'Coşkun', 'likes', 'to', 'eat', 'pizza', '.']",[ True]
"['Vedat', 'Öztürk', 'likes', 'to', 'eat', 'pizza', '.']",[ True]
"['İrem', 'Şentürk', 'likes', 'to', 'eat', 'pizza', '.']",[ True]
"['Barış', 'Orhan', 'likes', 'to', 'eat', 'pizza', '.']",[ True]
"['Ali', 'Kara', 'likes', 'to', 'eat', 'pizza', '.']",[ True]
"['Arzu', 'İpek', 'likes', 'to', 'eat', 'pizza', '.']",[ True]
"['Can', 'Öztürk', 'likes', 'to', 'eat', 'pizza', '.']",[False]
"['Selin', 'Şentürk', 'likes', 'to', 'eat', 'pizza', '.']",[ True]
"['Nurhan', 'Keskin', 'likes', 'to', 'eat', 'pizza', '.']",[ True]
"['İhsan', 'İnci', 'likes', 'to', 'eat', 'pizza', '.']",[ True]
"['Derya', 'Aksoy', 'likes', 'to', 'eat', 'pizza', '.']",[ True]
"['Oğuz', 'Özkan', 'likes', 'to', 'eat', 'pizza', '.']",[ True]
"['İrem', 'İnci', 'likes', 'to', 'eat', 'pizza', '.']",[ True]
"['Nazlı', 'Çelik', 'likes', 'to', 'eat', 'pizza', '.']",[ True]
"['Burhan', 'Özbek', 'likes', 'to', 'eat', 'pizza', '.']",[ True]
"['Abdurrahman', 'Bozkurt', 'likes', 'to', 'eat', 'pizza', '.']",[ True]
"['Cem', 'Bozkurt', 'likes', 'to', 'eat', 'pizza', '.']",[ True]
"['Ziya', 'Bozkurt', 'likes', 'to', 'eat', 'pizza', '.']",[ True]
"['Volkan', 'Çelik', 'likes', 'to', 'eat', 'pizza', '.']",[ True]
"['Ümit', 'Ayhan', 'likes', 'to', 'eat', 'pizza', '.']",[ True]
"['Nurhan', 'Aydın', 'likes', 'to', 'eat', 'pizza', '.']",[ True]
"['Mustafa', 'Şahin', 'likes', 'to', 'eat', 'pizza', '.']",[ True]
"['Kenan', 'Koç', 'likes', 'to', 'eat', 'pizza', '.']",[ True]
"['Ozan', 'Ulusoy', 'likes', 'to', 'eat', 'pizza', '.']",[ True]
"['Necati', 'Bulut', 'likes', 'to', 'eat', 'pizza', '.']",[ True]
"['Hakkı', 'Öztürk', 'likes', 'to', 'eat', 'pizza', '.']",[ True]
"['Fikret', 'Kara', 'likes', 'to', 'eat', 'pizza', '.']",[ True]
"['Melike', 'Özbek', 'likes', 'to', 'eat', 'pizza', '.']",[ True]
"['Mohammed', 'Bayraktar', 'likes', 'to', 'eat', 'pizza', '.']",[ True]
"['İpek', 'Müftüoğlu', 'likes', 'to', 'eat', 'pizza', '.']",[ True]
"['Didem', 'Güven', 'likes', 'to', 'eat', 'pizza', '.']",[ True]
"['Başak', 'Tanrıkulu', 'likes', 'to', 'eat', 'pizza', '.']",[ True]
"['İnci', 'Subaşı', 'likes', 'to', 'eat', 'pizza', '.']",[ True]
"['Aslı', 'Akın', 'likes', 'to', 'eat', 'pizza', '.']",[ True]
"['Selma', 'Aslan', 'likes', 'to', 'eat', 'pizza', '.']",[ True]
"['İlayda', 'Tuncer', 'likes', 'to', 'eat', 'pizza', '.']",[ True]
"['Nilgün', 'Ünlü', 'likes', 'to', 'eat', 'pizza', '.']",[ True]
"['Hazal', 'Özçelik', 'likes', 'to', 'eat', 'pizza', '.']",[ True]
"['Ozan', 'Çam', 'likes', 'to', 'eat', 'pizza', '.']",[ True]
"['Ümit', 'Akbaş', 'likes', 'to', 'eat', 'pizza', '.']",[ True]
"['Perihan', 'Yıldız', 'likes', 'to', 'eat', 'pizza', '.']",[ True]
"['Zehra', 'Korkmaz', 'likes', 'to', 'eat', 'pizza', '.']",[ True]
"['Enver', 'Kılıç', 'likes', 'to', 'eat', 'pizza', '.']",[ True]
"['Merve', 'Aksoy', 'likes', 'to', 'eat', 'pizza', '.']",[ True]
"['Damla', 'Bozkurt', 'likes', 'to', 'eat', 'pizza', '.']",[ True]
"['Mohammed', 'Menderes', 'likes', 'to', 'eat', 'pizza', '.']",[ True]
"['Özge', 'Müftüoğlu', 'likes', 'to', 'eat', 'pizza', '.']",[ True]
"['Ismail', 'Ülkü', 'likes', 'to', 'eat', 'pizza', '.']",[ True]
"['Türkan', 'Çoban', 'likes', 'to', 'eat', 'pizza', '.']",[ True]
"['Özlem', 'Şahin', 'likes', 'to', 'eat', 'pizza', '.']",[ True]
"['Çiğdem', 'Keskin', 'likes', 'to', 'eat', 'pizza', '.']",[ True]
"['Ibrahim', 'Menderes', 'likes', 'to', 'eat', 'pizza', '.']",[False]
"['Enver', 'Coşkun', 'likes', 'to', 'eat', 'pizza', '.']",[ True]
"['Doğan', 'Çiçek', 'likes', 'to', 'eat', 'pizza', '.']",[ True]
"['Güler', 'Tarhan', 'likes', 'to', 'eat', 'pizza', '.']",[ True]
"['Meryem', 'Tuncer', 'likes', 'to', 'eat', 'pizza', '.']",[ True]
"['Mehmet', 'Müftüoğlu', 'likes', 'to', 'eat', 'pizza', '.']",[ True]
"['Yusuf', 'Güven', 'likes', 'to', 'eat', 'pizza', '.']",[ True]
"['Cahit', 'Balcı', 'likes', 'to', 'eat', 'pizza', '.']",[ True]
"['Hilal', 'Aras', 'likes', 'to', 'eat', 'pizza', '.']",[False]
"['Uğur', 'Turan', 'likes', 'to', 'eat', 'pizza', '.']",[ True]
"['Neşe', 'Orhan', 'likes', 'to', 'eat', 'pizza', '.']",[ True]
"['Lale', 'Bilgin', 'likes', 'to', 'eat', 'pizza', '.']",[ True]
"['Dilek', 'Menderes', 'likes', 'to', 'eat', 'pizza', '.']",[ True]
"['Mehtap', 'Yıldız', 'likes', 'to', 'eat', 'pizza', '.']",[ True]
"['Mehmet', 'Tunç', 'likes', 'to', 'eat', 'pizza', '.']",[ True]
"['İhsan', 'Öney', 'likes', 'to', 'eat', 'pizza', '.']",[ True]
"['Fatih', 'Bayraktar', 'likes', 'to', 'eat', 'pizza', '.']",[ True]
"['Ozan', 'Orhan', 'likes', 'to', 'eat', 'pizza', '.']",[ True]
"['Şevket', 'Yıldırım', 'likes', 'to', 'eat', 'pizza', '.']",[ True]
"['Recep', 'Keskin', 'likes', 'to', 'eat', 'pizza', '.']",[ True]
"['Yasemin', 'Gürsoy', 'likes', 'to', 'eat', 'pizza', '.']",[ True]
"['İnci', 'Tuncer', 'likes', 'to', 'eat', 'pizza', '.']",[ True]
"['İdil', 'Doğan', 'likes', 'to', 'eat', 'pizza', '.']",[ True]
"['Aslı', 'Koç', 'likes', 'to', 'eat', 'pizza', '.']",[ True]
"['Filiz', 'Aslan', 'likes', 'to', 'eat', 'pizza', '.']",[ True]
"['Sedat', 'Özel', 'likes', 'to', 'eat', 'pizza', '.']",[ True]
"['Adnan', 'Kara', 'likes', 'to', 'eat', 'pizza', '.']",[False]
"['Neşe', 'Çoban', 'likes', 'to', 'eat', 'pizza', '.']",[ True]
"['Emel', 'Koç', 'likes', 'to', 'eat', 'pizza', '.']",[ True]
"['Başak', 'Durmaz', 'likes', 'to', 'eat', 'pizza', '.']",[ True]
"['Çağla', 'Özel', 'likes', 'to', 'eat', 'pizza', '.']",[ True]
"['Ayhan', 'Tarhan', 'likes', 'to', 'eat', 'pizza', '.']",[ True]
"['Zehra', 'Gedik', 'likes', 'to', 'eat', 'pizza', '.']",[ True]
"['Aysel', 'Durmaz', 'likes', 'to', 'eat', 'pizza', '.']",[ True]
"['Cem', 'Yavaş', 'likes', 'to', 'eat', 'pizza', '.']",[ True]
"['İsmail', 'Keskin', 'likes', 'to', 'eat', 'pizza', '.']",[ True]
"['Pelin', 'Aydın', 'likes', 'to', 'eat', 'pizza', '.']",[ True]
"['Demet', 'Atalay', 'likes', 'to', 'eat', 'pizza', '.']",[ True]
"['Sevil', 'Erdoğan', 'likes', 'to', 'eat', 'pizza', '.']",[ True]
"['Deniz', 'Akbaş', 'likes', 'to', 'eat', 'pizza', '.']",[ True]
"['Fatma', 'Özcan', 'likes', 'to', 'eat', 'pizza', '.']",[ True]
"['Ömer', 'Duran', 'likes', 'to', 'eat', 'pizza', '.']",[ True]
"['Simge', 'Bayraktar', 'likes', 'to', 'eat', 'pizza', '.']",[ True]
"['Yasemin', 'Özcan', 'likes', 'to', 'eat', 'pizza', '.']",[ True]
"['Erol', 'Şen', 'likes', 'to', 'eat', 'pizza', '.']",[ True]
"['Sema', 'Bayazıt', 'likes', 'to', 'eat', 'pizza', '.']",[ True]
"['Hazal', 'Köksal', 'likes', 'to', 'eat', 'pizza', '.']",[ True]
"['Sibel', 'Tuncer', 'likes', 'to', 'eat', 'pizza', '.']",[ True]
"['Kamil', 'Duran', 'likes', 'to', 'eat', 'pizza', '.']",[ True]
"['Ekrem', 'Güven', 'likes', 'to', 'eat', 'pizza', '.']",[ True]
"['Kamil', 'Uluğ', 'likes', 'to', 'eat', 'pizza', '.']",[ True]
"['Haluk', 'Erdoğan', 'likes', 'to', 'eat', 'pizza', '.']",[ True]
"['Sinan', 'Tanrıkulu', 'likes', 'to', 'eat', 'pizza', '.']",[ True]
"['Ramazan', 'Koç', 'likes', 'to', 'eat', 'pizza', '.']",[ True]
"['Haluk', 'Aydın', 'likes', 'to', 'eat', 'pizza', '.']",[ True]
"['Özge', 'Turan', 'likes', 'to', 'eat', 'pizza', '.']",[ True]
"['Feridun', 'Ayhan', 'likes', 'to', 'eat', 'pizza', '.']",[ True]
"['Selçuk', 'Güven', 'likes', 'to', 'eat', 'pizza', '.']",[ True]
"['Burcu', 'Karadağ', 'likes', 'to', 'eat', 'pizza', '.']",[ True]
"['Sema', 'Akbaş', 'likes', 'to', 'eat', 'pizza', '.']",[ True]
"['Fuat', 'Şahin', 'likes', 'to', 'eat', 'pizza', '.']",[ True]
"['Damla', 'Sezer', 'likes', 'to', 'eat', 'pizza', '.']",[ True]
"['Özge', 'Can', 'likes', 'to', 'eat', 'pizza', '.']",[False]
"['Gizem', 'Şen', 'likes', 'to', 'eat', 'pizza', '.']",[ True]
"['Ayla', 'Menderes', 'likes', 'to', 'eat', 'pizza', '.']",[ True]
"['Kübra', 'Yurtsever', 'likes', 'to', 'eat', 'pizza', '.']",[ True]
"['Selin', 'Atalay', 'likes', 'to', 'eat', 'pizza', '.']",[ True]
"['Doğan', 'Turan', 'likes', 'to', 'eat', 'pizza', '.']",[ True]
"['İbrahim', 'Müftüoğlu', 'likes', 'to', 'eat', 'pizza', '.']",[ True]
"['Başak', 'Yıldırım', 'likes', 'to', 'eat', 'pizza', '.']",[ True]
"['Neşe', 'Erdoğan', 'likes', 'to', 'eat', 'pizza', '.']",[ True]
"['Burhan', 'Duran', 'likes', 'to', 'eat', 'pizza', '.']",[ True]
"['Bahar', 'Eryılmaz', 'likes', 'to', 'eat', 'pizza', '.']",[ True]
"['Zafer', 'Ülkü', 'likes', 'to', 'eat', 'pizza', '.']",[ True]
"['Nurhan', 'Aydemir', 'likes', 'to', 'eat', 'pizza', '.']",[ True]
"['Mehmet', 'Erten', 'likes', 'to', 'eat', 'pizza', '.']",[ True]
"['Melike', 'Aksoy', 'likes', 'to', 'eat', 'pizza', '.']",[ True]
"['Mehtap', 'Özdemir', 'likes', 'to', 'eat', 'pizza', '.']",[ True]
"['Meryem', 'Tosun', 'likes', 'to', 'eat', 'pizza', '.']",[ True]
"['Burhan', 'Ünlü', 'likes', 'to', 'eat', 'pizza', '.']",[ True]
"['Gökhan', 'Çetin', 'likes', 'to', 'eat', 'pizza', '.']",[ True]
"['Ekrem', 'Karadağ', 'likes', 'to', 'eat', 'pizza', '.']",[ True]
"['Burcu', 'Yıldız', 'likes', 'to', 'eat', 'pizza', '.']",[ True]
"['Türkan', 'Çoban', 'likes', 'to', 'eat', 'pizza', '.']",[ True]
"['Neriman', 'Tekin', 'likes', 'to', 'eat', 'pizza', '.']",[ True]
"['Nevzat', 'Özel', 'likes', 'to', 'eat', 'pizza', '.']",[ True]
"['Sedat', 'Demir', 'likes', 'to', 'eat', 'pizza', '.']",[ True]
"['Cem', 'Ayhan', 'likes', 'to', 'eat', 'pizza', '.']",[ True]
"['Erkan', 'Tanrıkulu', 'likes', 'to', 'eat', 'pizza', '.']",[ True]
"['Onur', 'Yılmaz', 'likes', 'to', 'eat', 'pizza', '.']",[ True]
"['İnci', 'Akın', 'likes', 'to', 'eat', 'pizza', '.']",[ True]
"['Kemal', 'Çelik', 'likes', 'to', 'eat', 'pizza', '.']",[ True]
"['Levent', 'Şimşek', 'likes', 'to', 'eat', 'pizza', '.']",[ True]
"['Tuğçe', 'Kurt', 'likes', 'to', 'eat', 'pizza', '.']",[ True]
"['Demet', 'Ülkü', 'likes', 'to', 'eat', 'pizza', '.']",[ True]
"['Serkan', 'Ayhan', 'likes', 'to', 'eat', 'pizza', '.']",[ True]
"['Aydın', 'Akbaş', 'likes', 'to', 'eat', 'pizza', '.']",[ True]
"['Barış', 'Koç', 'likes', 'to', 'eat', 'pizza', '.']",[ True]
"['Ayşe', 'Orhan', 'likes', 'to', 'eat', 'pizza', '.']",[ True]
"['Serdar', 'Çelik', 'likes', 'to', 'eat', 'pizza', '.']",[ True]
"['Uğur', 'Öney', 'likes', 'to', 'eat', 'pizza', '.']",[ True]
"['Ezgi', 'Aksu', 'likes', 'to', 'eat', 'pizza', '.']",[ True]
"['Ece', 'Çelik', 'likes', 'to', 'eat', 'pizza', '.']",[ True]
"['İlhan', 'Yurtsever', 'likes', 'to', 'eat', 'pizza', '.']",[ True]
"['Fatih', 'Ayhan', 'likes', 'to', 'eat', 'pizza', '.']",[ True]
"['Yusuf', 'Müftüoğlu', 'likes', 'to', 'eat', 'pizza', '.']",[ True]
"['Didem', 'Gedik', 'likes', 'to', 'eat', 'pizza', '.']",[ True]
"['Mohammed', 'Demirel', 'likes', 'to', 'eat', 'pizza', '.']",[ True]
"['Salih', 'Ülkü', 'likes', 'to', 'eat', 'pizza', '.']",[ True]
"['Leyla', 'Kurt', 'likes', 'to', 'eat', 'pizza', '.']",[ True]
"['Deniz', 'İnan', 'likes', 'to', 'eat', 'pizza', '.']",[ True]
"['İbrahim', 'Şimşek', 'likes', 'to', 'eat', 'pizza', '.']",[ True]
"['Sevil', 'Dikmen', 'likes', 'to', 'eat', 'pizza', '.']",[ True]
"['Aydın', 'Yıldırım', 'likes', 'to', 'eat', 'pizza', '.']",[ True]
"['Sedat', 'Bilgin', 'likes', 'to', 'eat', 'pizza', '.']",[ True]
"['Özge', 'Aydın', 'likes', 'to', 'eat', 'pizza', '.']",[ True]
"['Esra', 'Atalay', 'likes', 'to', 'eat', 'pizza', '.']",[ True]
"['Şebnem', 'Yavuz', 'likes', 'to', 'eat', 'pizza', '.']",[ True]
"['Kamil', 'Bozkurt', 'likes', 'to', 'eat', 'pizza', '.']",[ True]
"['Fuat', 'Bulut', 'likes', 'to', 'eat', 'pizza', '.']",[ True]
"['Aysun', 'Aras', 'likes', 'to', 'eat', 'pizza', '.']",[ True]
"['Vedat', 'Çiçek', 'likes', 'to', 'eat', 'pizza', '.']",[ True]
"['Gamze', 'Balcı', 'likes', 'to', 'eat', 'pizza', '.']",[ True]
"['İsmail', 'Sezer', 'likes', 'to', 'eat', 'pizza', '.']",[ True]
"['Levent', 'Aksu', 'likes', 'to', 'eat', 'pizza', '.']",[ True]
"['Emre', 'Aksu', 'likes', 'to', 'eat', 'pizza', '.']",[ True]
"['Kemal', 'Aksoy', 'likes', 'to', 'eat', 'pizza', '.']",[ True]
"['Kenan', 'Durmaz', 'likes', 'to', 'eat', 'pizza', '.']",[ True]
"['Selçuk', 'Aydın', 'likes', 'to', 'eat', 'pizza', '.']",[ True]
"['Tevfik', 'Bozkurt', 'likes', 'to', 'eat', 'pizza', '.']",[ True]
"['Hüseyin', 'Tarhan', 'likes', 'to', 'eat', 'pizza', '.']",[ True]
"['Bülent', 'Balcı', 'likes', 'to', 'eat', 'pizza', '.']",[ True]
"['Sabiha', 'Yılmaz', 'likes', 'to', 'eat', 'pizza', '.']",[ True]
"['Ümit', 'Demir', 'likes', 'to', 'eat', 'pizza', '.']",[ True]
"['Gizem', 'Karaca', 'likes', 'to', 'eat', 'pizza', '.']",[ True]
"['Sevil', 'Atalay', 'likes', 'to', 'eat', 'pizza', '.']",[ True]
"['Elif', 'Bayazıt', 'likes', 'to', 'eat', 'pizza', '.']",[ True]
"['Ozan', 'Bozkurt', 'likes', 'to', 'eat', 'pizza', '.']",[ True]
"['Güzin', 'Ulusoy', 'likes', 'to', 'eat', 'pizza', '.']",[ True]
"['Gülşen', 'Can', 'likes', 'to', 'eat', 'pizza', '.']",[False]
"['Murat', 'Polat', 'likes', 'to', 'eat', 'pizza', '.']",[ True]
"['Ozan', 'Yıldız', 'likes', 'to', 'eat', 'pizza', '.']",[ True]
"['Ayça', 'Demirel', 'likes', 'to', 'eat', 'pizza', '.']",[ True]
"['Ezgi', 'Özel', 'likes', 'to', 'eat', 'pizza', '.']",[ True]
"['Didem', 'Şahin', 'likes', 'to', 'eat', 'pizza', '.']",[ True]
"['Cengiz', 'Aslan', 'likes', 'to', 'eat', 'pizza', '.']",[ True]
"['Mehtap', 'Kurt', 'likes', 'to', 'eat', 'pizza', '.']",[ True]
"['Burcu', 'Erdem', 'likes', 'to', 'eat', 'pizza', '.']",[ True]
"['Okan', 'Korkmaz', 'likes', 'to', 'eat', 'pizza', '.']",[ True]
"['Ayten', 'Kılıç', 'likes', 'to', 'eat', 'pizza', '.']",[ True]
"['Fatma', 'Özel', 'likes', 'to', 'eat', 'pizza', '.']",[ True]
"['Esra', 'Aslan', 'likes', 'to', 'eat', 'pizza', '.']",[ True]
"['Adnan', 'Karadağ', 'likes', 'to', 'eat', 'pizza', '.']",[ True]
"['İbrahim', 'Erten', 'likes', 'to', 'eat', 'pizza', '.']",[ True]
"['İsmail', 'Baran', 'likes', 'to', 'eat', 'pizza', '.']",[ True]
"['Ezgi', 'Toprak', 'likes', 'to', 'eat', 'pizza', '.']",[ True]
"['Başak', 'Aras', 'likes', 'to', 'eat', 'pizza', '.']",[ True]
"['Mustafa', 'Toprak', 'likes', 'to', 'eat', 'pizza', '.']",[ True]
"['Hatice', 'Atalay', 'likes', 'to', 'eat', 'pizza', '.']",[ True]
"['Neslihan', 'Aksu', 'likes', 'to', 'eat', 'pizza', '.']",[ True]
"['Gülşah', 'Tarhan', 'likes', 'to', 'eat', 'pizza', '.']",[ True]
"['Filiz', 'Durmaz', 'likes', 'to', 'eat', 'pizza', '.']",[ True]
"['Orhan', 'Durmaz', 'likes', 'to', 'eat', 'pizza', '.']",[ True]
"['Kenan', 'Aslan', 'likes', 'to', 'eat', 'pizza', '.']",[ True]
"['Arif', 'Özdemir', 'likes', 'to', 'eat', 'pizza', '.']",[ True]
"['Merve', 'Aksu', 'likes', 'to', 'eat', 'pizza', '.']",[ True]
"['İsmail', 'Özbek', 'likes', 'to', 'eat', 'pizza', '.']",[ True]
"['Zeki', 'Turan', 'likes', 'to', 'eat', 'pizza', '.']",[ True]
"['Kübra', 'Ayhan', 'likes', 'to', 'eat', 'pizza', '.']",[ True]
"['Bülent', 'Albayrak', 'likes', 'to', 'eat', 'pizza', '.']",[ True]
"['Kenan', 'Erdem', 'likes', 'to', 'eat', 'pizza', '.']",[ True]
"['Ümit', 'Korkmaz', 'likes', 'to', 'eat', 'pizza', '.']",[ True]
"['Ebru', 'Özel', 'likes', 'to', 'eat', 'pizza', '.']",[ True]
"['Sibel', 'Aydın', 'likes', 'to', 'eat', 'pizza', '.']",[ True]
"['Dilara', 'Özbek', 'likes', 'to', 'eat', 'pizza', '.']",[ True]
"['Duygu', 'Öztürk', 'likes', 'to', 'eat', 'pizza', '.']",[ True]
"['Elif', 'Durmaz', 'likes', 'to', 'eat', 'pizza', '.']",[ True]
"['İhsan', 'Şentürk', 'likes', 'to', 'eat', 'pizza', '.']",[ True]
"['Erhan', 'Polat', 'likes', 'to', 'eat', 'pizza', '.']",[ True]
"['Nuri', 'Bakır', 'likes', 'to', 'eat', 'pizza', '.']",[ True]
"['Meral', 'Çoban', 'likes', 'to', 'eat', 'pizza', '.']",[ True]
"['Türkan', 'Yavuz', 'likes', 'to', 'eat', 'pizza', '.']",[ True]
"['Ali', 'Erdem', 'likes', 'to', 'eat', 'pizza', '.']",[ True]
"['Elif', 'Tunç', 'likes', 'to', 'eat', 'pizza', '.']",[ True]
"['Selçuk', 'Tosun', 'likes', 'to', 'eat', 'pizza', '.']",[ True]
"['Ömer', 'Çiçek', 'likes', 'to', 'eat', 'pizza', '.']",[ True]
"['Burhan', 'Müftüoğlu', 'likes', 'to', 'eat', 'pizza', '.']",[ True]
"['Adem', 'İnan', 'likes', 'to', 'eat', 'pizza', '.']",[ True]
"['Emine', 'Yaşar', 'likes', 'to', 'eat', 'pizza', '.']",[ True]
"['Leyla', 'Erten', 'likes', 'to', 'eat', 'pizza', '.']",[ True]
"['Mustafa', 'Eryılmaz', 'likes', 'to', 'eat', 'pizza', '.']",[ True]
"['Levent', 'Aydın', 'likes', 'to', 'eat', 'pizza', '.']",[ True]
"['Kemal', 'Yıldırım', 'likes', 'to', 'eat', 'pizza', '.']",[ True]
"['Derya', 'Çam', 'likes', 'to', 'eat', 'pizza', '.']",[ True]
"['Hatice', 'Aktaş', 'likes', 'to', 'eat', 'pizza', '.']",[ True]
"['Zafer', 'Şentürk', 'likes', 'to', 'eat', 'pizza', '.']",[ True]
"['Suzan', 'İnci', 'likes', 'to', 'eat', 'pizza', '.']",[ True]
"['Selma', 'Şahin', 'likes', 'to', 'eat', 'pizza', '.']",[ True]
"['Ramazan', 'Tarhan', 'likes', 'to', 'eat', 'pizza', '.']",[ True]
"['Arif', 'Albayrak', 'likes', 'to', 'eat', 'pizza', '.']",[ True]
"['Buse', 'Uluğ', 'likes', 'to', 'eat', 'pizza', '.']",[ True]
"['Betül', 'Erten', 'likes', 'to', 'eat', 'pizza', '.']",[ True]
"['Nihat', 'Tuncer', 'likes', 'to', 'eat', 'pizza', '.']",[ True]
"['Necati', 'Özbek', 'likes', 'to', 'eat', 'pizza', '.']",[ True]
"['Kaan', 'Subaşı', 'likes', 'to', 'eat', 'pizza', '.']",[ True]
"['Bahar', 'Arslan', 'likes', 'to', 'eat', 'pizza', '.']",[ True]
"['Faruk', 'Kara', 'likes', 'to', 'eat', 'pizza', '.']",[ True]
"['İbrahim', 'Aydın', 'likes', 'to', 'eat', 'pizza', '.']",[ True]
"['Kadir', 'Eren', 'likes', 'to', 'eat', 'pizza', '.']",[ True]
"['Melisa', 'Özel', 'likes', 'to', 'eat', 'pizza', '.']",[ True]
"['Şükrü', 'Özbek', 'likes', 'to', 'eat', 'pizza', '.']",[ True]
"['Ömer', 'Bayazıt', 'likes', 'to', 'eat', 'pizza', '.']",[ True]
"['Çağla', 'Özbek', 'likes', 'to', 'eat', 'pizza', '.']",[ True]
"['Seda', 'Bayazıt', 'likes', 'to', 'eat', 'pizza', '.']",[ True]
"['Didem', 'Tuncer', 'likes', 'to', 'eat', 'pizza', '.']",[ True]
"['Burak', 'Tuncer', 'likes', 'to', 'eat', 'pizza', '.']",[ True]
"['Rıza', 'Bakır', 'likes', 'to', 'eat', 'pizza', '.']",[ True]
"['Recep', 'Aksoy', 'likes', 'to', 'eat', 'pizza', '.']",[ True]
"['Hakan', 'Şimşek', 'likes', 'to', 'eat', 'pizza', '.']",[ True]
"['Ayten', 'Müftüoğlu', 'likes', 'to', 'eat', 'pizza', '.']",[ True]
"['Mehmet', 'Aydın', 'likes', 'to', 'eat', 'pizza', '.']",[ True]
"['Bülent', 'Yaşar', 'likes', 'to', 'eat', 'pizza', '.']",[ True]
"['Kadir', 'Bayraktar', 'likes', 'to', 'eat', 'pizza', '.']",[ True]
"['Sinan', 'Koç', 'likes', 'to', 'eat', 'pizza', '.']",[ True]
"['Şevket', 'Can', 'likes', 'to', 'eat', 'pizza', '.']",[False]
"['Nurhan', 'Tanrıkulu', 'likes', 'to', 'eat', 'pizza', '.']",[ True]
"['Yılmaz', 'Yıldız', 'likes', 'to', 'eat', 'pizza', '.']",[ True]
"['Abdurrahman', 'Yavaş', 'likes', 'to', 'eat', 'pizza', '.']",[ True]
"['Çiğdem', 'Kılıç', 'likes', 'to', 'eat', 'pizza', '.']",[ True]
"['İbrahim', 'Bayraktar', 'likes', 'to', 'eat', 'pizza', '.']",[ True]
"['Adem', 'Arslan', 'likes', 'to', 'eat', 'pizza', '.']",[ True]
"['Simge', 'Korkmaz', 'likes', 'to', 'eat', 'pizza', '.']",[ True]
"['İlayda', 'Eren', 'likes', 'to', 'eat', 'pizza', '.']",[ True]
"['Kaan', 'Kurt', 'likes', 'to', 'eat', 'pizza', '.']",[ True]
"['Nuri', 'Ülkü', 'likes', 'to', 'eat', 'pizza', '.']",[ True]
"['Pınar', 'İpek', 'likes', 'to', 'eat', 'pizza', '.']",[ True]
"['Ali', 'Bayraktar', 'likes', 'to', 'eat', 'pizza', '.']",[ True]
"['Sibel', 'Özbek', 'likes', 'to', 'eat', 'pizza', '.']",[ True]
"['Fikret', 'Bakır', 'likes', 'to', 'eat', 'pizza', '.']",[ True]
"['Tevfik', 'Aydemir', 'likes', 'to', 'eat', 'pizza', '.']",[ True]
"['Hülya', 'Eren', 'likes', 'to', 'eat', 'pizza', '.']",[ True]
"['Cansu', 'Öztürk', 'likes', 'to', 'eat', 'pizza', '.']",[ True]
"['Nuri', 'Aydemir', 'likes', 'to', 'eat', 'pizza', '.']",[ True]
"['Aysun', 'Toprak', 'likes', 'to', 'eat', 'pizza', '.']",[ True]
"['Salih', 'Çetin', 'likes', 'to', 'eat', 'pizza', '.']",[ True]
"['Murat', 'Korkmaz', 'likes', 'to', 'eat', 'pizza', '.']",[ True]
"['Ayça', 'Yılmaz', 'likes', 'to', 'eat', 'pizza', '.']",[ True]
"['Şebnem', 'Şentürk', 'likes', 'to', 'eat', 'pizza', '.']",[ True]
"['Hakkı', 'Sezer', 'likes', 'to', 'eat', 'pizza', '.']",[ True]
"['Türkan', 'Akbaş', 'likes', 'to', 'eat', 'pizza', '.']",[ True]
"['Damla', 'Aydemir', 'likes', 'to', 'eat', 'pizza', '.']",[ True]
"['Selma', 'Bakır', 'likes', 'to', 'eat', 'pizza', '.']",[ True]
"['Muharrem', 'Bakır', 'likes', 'to', 'eat', 'pizza', '.']",[ True]
"['Oğuz', 'Ulusoy', 'likes', 'to', 'eat', 'pizza', '.']",[ True]
"['Gizem', 'Erdem', 'likes', 'to', 'eat', 'pizza', '.']",[ True]
"['Kamil', 'Duran', 'likes', 'to', 'eat', 'pizza', '.']",[ True]
"['Ceren', 'Demir', 'likes', 'to', 'eat', 'pizza', '.']",[ True]
"['Bülent', 'Çam', 'likes', 'to', 'eat', 'pizza', '.']",[ True]
"['Ekrem', 'Çetin', 'likes', 'to', 'eat', 'pizza', '.']",[ True]
"['Oya', 'Ulusoy', 'likes', 'to', 'eat', 'pizza', '.']",[ True]
"['Sevil', 'Turhan', 'likes', 'to', 'eat', 'pizza', '.']",[ True]
"['Kamil', 'Akbaş', 'likes', 'to', 'eat', 'pizza', '.']",[ True]
"['Pınar', 'İnan', 'likes', 'to', 'eat', 'pizza', '.']",[ True]
"['Selin', 'Tanrıkulu', 'likes', 'to', 'eat', 'pizza', '.']",[ True]
"['Fatih', 'Sezer', 'likes', 'to', 'eat', 'pizza', '.']",[ True]
"['Kemal', 'İpek', 'likes', 'to', 'eat', 'pizza', '.']",[ True]
"['Atilla', 'İpek', 'likes', 'to', 'eat', 'pizza', '.']",[ True]
"['Erhan', 'Özel', 'likes', 'to', 'eat', 'pizza', '.']",[ True]
"['Mehtap', 'Bayraktar', 'likes', 'to', 'eat', 'pizza', '.']",[ True]
"['Nevzat', 'Erdoğan', 'likes', 'to', 'eat', 'pizza', '.']",[ True]
"['Fatih', 'İnan', 'likes', 'to', 'eat', 'pizza', '.']",[ True]
"['Yılmaz', 'Çelik', 'likes', 'to', 'eat', 'pizza', '.']",[ True]
"['Didem', 'İnci', 'likes', 'to', 'eat', 'pizza', '.']",[ True]
"['Ayça', 'Ergün', 'likes', 'to', 'eat', 'pizza', '.']",[ True]
"['Güzin', 'Öztürk', 'likes', 'to', 'eat', 'pizza', '.']",[ True]
"['Sevil', 'Şentürk', 'likes', 'to', 'eat', 'pizza', '.']",[ True]
"['Volkan', 'Şahin', 'likes', 'to', 'eat', 'pizza', '.']",[False]
"['Aslı', 'Tuncer', 'likes', 'to', 'eat', 'pizza', '.']",[ True]
"['Ayla', 'Erdoğan', 'likes', 'to', 'eat', 'pizza', '.']",[ True]
"['Murat', 'Çelik', 'likes', 'to', 'eat', 'pizza', '.']",[ True]
"['Gülşah', 'Vardar', 'likes', 'to', 'eat', 'pizza', '.']",[ True]
"['Fikret', 'Polat', 'likes', 'to', 'eat', 'pizza', '.']",[ True]
"['Hasan', 'Acar', 'likes', 'to', 'eat', 'pizza', '.']",[False]
"['Ahmet', 'Toprak', 'likes', 'to', 'eat', 'pizza', '.']",[ True]
"['Feridun', 'Çam', 'likes', 'to', 'eat', 'pizza', '.']",[ True]
"['Sedat', 'Ülkü', 'likes', 'to', 'eat', 'pizza', '.']",[ True]
"['Ali', 'Erten', 'likes', 'to', 'eat', 'pizza', '.']",[ True]
"['Rıza', 'Yılmaz', 'likes', 'to', 'eat', 'pizza', '.']",[ True]
"['Erol', 'Polat', 'likes', 'to', 'eat', 'pizza', '.']",[ True]
"['Damla', 'Yıldırım', 'likes', 'to', 'eat', 'pizza', '.']",[ True]
"['Mehtap', 'Demirel', 'likes', 'to', 'eat', 'pizza', '.']",[ True]
"['Nuri', 'Şentürk', 'likes', 'to', 'eat', 'pizza', '.']",[ True]
"['Abdullah', 'Özçelik', 'likes', 'to', 'eat', 'pizza', '.']",[ True]
"['Selma', 'Aslan', 'likes', 'to', 'eat', 'pizza', '.']",[ True]
"['İhsan', 'Albayrak', 'likes', 'to', 'eat', 'pizza', '.']",[ True]
"['Kemal', 'Erten', 'likes', 'to', 'eat', 'pizza', '.']",[ True]
"['Fikret', 'Güven', 'likes', 'to', 'eat', 'pizza', '.']",[ True]
"['Cemil', 'Arslan', 'likes', 'to', 'eat', 'pizza', '.']",[ True]
"['Elif', 'Aktaş', 'likes', 'to', 'eat', 'pizza', '.']",[ True]
"['Emre', 'Aksu', 'likes', 'to', 'eat', 'pizza', '.']",[ True]
"['Hakkı', 'Özkan', 'likes', 'to', 'eat', 'pizza', '.']",[ True]
"['İsmail', 'Duran', 'likes', 'to', 'eat', 'pizza', '.']",[ True]
"['Hatice', 'Eren', 'likes', 'to', 'eat', 'pizza', '.']",[ True]
"['Gülşen', 'Çam', 'likes', 'to', 'eat', 'pizza', '.']",[ True]
"['Deniz', 'Güven', 'likes', 'to', 'eat', 'pizza', '.']",[ True]
"['Nilgün', 'Eren', 'likes', 'to', 'eat', 'pizza', '.']",[ True]
"['Halil', 'Tosun', 'likes', 'to', 'eat', 'pizza', '.']",[ True]
"['Elif', 'Yavuz', 'likes', 'to', 'eat', 'pizza', '.']",[ True]
"['Pınar', 'Tanrıkulu', 'likes', 'to', 'eat', 'pizza', '.']",[ True]
"['İdil', 'Doğan', 'likes', 'to', 'eat', 'pizza', '.']",[ True]
"['Erol', 'Turan', 'likes', 'to', 'eat', 'pizza', '.']",[ True]
"['Canan', 'Gedik', 'likes', 'to', 'eat', 'pizza', '.']",[ True]
"['Duygu', 'Turhan', 'likes', 'to', 'eat', 'pizza', '.']",[ True]
"['Demet', 'Erdem', 'likes', 'to', 'eat', 'pizza', '.']",[ True]
"['Leyla', 'Menderes', 'likes', 'to', 'eat', 'pizza', '.']",[ True]
"['Neriman', 'Tekin', 'likes', 'to', 'eat', 'pizza', '.']",[ True]
"['Zeki', 'Menderes', 'likes', 'to', 'eat', 'pizza', '.']",[ True]
"['Selahattin', 'Koç', 'likes', 'to', 'eat', 'pizza', '.']",[ True]
"['Kemal', 'Yavuz', 'likes', 'to', 'eat', 'pizza', '.']",[ True]
"['Adem', 'Karaca', 'likes', 'to', 'eat', 'pizza', '.']",[ True]
"['Levent', 'Ülkü', 'likes', 'to', 'eat', 'pizza', '.']",[ True]
"['Ezgi', 'Aydın', 'likes', 'to', 'eat', 'pizza', '.']",[ True]
"['Dilara', 'Sezer', 'likes', 'to', 'eat', 'pizza', '.']",[ True]
"['Volkan', 'Kara', 'likes', 'to', 'eat', 'pizza', '.']",[ True]
"['Feridun', 'Özbek', 'likes', 'to', 'eat', 'pizza', '.']",[ True]
"['Nilüfer', 'Karaca', 'likes', 'to', 'eat', 'pizza', '.']",[ True]
"['Burak', 'Özcan', 'likes', 'to', 'eat', 'pizza', '.']",[ True]
"['Ömer', 'Kurt', 'likes', 'to', 'eat', 'pizza', '.']",[ True]
"['Emine', 'Aksu', 'likes', 'to', 'eat', 'pizza', '.']",[ True]
"['Sibel', 'Çam', 'likes', 'to', 'eat', 'pizza', '.']",[ True]
"['Meryem', 'Bakır', 'likes', 'to', 'eat', 'pizza', '.']",[ True]
"['Hakan', 'Çoban', 'likes', 'to', 'eat', 'pizza', '.']",[ True]
"['Neşe', 'Bayraktar', 'likes', 'to', 'eat', 'pizza', '.']",[ True]
"['Onur', 'Sezer', 'likes', 'to', 'eat', 'pizza', '.']",[ True]
"['Ayhan', 'Çelik', 'likes', 'to', 'eat', 'pizza', '.']",[ True]
"['Ismail', 'Karadağ', 'likes', 'to', 'eat', 'pizza', '.']",[ True]
"['Zehra', 'Müftüoğlu', 'likes', 'to', 'eat', 'pizza', '.']",[ True]
"['Canan', 'Vardar', 'likes', 'to', 'eat', 'pizza', '.']",[ True]
"['Nevzat', 'Çoban', 'likes', 'to', 'eat', 'pizza', '.']",[ True]
"['Nazlı', 'Aksu', 'likes', 'to', 'eat', 'pizza', '.']",[ True]
"['Melek', 'Eryılmaz', 'likes', 'to', 'eat', 'pizza', '.']",[ True]
"['Özlem', 'Duran', 'likes', 'to', 'eat', 'pizza', '.']",[ True]
"['Hatice', 'Yılmaz', 'likes', 'to', 'eat', 'pizza', '.']",[ True]
"['Cahit', 'Aktaş', 'likes', 'to', 'eat', 'pizza', '.']",[ True]
"['Mahmut', 'Aras', 'likes', 'to', 'eat', 'pizza', '.']",[ True]
"['Ekrem', 'Özbek', 'likes', 'to', 'eat', 'pizza', '.']",[ True]
"['Lale', 'Ayhan', 'likes', 'to', 'eat', 'pizza', '.']",[ True]
"['Aylin', 'Aydın', 'likes', 'to', 'eat', 'pizza', '.']",[ True]
"['Hakan', 'Ergün', 'likes', 'to', 'eat', 'pizza', '.']",[ True]
"['Murat', 'Akbaş', 'likes', 'to', 'eat', 'pizza', '.']",[ True]
"['Çiğdem', 'Subaşı', 'likes', 'to', 'eat', 'pizza', '.']",[ True]
"['Pelin', 'Şimşek', 'likes', 'to', 'eat', 'pizza', '.']",[ True]
"['Ramazan', 'Çetin', 'likes', 'to', 'eat', 'pizza', '.']",[ True]
"['Ceren', 'Polat', 'likes', 'to', 'eat', 'pizza', '.']",[ True]
"['Nevzat', 'Kaya', 'likes', 'to', 'eat', 'pizza', '.']",[ True]
"['Arif', 'Uluğ', 'likes', 'to', 'eat', 'pizza', '.']",[ True]
"['Mahmut', 'Arslan', 'likes', 'to', 'eat', 'pizza', '.']",[ True]
"['Ibrahim', 'Çiçek', 'likes', 'to', 'eat', 'pizza', '.']",[False]
"['Ahmet', 'Tunç', 'likes', 'to', 'eat', 'pizza', '.']",[ True]
"['Atilla', 'Demir', 'likes', 'to', 'eat', 'pizza', '.']",[ True]
"['Oğuz', 'İpek', 'likes', 'to', 'eat', 'pizza', '.']",[ True]
"['Adem', 'Tosun', 'likes', 'to', 'eat', 'pizza', '.']",[ True]
"['Gökhan', 'Karadağ', 'likes', 'to', 'eat', 'pizza', '.']",[ True]
"['Kübra', 'Polat', 'likes', 'to', 'eat', 'pizza', '.']",[ True]
"['Ozan', 'İnan', 'likes', 'to', 'eat', 'pizza', '.']",[ True]
"['Ezgi', 'Özbek', 'likes', 'to', 'eat', 'pizza', '.']",[ True]
"['Ramazan', 'Menderes', 'likes', 'to', 'eat', 'pizza', '.']",[ True]
"['Recep', 'Atalay', 'likes', 'to', 'eat', 'pizza', '.']",[ True]
"['Tuğba', 'Yavuz', 'likes', 'to', 'eat', 'pizza', '.']",[ True]
"['Neslihan', 'Bakır', 'likes', 'to', 'eat', 'pizza', '.']",[ True]
"['Ismail', 'Erdoğan', 'likes', 'to', 'eat', 'pizza', '.']",[ True]
"['Yusuf', 'Kaya', 'likes', 'to', 'eat', 'pizza', '.']",[ True]
"['Adem', 'Karadağ', 'likes', 'to', 'eat', 'pizza', '.']",[ True]
"['Tuğba', 'Müftüoğlu', 'likes', 'to', 'eat', 'pizza', '.']",[ True]
"['Okan', 'Menderes', 'likes', 'to', 'eat', 'pizza', '.']",[ True]
"['Sinem', 'Müftüoğlu', 'likes', 'to', 'eat', 'pizza', '.']",[ True]
"['Pınar', 'Çelik', 'likes', 'to', 'eat', 'pizza', '.']",[ True]
"['İbrahim', 'Yavaş', 'likes', 'to', 'eat', 'pizza', '.']",[ True]
"['Özgür', 'Doğan', 'likes', 'to', 'eat', 'pizza', '.']",[ True]
"['Mustafa', 'Duran', 'likes', 'to', 'eat', 'pizza', '.']",[ True]
"['Ayşe', 'Özbek', 'likes', 'to', 'eat', 'pizza', '.']",[ True]
"['Özlem', 'Kurt', 'likes', 'to', 'eat', 'pizza', '.']",[ True]
"['Fatih', 'Aydemir', 'likes', 'to', 'eat', 'pizza', '.']",[ True]
"['Cengiz', 'Şen', 'likes', 'to', 'eat', 'pizza', '.']",[ True]
"['Sabiha', 'Acar', 'likes', 'to', 'eat', 'pizza', '.']",[ True]
"['Melis', 'Atalay', 'likes', 'to', 'eat', 'pizza', '.']",[ True]
"['Levent', 'Akın', 'likes', 'to', 'eat', 'pizza', '.']",[ True]
"['Türkan', 'Güven', 'likes', 'to', 'eat', 'pizza', '.']",[ True]
"['Ali', 'Erten', 'likes', 'to', 'eat', 'pizza', '.']",[ True]
"['Emre', 'Turan', 'likes', 'to', 'eat', 'pizza', '.']",[ True]
"['Halil', 'Kılıç', 'likes', 'to', 'eat', 'pizza', '.']",[ True]
"['Leyla', 'Aslan', 'likes', 'to', 'eat', 'pizza', '.']",[ True]
"['Gülşah', 'Vardar', 'likes', 'to', 'eat', 'pizza', '.']",[ True]
"['Ayhan', 'Erdoğan', 'likes', 'to', 'eat', 'pizza', '.']",[ True]
"['Bülent', 'Özbek', 'likes', 'to', 'eat', 'pizza', '.']",[ True]
"['İnci', 'Aslan', 'likes', 'to', 'eat', 'pizza', '.']",[ True]
"['Kübra', 'İnan', 'likes', 'to', 'eat', 'pizza', '.']",[ True]
"['İnci', 'Akbaş', 'likes', 'to', 'eat', 'pizza', '.']",[ True]
"['Faruk', 'Vural', 'likes', 'to', 'eat', 'pizza', '.']",[ True]
"['Hakkı', 'Aydemir', 'likes', 'to', 'eat', 'pizza', '.']",[ True]
"['Hatice', 'İnci', 'likes', 'to', 'eat', 'pizza', '.']",[ True]
"['Ceyda', 'Uluğ', 'likes', 'to', 'eat', 'pizza', '.']",[ True]
"['Recep', 'Acar', 'likes', 'to', 'eat', 'pizza', '.']",[ True]
"['Türkan', 'Aydın', 'likes', 'to', 'eat', 'pizza', '.']",[ True]
"['Neslihan', 'Akın', 'likes', 'to', 'eat', 'pizza', '.']",[ True]
"['Nuri', 'Ulusoy', 'likes', 'to', 'eat', 'pizza', '.']",[ True]
"['Meryem', 'Gedik', 'likes', 'to', 'eat', 'pizza', '.']",[ True]
"['Selma', 'Atalay', 'likes', 'to', 'eat', 'pizza', '.']",[ True]
"['Ezgi', 'Şimşek', 'likes', 'to', 'eat', 'pizza', '.']",[ True]
"['Erol', 'Yılmaz', 'likes', 'to', 'eat', 'pizza', '.']",[ True]
"['Güler', 'Korkmaz', 'likes', 'to', 'eat', 'pizza', '.']",[ True]
"['Aysel', 'Kaplan', 'likes', 'to', 'eat', 'pizza', '.']",[ True]
"['Leyla', 'Vural', 'likes', 'to', 'eat', 'pizza', '.']",[ True]
"['Sibel', 'Eren', 'likes', 'to', 'eat', 'pizza', '.']",[ True]
"['Başak', 'Özdemir', 'likes', 'to', 'eat', 'pizza', '.']",[ True]
"['Adnan', 'Aslan', 'likes', 'to', 'eat', 'pizza', '.']",[ True]
"['Meltem', 'Kara', 'likes', 'to', 'eat', 'pizza', '.']",[ True]
"['Ali', 'Ayhan', 'likes', 'to', 'eat', 'pizza', '.']",[ True]
"['Tuğba', 'Koç', 'likes', 'to', 'eat', 'pizza', '.']",[ True]
"['Tuğçe', 'Koç', 'likes', 'to', 'eat', 'pizza', '.']",[ True]
"['Cansu', 'Menderes', 'likes', 'to', 'eat', 'pizza', '.']",[ True]
"['İlhan', 'Albayrak', 'likes', 'to', 'eat', 'pizza', '.']",[ True]
"['Hilal', 'Öztürk', 'likes', 'to', 'eat', 'pizza', '.']",[False]
"['Gizem', 'Baran', 'likes', 'to', 'eat', 'pizza', '.']",[ True]
"['Hakkı', 'Keskin', 'likes', 'to', 'eat', 'pizza', '.']",[ True]
"['Deniz', 'Akgün', 'likes', 'to', 'eat', 'pizza', '.']",[ True]
"['Souleymane', 'Baran', 'likes', 'to', 'eat', 'pizza', '.']",[ True]
"['Güzin', 'Çelik', 'likes', 'to', 'eat', 'pizza', '.']",[ True]
"['Tuğba', 'Korkmaz', 'likes', 'to', 'eat', 'pizza', '.']",[ True]
"['Ayten', 'Tuncer', 'likes', 'to', 'eat', 'pizza', '.']",[ True]
"['Metin', 'Yavaş', 'likes', 'to', 'eat', 'pizza', '.']",[ True]
"['Arzu', 'Polat', 'likes', 'to', 'eat', 'pizza', '.']",[ True]
"['Duygu', 'Eryılmaz', 'likes', 'to', 'eat', 'pizza', '.']",[ True]
"['Ibrahim', 'Aktaş', 'likes', 'to', 'eat', 'pizza', '.']",[False]
"['Ramazan', 'Bayazıt', 'likes', 'to', 'eat', 'pizza', '.']",[ True]
"['Tevfik', 'Öney', 'likes', 'to', 'eat', 'pizza', '.']",[ True]
"['Ece', 'Kaya', 'likes', 'to', 'eat', 'pizza', '.']",[ True]
"['Esra', 'Bilgin', 'likes', 'to', 'eat', 'pizza', '.']",[ True]
"['Oğuz', 'Kara', 'likes', 'to', 'eat', 'pizza', '.']",[ True]
"['Selahattin', 'Akgün', 'likes', 'to', 'eat', 'pizza', '.']",[ True]
"['Pelin', 'Polat', 'likes', 'to', 'eat', 'pizza', '.']",[ True]
"['Tuğçe', 'Arslan', 'likes', 'to', 'eat', 'pizza', '.']",[ True]
"['Nuri', 'Vardar', 'likes', 'to', 'eat', 'pizza', '.']",[ True]
"['Ramazan', 'Subaşı', 'likes', 'to', 'eat', 'pizza', '.']",[ True]
"['Seda', 'Ülkü', 'likes', 'to', 'eat', 'pizza', '.']",[ True]
"['Vedat', 'Acar', 'likes', 'to', 'eat', 'pizza', '.']",[ True]
"['Perihan', 'Çiçek', 'likes', 'to', 'eat', 'pizza', '.']",[ True]
"['Ayşegül', 'Aslan', 'likes', 'to', 'eat', 'pizza', '.']",[ True]
"['Emine', 'Demirel', 'likes', 'to', 'eat', 'pizza', '.']",[ True]
"['Nazlı', 'Can', 'likes', 'to', 'eat', 'pizza', '.']",[False]
"['Ekrem', 'İnci', 'likes', 'to', 'eat', 'pizza', '.']",[ True]
"['Sinem', 'Ülkü', 'likes', 'to', 'eat', 'pizza', '.']",[ True]
"['Ozan', 'Aktaş', 'likes', 'to', 'eat', 'pizza', '.']",[ True]
"['Nilgün', 'Subaşı', 'likes', 'to', 'eat', 'pizza', '.']",[ True]
"['Kadir', 'Albayrak', 'likes', 'to', 'eat', 'pizza', '.']",[ True]
"['Selçuk', 'Keskin', 'likes', 'to', 'eat', 'pizza', '.']",[ True]
"['İlayda', 'Duran', 'likes', 'to', 'eat', 'pizza', '.']",[ True]
"['Erkan', 'Kara', 'likes', 'to', 'eat', 'pizza', '.']",[ True]
"['Haluk', 'Ergün', 'likes', 'to', 'eat', 'pizza', '.']",[ True]
"['Fuat', 'Ülkü', 'likes', 'to', 'eat', 'pizza', '.']",[ True]
"['Cem', 'Bulut', 'likes', 'to', 'eat', 'pizza', '.']",[ True]
"['Adnan', 'Karadağ', 'likes', 'to', 'eat', 'pizza', '.']",[ True]
"['Gamze', 'Tekin', 'likes', 'to', 'eat', 'pizza', '.']",[ True]
"['Kaan', 'Baran', 'likes', 'to', 'eat', 'pizza', '.']",[ True]
"['Vedat', 'Tekin', 'likes', 'to', 'eat', 'pizza', '.']",[ True]
"['Nuri', 'Köksal', 'likes', 'to', 'eat', 'pizza', '.']",[ True]
"['Cemal', 'Yıldırım', 'likes', 'to', 'eat', 'pizza', '.']",[ True]
"['Mehmet', 'Polat', 'likes', 'to', 'eat', 'pizza', '.']",[ True]
"['Uğur', 'Karadağ', 'likes', 'to', 'eat', 'pizza', '.']",[ True]
"['Yasemin', 'Şen', 'likes', 'to', 'eat', 'pizza', '.']",[ True]
"['Burhan', 'Çiçek', 'likes', 'to', 'eat', 'pizza', '.']",[ True]
"['Yılmaz', 'Öney', 'likes', 'to', 'eat', 'pizza', '.']",[ True]
"['Zeki', 'Müftüoğlu', 'likes', 'to', 'eat', 'pizza', '.']",[ True]
"['Hande', 'Özbek', 'likes', 'to', 'eat', 'pizza', '.']",[ True]
"['Salih', 'Şen', 'likes', 'to', 'eat', 'pizza', '.']",[ True]
"['Mahmut', 'Özkan', 'likes', 'to', 'eat', 'pizza', '.']",[ True]
"['Ezgi', 'Yaşar', 'likes', 'to', 'eat', 'pizza', '.']",[ True]
"['Zeki', 'Ergün', 'likes', 'to', 'eat', 'pizza', '.']",[ True]
"['Ömer', 'Karadağ', 'likes', 'to', 'eat', 'pizza', '.']",[ True]
"['Ekrem', 'Şahin', 'likes', 'to', 'eat', 'pizza', '.']",[ True]
"['İbrahim', 'Orhan', 'likes', 'to', 'eat', 'pizza', '.']",[ True]
"['İlhan', 'Şen', 'likes', 'to', 'eat', 'pizza', '.']",[ True]
"['Ece', 'Kurt', 'likes', 'to', 'eat', 'pizza', '.']",[ True]
"['Uğur', 'Tunç', 'likes', 'to', 'eat', 'pizza', '.']",[ True]
"['Merve', 'Tuncer', 'likes', 'to', 'eat', 'pizza', '.']",[ True]
"['Ümit', 'Aras', 'likes', 'to', 'eat', 'pizza', '.']",[ True]
"['Ece', 'Duran', 'likes', 'to', 'eat', 'pizza', '.']",[ True]
"['Burhan', 'Çiçek', 'likes', 'to', 'eat', 'pizza', '.']",[ True]
"['Hülya', 'Bayazıt', 'likes', 'to', 'eat', 'pizza', '.']",[ True]
"['Selçuk', 'Atalay', 'likes', 'to', 'eat', 'pizza', '.']",[ True]
"['Gülşen', 'Koç', 'likes', 'to', 'eat', 'pizza', '.']",[ True]
"['Dilara', 'Şimşek', 'likes', 'to', 'eat', 'pizza', '.']",[ True]
"['Yasemin', 'Çiçek', 'likes', 'to', 'eat', 'pizza', '.']",[ True]
"['Fikret', 'Tosun', 'likes', 'to', 'eat', 'pizza', '.']",[ True]
"['Ebru', 'Vural', 'likes', 'to', 'eat', 'pizza', '.']",[ True]
"['Ahmet', 'Turan', 'likes', 'to', 'eat', 'pizza', '.']",[ True]
"['Yasemin', 'Yaşar', 'likes', 'to', 'eat', 'pizza', '.']",[ True]
"['Cemal', 'Eren', 'likes', 'to', 'eat', 'pizza', '.']",[ True]
"['Ümit', 'Kara', 'likes', 'to', 'eat', 'pizza', '.']",[False]
"['Betül', 'Erdoğan', 'likes', 'to', 'eat', 'pizza', '.']",[ True]
"['Serap', 'Öztürk', 'likes', 'to', 'eat', 'pizza', '.']",[ True]
"['Oya', 'Doğan', 'likes', 'to', 'eat', 'pizza', '.']",[ True]
"['Meltem', 'Durmaz', 'likes', 'to', 'eat', 'pizza', '.']",[ True]
"['Pelin', 'Çam', 'likes', 'to', 'eat', 'pizza', '.']",[ True]
"['Mahmut', 'Demirel', 'likes', 'to', 'eat', 'pizza', '.']",[ True]
"['Erol', 'Özcan', 'likes', 'to', 'eat', 'pizza', '.']",[ True]
"['Ali', 'Erdoğan', 'likes', 'to', 'eat', 'pizza', '.']",[ True]
"['Nihat', 'Şahin', 'likes', 'to', 'eat', 'pizza', '.']",[ True]
"['Merve', 'Özçelik', 'likes', 'to', 'eat', 'pizza', '.']",[ True]
"['Sibel', 'Tanrıkulu', 'likes', 'to', 'eat', 'pizza', '.']",[ True]
"['Haluk', 'Aydemir', 'likes', 'to', 'eat', 'pizza', '.']",[ True]
"['Ramazan', 'Yılmaz', 'likes', 'to', 'eat', 'pizza', '.']",[ True]
"['Serkan', 'Güven', 'likes', 'to', 'eat', 'pizza', '.']",[ True]
"['Nilgün', 'Kılıç', 'likes', 'to', 'eat', 'pizza', '.']",[ True]
"['Seda', 'Erten', 'likes', 'to', 'eat', 'pizza', '.']",[ True]
"['Elif', 'Acar', 'likes', 'to', 'eat', 'pizza', '.']",[ True]
"['Aydın', 'Tanrıkulu', 'likes', 'to', 'eat', 'pizza', '.']",[ True]
"['Bekir', 'Köksal', 'likes', 'to', 'eat', 'pizza', '.']",[ True]
"['Gizem', 'Aksoy', 'likes', 'to', 'eat', 'pizza', '.']",[ True]
"['Ziya', 'Baran', 'likes', 'to', 'eat', 'pizza', '.']",[ True]
"['Çağla', 'Bozkurt', 'likes', 'to', 'eat', 'pizza', '.']",[ True]
"['Seda', 'Aksoy', 'likes', 'to', 'eat', 'pizza', '.']",[ True]
"['Melek', 'Tunç', 'likes', 'to', 'eat', 'pizza', '.']",[ True]
"['Hakan', 'Duran', 'likes', 'to', 'eat', 'pizza', '.']",[ True]
"['Nur', 'Orhan', 'likes', 'to', 'eat', 'pizza', '.']",[ True]
"['Fatma', 'Doğan', 'likes', 'to', 'eat', 'pizza', '.']",[ True]
"['Meryem', 'İnan', 'likes', 'to', 'eat', 'pizza', '.']",[ True]
"['Kemal', 'Aras', 'likes', 'to', 'eat', 'pizza', '.']",[ True]
"['Oya', 'Özçelik', 'likes', 'to', 'eat', 'pizza', '.']",[ True]
"['Ayten', 'Ergün', 'likes', 'to', 'eat', 'pizza', '.']",[ True]
"['Ayla', 'Atalay', 'likes', 'to', 'eat', 'pizza', '.']",[ True]
"['Pınar', 'Çiçek', 'likes', 'to', 'eat', 'pizza', '.']",[ True]
"['Melis', 'Demir', 'likes', 'to', 'eat', 'pizza', '.']",[ True]
"['Haluk', 'Coşkun', 'likes', 'to', 'eat', 'pizza', '.']",[ True]
"['Yasemin', 'Kara', 'likes', 'to', 'eat', 'pizza', '.']",[ True]
"['Bahar', 'Uluğ', 'likes', 'to', 'eat', 'pizza', '.']",[ True]
"['Mehmet', 'Demir', 'likes', 'to', 'eat', 'pizza', '.']",[ True]
"['Ümit', 'Aksu', 'likes', 'to', 'eat', 'pizza', '.']",[ True]
"['Faruk', 'Turan', 'likes', 'to', 'eat', 'pizza', '.']",[ True]
"['Aysun', 'Tosun', 'likes', 'to', 'eat', 'pizza', '.']",[ True]
"['Enver', 'Korkmaz', 'likes', 'to', 'eat', 'pizza', '.']",[ True]
"['Güler', 'Erdem', 'likes', 'to', 'eat', 'pizza', '.']",[ True]
"['Zeynep', 'Özcan', 'likes', 'to', 'eat', 'pizza', '.']",[ True]
"['Nuri', 'Ünlü', 'likes', 'to', 'eat', 'pizza', '.']",[ True]
"['Okan', 'Erdoğan', 'likes', 'to', 'eat', 'pizza', '.']",[ True]
"['Neslihan', 'Tosun', 'likes', 'to', 'eat', 'pizza', '.']",[ True]
"['Adnan', 'Köksal', 'likes', 'to', 'eat', 'pizza', '.']",[ True]
"['Aysel', 'Vural', 'likes', 'to', 'eat', 'pizza', '.']",[ True]
"['Abdurrahman', 'Ulusoy', 'likes', 'to', 'eat', 'pizza', '.']",[ True]
"['Oya', 'Çetin', 'likes', 'to', 'eat', 'pizza', '.']",[ True]
"['Erhan', 'Arslan', 'likes', 'to', 'eat', 'pizza', '.']",[ True]
"['Fatih', 'Vardar', 'likes', 'to', 'eat', 'pizza', '.']",[ True]
"['Suzan', 'Öney', 'likes', 'to', 'eat', 'pizza', '.']",[ True]
"['Nuri', 'Demir', 'likes', 'to', 'eat', 'pizza', '.']",[ True]
"['Bülent', 'Kurt', 'likes', 'to', 'eat', 'pizza', '.']",[ True]
"['Neşe', 'İpek', 'likes', 'to', 'eat', 'pizza', '.']",[ True]
"['Hakan', 'Orhan', 'likes', 'to', 'eat', 'pizza', '.']",[ True]
"['Ömer', 'Vural', 'likes', 'to', 'eat', 'pizza', '.']",[ True]
"['Çağla', 'Ayhan', 'likes', 'to', 'eat', 'pizza', '.']",[ True]
"['Bahar', 'İpek', 'likes', 'to', 'eat', 'pizza', '.']",[ True]
"['Abdullah', 'Şimşek', 'likes', 'to', 'eat', 'pizza', '.']",[ True]
"['Enver', 'Özcan', 'likes', 'to', 'eat', 'pizza', '.']",[ True]
"['Cem', 'Tanrıkulu', 'likes', 'to', 'eat', 'pizza', '.']",[ True]
"['Dilek', 'Yılmaz', 'likes', 'to', 'eat', 'pizza', '.']",[ True]
"['Tuğçe', 'Baran', 'likes', 'to', 'eat', 'pizza', '.']",[ True]
"['Aydın', 'Yılmaz', 'likes', 'to', 'eat', 'pizza', '.']",[ True]
"['Cahit', 'Korkmaz', 'likes', 'to', 'eat', 'pizza', '.']",[ True]
"['Erkan', 'Tanrıkulu', 'likes', 'to', 'eat', 'pizza', '.']",[ True]
"['Hatice', 'Vardar', 'likes', 'to', 'eat', 'pizza', '.']",[ True]
"['Fatih', 'Akbaş', 'likes', 'to', 'eat', 'pizza', '.']",[ True]
"['Merve', 'Aksoy', 'likes', 'to', 'eat', 'pizza', '.']",[ True]
"['Ahmet', 'Erten', 'likes', 'to', 'eat', 'pizza', '.']",[ True]
"['Hüseyin', 'Albayrak', 'likes', 'to', 'eat', 'pizza', '.']",[ True]
"['Kaan', 'Çam', 'likes', 'to', 'eat', 'pizza', '.']",[ True]
"['Bahar', 'Karadağ', 'likes', 'to', 'eat', 'pizza', '.']",[ True]
"['Serkan', 'Çiçek', 'likes', 'to', 'eat', 'pizza', '.']",[ True]
"['Nur', 'Akbaş', 'likes', 'to', 'eat', 'pizza', '.']",[ True]
"['Oğuz', 'Kaya', 'likes', 'to', 'eat', 'pizza', '.']",[ True]
"['Burak', 'Tarhan', 'likes', 'to', 'eat', 'pizza', '.']",[ True]
"['Erhan', 'Yılmaz', 'likes', 'to', 'eat', 'pizza', '.']",[ True]
"['Yusuf', 'Korkmaz', 'likes', 'to', 'eat', 'pizza', '.']",[ True]
"['Nurhan', 'Acar', 'likes', 'to', 'eat', 'pizza', '.']",[ True]
"['Ömer', 'Bakır', 'likes', 'to', 'eat', 'pizza', '.']",[ True]
"['Selahattin', 'Vardar', 'likes', 'to', 'eat', 'pizza', '.']",[ True]
"['Yusuf', 'Arslan', 'likes', 'to', 'eat', 'pizza', '.']",[ True]
"['Atilla', 'Yaşar', 'likes', 'to', 'eat', 'pizza', '.']",[ True]
"['Mahmut', 'Bozkurt', 'likes', 'to', 'eat', 'pizza', '.']",[ True]
"['Melis', 'Doğan', 'likes', 'to', 'eat', 'pizza', '.']",[ True]
"['Sema', 'Keskin', 'likes', 'to', 'eat', 'pizza', '.']",[ True]
"['Neşe', 'Coşkun', 'likes', 'to', 'eat', 'pizza', '.']",[ True]
"['Yaşar', 'Uluğ', 'likes', 'to', 'eat', 'pizza', '.']",[ True]
"['Deniz', 'Aksu', 'likes', 'to', 'eat', 'pizza', '.']",[ True]
"['Melisa', 'Yıldırım', 'likes', 'to', 'eat', 'pizza', '.']",[ True]
"['Özgür', 'Karaca', 'likes', 'to', 'eat', 'pizza', '.']",[ True]
"['Şükrü', 'Tekin', 'likes', 'to', 'eat', 'pizza', '.']",[ True]
"['Ayhan', 'Özbek', 'likes', 'to', 'eat', 'pizza', '.']",[ True]
"['Perihan', 'Kurt', 'likes', 'to', 'eat', 'pizza', '.']",[ True]
"['Demet', 'Menderes', 'likes', 'to', 'eat', 'pizza', '.']",[ True]
"['Emine', 'Aydemir', 'likes', 'to', 'eat', 'pizza', '.']",[ True]
"['Uğur', 'Vardar', 'likes', 'to', 'eat', 'pizza', '.']",[ True]
"['Buse', 'Özçelik', 'likes', 'to', 'eat', 'pizza', '.']",[ True]
"['Deniz', 'Acar', 'likes', 'to', 'eat', 'pizza', '.']",[ True]
"['Türkan', 'Ülkü', 'likes', 'to', 'eat', 'pizza', '.']",[ True]
"['Hakan', 'Yılmaz', 'likes', 'to', 'eat', 'pizza', '.']",[ True]
"['Zeki', 'Erten', 'likes', 'to', 'eat', 'pizza', '.']",[ True]
"['Kübra', 'Bozkurt', 'likes', 'to', 'eat', 'pizza', '.']",[ True]
"['Özgür', 'İnan', 'likes', 'to', 'eat', 'pizza', '.']",[ True]
"['Pelin', 'Atalay', 'likes', 'to', 'eat', 'pizza', '.']",[ True]
"['Atilla', 'Çelik', 'likes', 'to', 'eat', 'pizza', '.']",[ True]
"['Nilüfer', 'Ülkü', 'likes', 'to', 'eat', 'pizza', '.']",[ True]
"['Aysun', 'Can', 'likes', 'to', 'eat', 'pizza', '.']",[False]
"['İbrahim', 'Şen', 'likes', 'to', 'eat', 'pizza', '.']",[ True]
"['Adem', 'Aktaş', 'likes', 'to', 'eat', 'pizza', '.']",[ True]
"['Ümit', 'Baran', 'likes', 'to', 'eat', 'pizza', '.']",[ True]
"['Ayten', 'Çelik', 'likes', 'to', 'eat', 'pizza', '.']",[ True]
"['Canan', 'Tosun', 'likes', 'to', 'eat', 'pizza', '.']",[ True]
"['Aysel', 'Arslan', 'likes', 'to', 'eat', 'pizza', '.']",[ True]
"['Nevzat', 'Kaplan', 'likes', 'to', 'eat', 'pizza', '.']",[ True]
"['Sabiha', 'Aksoy', 'likes', 'to', 'eat', 'pizza', '.']",[ True]
"['Nurhan', 'Özbek', 'likes', 'to', 'eat', 'pizza', '.']",[ True]
"['Ceren', 'Demir', 'likes', 'to', 'eat', 'pizza', '.']",[ True]
"['Burcu', 'Akbaş', 'likes', 'to', 'eat', 'pizza', '.']",[ True]
"['Oğuz', 'Yılmaz', 'likes', 'to', 'eat', 'pizza', '.']",[ True]
"['Ahmet', 'Bozkurt', 'likes', 'to', 'eat', 'pizza', '.']",[ True]
"['Tuğba', 'Toprak', 'likes', 'to', 'eat', 'pizza', '.']",[ True]
"['Dilek', 'Şahin', 'likes', 'to', 'eat', 'pizza', '.']",[ True]
"['Sevil', 'Tekin', 'likes', 'to', 'eat', 'pizza', '.']",[ True]
"['Tuğba', 'Şimşek', 'likes', 'to', 'eat', 'pizza', '.']",[ True]
"['Şükrü', 'Yavaş', 'likes', 'to', 'eat', 'pizza', '.']",[ True]
"['Merve', 'Orhan', 'likes', 'to', 'eat', 'pizza', '.']",[ True]
"['Dilek', 'Akbaş', 'likes', 'to', 'eat', 'pizza', '.']",[ True]
"['Ümit', 'Özdemir', 'likes', 'to', 'eat', 'pizza', '.']",[ True]
"['Esra', 'Bayazıt', 'likes', 'to', 'eat', 'pizza', '.']",[ True]
"['Zeki', 'Aktaş', 'likes', 'to', 'eat', 'pizza', '.']",[ True]
"['Melisa', 'Tuncer', 'likes', 'to', 'eat', 'pizza', '.']",[ True]
"['Dilek', 'Ünlü', 'likes', 'to', 'eat', 'pizza', '.']",[ True]
"['Nilgün', 'Akgün', 'likes', 'to', 'eat', 'pizza', '.']",[ True]
"['Yasin', 'Tanrıkulu', 'likes', 'to', 'eat', 'pizza', '.']",[ True]
"['Hasan', 'Eryılmaz', 'likes', 'to', 'eat', 'pizza', '.']",[False]
"['Vedat', 'Bilgin', 'likes', 'to', 'eat', 'pizza', '.']",[ True]
"['Kamil', 'Gürsoy', 'likes', 'to', 'eat', 'pizza', '.']",[ True]
"['Gökhan', 'Tunç', 'likes', 'to', 'eat', 'pizza', '.']",[ True]
"['Okan', 'Özbek', 'likes', 'to', 'eat', 'pizza', '.']",[ True]
"['Nuri', 'Yıldırım', 'likes', 'to', 'eat', 'pizza', '.']",[ True]
"['Kübra', 'Keskin', 'likes', 'to', 'eat', 'pizza', '.']",[ True]
"['Kenan', 'Aktaş', 'likes', 'to', 'eat', 'pizza', '.']",[ True]
"['Derya', 'Güven', 'likes', 'to', 'eat', 'pizza', '.']",[ True]
"['Hatice', 'Turan', 'likes', 'to', 'eat', 'pizza', '.']",[ True]
"['Filiz', 'Çiçek', 'likes', 'to', 'eat', 'pizza', '.']",[ True]
"['Faruk', 'Vardar', 'likes', 'to', 'eat', 'pizza', '.']",[ True]
"['İpek', 'Demir', 'likes', 'to', 'eat', 'pizza', '.']",[ True]
"['Çağla', 'Subaşı', 'likes', 'to', 'eat', 'pizza', '.']",[ True]
"['Yaşar', 'Aktaş', 'likes', 'to', 'eat', 'pizza', '.']",[ True]
"['Meral', 'Köksal', 'likes', 'to', 'eat', 'pizza', '.']",[ True]
"['Serdar', 'Yıldız', 'likes', 'to', 'eat', 'pizza', '.']",[ True]
"['Levent', 'Erdoğan', 'likes', 'to', 'eat', 'pizza', '.']",[ True]
"['Hülya', 'Özcan', 'likes', 'to', 'eat', 'pizza', '.']",[ True]
"['Gizem', 'Keskin', 'likes', 'to', 'eat', 'pizza', '.']",[ True]
"['Yasemin', 'Özcan', 'likes', 'to', 'eat', 'pizza', '.']",[ True]
"['Kaan', 'Albayrak', 'likes', 'to', 'eat', 'pizza', '.']",[ True]
"['Serap', 'Gürsoy', 'likes', 'to', 'eat', 'pizza', '.']",[ True]
"['Erhan', 'Atalay', 'likes', 'to', 'eat', 'pizza', '.']",[ True]
"['Hasan', 'Çelik', 'likes', 'to', 'eat', 'pizza', '.']",[False]
"['Dilek', 'Öztürk', 'likes', 'to', 'eat', 'pizza', '.']",[ True]
"['Burcu', 'Müftüoğlu', 'likes', 'to', 'eat', 'pizza', '.']",[ True]
"['Nazlı', 'İnci', 'likes', 'to', 'eat', 'pizza', '.']",[ True]
"['İlayda', 'Acar', 'likes', 'to', 'eat', 'pizza', '.']",[ True]
"['Zafer', 'Tuncer', 'likes', 'to', 'eat', 'pizza', '.']",[ True]
"['Emel', 'Korkmaz', 'likes', 'to', 'eat', 'pizza', '.']",[ True]
"['Onur', 'Kaya', 'likes', 'to', 'eat', 'pizza', '.']",[ True]
"['Neslihan', 'Kurt', 'likes', 'to', 'eat', 'pizza', '.']",[ True]
"['Selma', 'Özçelik', 'likes', 'to', 'eat', 'pizza', '.']",[ True]
