"['Someone', 'killed', 'Alexandra', 'Mitchell', 'and', 'left', '.']",[ True]
"['Someone', 'killed', 'Rose', 'Crawford', 'and', 'left', '.']",[ True]
"['Someone', 'killed', 'Matt', 'Carter', 'and', 'left', '.']",[ True]
"['Someone', 'killed', 'Steven', 'Hughes', 'and', 'left', '.']",[ True]
"['Someone', 'killed', 'Ann', 'Mason', 'and', 'left', '.']",[ True]
"['Someone', 'killed', 'Richard', 'Russell', 'and', 'left', '.']",[ True]
"['Someone', 'killed', 'Johnny', 'Taylor', 'and', 'left', '.']",[ True]
"['Someone', 'killed', 'Sophie', 'Bell', 'and', 'left', '.']",[ True]
"['Someone', 'killed', 'Brian', 'Carter', 'and', 'left', '.']",[ True]
"['Someone', 'killed', 'Andrea', 'Wood', 'and', 'left', '.']",[ True]
"['Someone', 'killed', 'Suzanne', 'Bailey', 'and', 'left', '.']",[ True]
"['Someone', 'killed', 'Amy', 'Davis', 'and', 'left', '.']",[ True]
"['Someone', 'killed', 'Sandra', 'Hunter', 'and', 'left', '.']",[ True]
"['Someone', 'killed', 'Steve', 'Kennedy', 'and', 'left', '.']",[ True]
"['Someone', 'killed', 'Matt', 'Turner', 'and', 'left', '.']",[ True]
"['Someone', 'killed', 'Lauren', 'James', 'and', 'left', '.']",[ True]
"['Someone', 'killed', 'Alfred', 'Foster', 'and', 'left', '.']",[ True]
"['Someone', 'killed', 'Scott', 'Lewis', 'and', 'left', '.']",[ True]
"['Someone', 'killed', 'Dave', 'Hamilton', 'and', 'left', '.']",[ True]
"['Someone', 'killed', 'Frank', 'Hughes', 'and', 'left', '.']",[ True]
"['Someone', 'killed', 'Benjamin', 'Ryan', 'and', 'left', '.']",[ True]
"['Someone', 'killed', 'Martin', 'Ryan', 'and', 'left', '.']",[ True]
"['Someone', 'killed', 'Cynthia', 'Walker', 'and', 'left', '.']",[ True]
"['Someone', 'killed', 'Carl', 'Robertson', 'and', 'left', '.']",[ True]
"['Someone', 'killed', 'Victoria', 'Crawford', 'and', 'left', '.']",[ True]
"['Someone', 'killed', 'Heather', 'Edwards', 'and', 'left', '.']",[ True]
"['Someone', 'killed', 'Jason', ""O'Brien"", 'and', 'left', '.']",[ True]
"['Someone', 'killed', 'Ron', 'Hunter', 'and', 'left', '.']",[ True]
"['Someone', 'killed', 'Lawrence', 'Jackson', 'and', 'left', '.']",[ True]
"['Someone', 'killed', 'Linda', 'Moore', 'and', 'left', '.']",[ True]
"['Someone', 'killed', 'Edward', 'Roberts', 'and', 'left', '.']",[ True]
"['Someone', 'killed', 'Charles', 'Ford', 'and', 'left', '.']",[ True]
"['Someone', 'killed', 'Heather', 'Marshall', 'and', 'left', '.']",[ True]
"['Someone', 'killed', 'Ralph', 'Carter', 'and', 'left', '.']",[ True]
"['Someone', 'killed', 'Emily', 'Stewart', 'and', 'left', '.']",[ True]
"['Someone', 'killed', 'Elizabeth', 'Stone', 'and', 'left', '.']",[ True]
"['Someone', 'killed', 'Eric', 'Davies', 'and', 'left', '.']",[ True]
"['Someone', 'killed', 'Catherine', 'Stewart', 'and', 'left', '.']",[ True]
"['Someone', 'killed', 'Nick', 'Jones', 'and', 'left', '.']",[ True]
"['Someone', 'killed', 'Jane', 'Butler', 'and', 'left', '.']",[ True]
"['Someone', 'killed', 'George', 'Rose', 'and', 'left', '.']",[ True]
"['Someone', 'killed', 'Annie', 'Crawford', 'and', 'left', '.']",[ True]
"['Someone', 'killed', 'Henry', 'Shaw', 'and', 'left', '.']",[ True]
"['Someone', 'killed', 'Lucy', 'Thomas', 'and', 'left', '.']",[ True]
"['Someone', 'killed', 'Evelyn', 'White', 'and', 'left', '.']",[ True]
"['Someone', 'killed', 'Katie', 'Ford', 'and', 'left', '.']",[ True]
"['Someone', 'killed', 'Al', 'Robinson', 'and', 'left', '.']",[ True]
"['Someone', 'killed', 'Kevin', 'Clarke', 'and', 'left', '.']",[ True]
"['Someone', 'killed', 'Lauren', 'Price', 'and', 'left', '.']",[ True]
"['Someone', 'killed', 'Sharon', 'Crawford', 'and', 'left', '.']",[ True]
"['Someone', 'killed', 'Richard', 'Reynolds', 'and', 'left', '.']",[ True]
"['Someone', 'killed', 'Karen', 'Howard', 'and', 'left', '.']",[ True]
"['Someone', 'killed', 'Stephen', 'Mason', 'and', 'left', '.']",[ True]
"['Someone', 'killed', 'Mark', 'Morris', 'and', 'left', '.']",[ True]
"['Someone', 'killed', 'Amanda', 'Brooks', 'and', 'left', '.']",[ True]
"['Someone', 'killed', 'Kevin', 'Wilson', 'and', 'left', '.']",[ True]
"['Someone', 'killed', 'Roy', 'Martin', 'and', 'left', '.']",[ True]
"['Someone', 'killed', 'Evelyn', 'Baker', 'and', 'left', '.']",[ True]
"['Someone', 'killed', 'Diane', 'Henderson', 'and', 'left', '.']",[ True]
"['Someone', 'killed', 'Don', 'Young', 'and', 'left', '.']",[ True]
"['Someone', 'killed', 'Janet', 'Bell', 'and', 'left', '.']",[ True]
"['Someone', 'killed', 'Diana', 'Foster', 'and', 'left', '.']",[ True]
"['Someone', 'killed', 'Matt', 'Shaw', 'and', 'left', '.']",[ True]
"['Someone', 'killed', 'Evelyn', 'Perry', 'and', 'left', '.']",[ True]
"['Someone', 'killed', 'Johnny', 'Henderson', 'and', 'left', '.']",[ True]
"['Someone', 'killed', 'Emma', 'Johnson', 'and', 'left', '.']",[ True]
"['Someone', 'killed', 'Ruth', 'Smith', 'and', 'left', '.']",[ True]
"['Someone', 'killed', 'Ralph', 'Butler', 'and', 'left', '.']",[ True]
"['Someone', 'killed', 'Heather', 'Ryan', 'and', 'left', '.']",[ True]
"['Someone', 'killed', 'Linda', 'Ford', 'and', 'left', '.']",[ True]
"['Someone', 'killed', 'William', 'Russell', 'and', 'left', '.']",[ True]
"['Someone', 'killed', 'Amy', 'James', 'and', 'left', '.']",[ True]
"['Someone', 'killed', 'Alice', 'Martin', 'and', 'left', '.']",[ True]
"['Someone', 'killed', 'George', ""O'Brien"", 'and', 'left', '.']",[ True]
"['Someone', 'killed', 'Rose', 'Perry', 'and', 'left', '.']",[ True]
"['Someone', 'killed', 'Suzanne', 'Young', 'and', 'left', '.']",[ True]
"['Someone', 'killed', 'Rose', 'Scott', 'and', 'left', '.']",[ True]
"['Someone', 'killed', 'Jennifer', 'Moore', 'and', 'left', '.']",[False]
"['Someone', 'killed', 'Amanda', 'Richardson', 'and', 'left', '.']",[ True]
"['Someone', 'killed', 'Ian', 'Walker', 'and', 'left', '.']",[ True]
"['Someone', 'killed', 'Julie', 'Jordan', 'and', 'left', '.']",[ True]
"['Someone', 'killed', 'Claire', 'Wright', 'and', 'left', '.']",[ True]
"['Someone', 'killed', 'Kelly', 'Hill', 'and', 'left', '.']",[ True]
"['Someone', 'killed', 'Jimmy', 'Anderson', 'and', 'left', '.']",[ True]
"['Someone', 'killed', 'Lawrence', 'Graham', 'and', 'left', '.']",[ True]
"['Someone', 'killed', 'Michelle', 'Parker', 'and', 'left', '.']",[ True]
"['Someone', 'killed', 'Caroline', 'Adams', 'and', 'left', '.']",[ True]
"['Someone', 'killed', 'Ruth', 'Morgan', 'and', 'left', '.']",[ True]
"['Someone', 'killed', 'Margaret', 'Williams', 'and', 'left', '.']",[ True]
"['Someone', 'killed', 'Katherine', 'Wilson', 'and', 'left', '.']",[ True]
"['Someone', 'killed', 'Elizabeth', 'Brooks', 'and', 'left', '.']",[ True]
"['Someone', 'killed', 'Amanda', 'Reed', 'and', 'left', '.']",[False]
"['Someone', 'killed', 'George', 'Peterson', 'and', 'left', '.']",[ True]
"['Someone', 'killed', 'Anna', 'Alexander', 'and', 'left', '.']",[ True]
"['Someone', 'killed', 'Ann', 'Stewart', 'and', 'left', '.']",[ True]
"['Someone', 'killed', 'Angela', 'Robertson', 'and', 'left', '.']",[ True]
"['Someone', 'killed', 'Louis', 'Thomas', 'and', 'left', '.']",[ True]
"['Someone', 'killed', 'Patricia', 'Young', 'and', 'left', '.']",[ True]
"['Someone', 'killed', 'Benjamin', 'Clark', 'and', 'left', '.']",[ True]
"['Someone', 'killed', 'Michelle', 'Hall', 'and', 'left', '.']",[ True]
"['Someone', 'killed', 'Matt', 'Watson', 'and', 'left', '.']",[ True]
"['Someone', 'killed', 'Harry', ""O'Brien"", 'and', 'left', '.']",[ True]
"['Someone', 'killed', 'Jim', 'Smith', 'and', 'left', '.']",[ True]
"['Someone', 'killed', 'Daniel', 'Jones', 'and', 'left', '.']",[ True]
"['Someone', 'killed', 'Charlie', 'Peterson', 'and', 'left', '.']",[ True]
"['Someone', 'killed', 'Susan', 'Gray', 'and', 'left', '.']",[ True]
"['Someone', 'killed', 'Benjamin', 'Jones', 'and', 'left', '.']",[ True]
"['Someone', 'killed', 'Jerry', 'Morris', 'and', 'left', '.']",[ True]
"['Someone', 'killed', 'Helen', 'Richardson', 'and', 'left', '.']",[ True]
"['Someone', 'killed', 'Anna', 'Crawford', 'and', 'left', '.']",[ True]
"['Someone', 'killed', 'Laura', 'Brown', 'and', 'left', '.']",[ True]
"['Someone', 'killed', 'Elizabeth', 'Bailey', 'and', 'left', '.']",[ True]
"['Someone', 'killed', 'Claire', 'Butler', 'and', 'left', '.']",[False]
"['Someone', 'killed', 'Daniel', 'Ward', 'and', 'left', '.']",[ True]
"['Someone', 'killed', 'Howard', 'Sullivan', 'and', 'left', '.']",[ True]
"['Someone', 'killed', 'Howard', 'Fisher', 'and', 'left', '.']",[ True]
"['Someone', 'killed', 'Robert', 'Bennett', 'and', 'left', '.']",[ True]
"['Someone', 'killed', 'Charlie', 'Roberts', 'and', 'left', '.']",[ True]
"['Someone', 'killed', 'Judy', 'Anderson', 'and', 'left', '.']",[ True]
"['Someone', 'killed', 'Michael', 'Taylor', 'and', 'left', '.']",[ True]
"['Someone', 'killed', 'Francis', 'Reynolds', 'and', 'left', '.']",[ True]
"['Someone', 'killed', 'Andrew', 'Parker', 'and', 'left', '.']",[ True]
"['Someone', 'killed', 'Janet', 'Davis', 'and', 'left', '.']",[ True]
"['Someone', 'killed', 'Donald', 'Nelson', 'and', 'left', '.']",[ True]
"['Someone', 'killed', 'Mark', 'Carter', 'and', 'left', '.']",[ True]
"['Someone', 'killed', 'Joseph', 'Evans', 'and', 'left', '.']",[ True]
"['Someone', 'killed', 'Jason', 'Nelson', 'and', 'left', '.']",[ True]
"['Someone', 'killed', 'Margaret', 'Rose', 'and', 'left', '.']",[ True]
"['Someone', 'killed', 'Lauren', 'Hart', 'and', 'left', '.']",[ True]
"['Someone', 'killed', 'Scott', 'Brooks', 'and', 'left', '.']",[ True]
"['Someone', 'killed', 'Ken', 'Davis', 'and', 'left', '.']",[ True]
"['Someone', 'killed', 'Alexandra', 'Collins', 'and', 'left', '.']",[ True]
"['Someone', 'killed', 'Anne', 'Hart', 'and', 'left', '.']",[ True]
"['Someone', 'killed', 'Tim', 'Wood', 'and', 'left', '.']",[ True]
"['Someone', 'killed', 'Alfred', 'Miller', 'and', 'left', '.']",[ True]
"['Someone', 'killed', 'Arthur', 'Sullivan', 'and', 'left', '.']",[ True]
"['Someone', 'killed', 'Anthony', 'Anderson', 'and', 'left', '.']",[ True]
"['Someone', 'killed', 'Alfred', 'Morgan', 'and', 'left', '.']",[ True]
"['Someone', 'killed', 'Kathryn', 'Davis', 'and', 'left', '.']",[ True]
"['Someone', 'killed', 'Harry', 'Watson', 'and', 'left', '.']",[ True]
"['Someone', 'killed', 'Andrew', 'Sullivan', 'and', 'left', '.']",[ True]
"['Someone', 'killed', 'Laura', 'Cohen', 'and', 'left', '.']",[ True]
"['Someone', 'killed', 'Frederick', 'Green', 'and', 'left', '.']",[ True]
"['Someone', 'killed', 'Betty', 'Miller', 'and', 'left', '.']",[ True]
"['Someone', 'killed', 'Karen', 'Reynolds', 'and', 'left', '.']",[ True]
"['Someone', 'killed', 'Rachel', 'Wright', 'and', 'left', '.']",[ True]
"['Someone', 'killed', 'Jim', 'Kelly', 'and', 'left', '.']",[ True]
"['Someone', 'killed', 'Martin', 'Thompson', 'and', 'left', '.']",[ True]
"['Someone', 'killed', 'Sophie', 'Gray', 'and', 'left', '.']",[ True]
"['Someone', 'killed', 'Maria', 'Campbell', 'and', 'left', '.']",[ True]
"['Someone', 'killed', 'Kathleen', 'Clark', 'and', 'left', '.']",[ True]
"['Someone', 'killed', 'Evelyn', 'Clarke', 'and', 'left', '.']",[ True]
"['Someone', 'killed', 'Ian', 'Hughes', 'and', 'left', '.']",[ True]
"['Someone', 'killed', 'Christopher', 'Williams', 'and', 'left', '.']",[ True]
"['Someone', 'killed', 'Ryan', 'Butler', 'and', 'left', '.']",[ True]
"['Someone', 'killed', 'Keith', 'Clark', 'and', 'left', '.']",[ True]
"['Someone', 'killed', 'Emma', 'Stewart', 'and', 'left', '.']",[ True]
"['Someone', 'killed', 'Wendy', 'Kennedy', 'and', 'left', '.']",[ True]
"['Someone', 'killed', 'Jack', 'Harris', 'and', 'left', '.']",[ True]
"['Someone', 'killed', 'Kim', 'Gray', 'and', 'left', '.']",[ True]
"['Someone', 'killed', 'Andrea', 'Davies', 'and', 'left', '.']",[ True]
"['Someone', 'killed', 'Ellen', 'Alexander', 'and', 'left', '.']",[ True]
"['Someone', 'killed', 'Louis', 'Fisher', 'and', 'left', '.']",[ True]
"['Someone', 'killed', 'Kathleen', 'Rogers', 'and', 'left', '.']",[ True]
"['Someone', 'killed', 'Samuel', 'Gray', 'and', 'left', '.']",[ True]
"['Someone', 'killed', 'Leslie', 'Wilson', 'and', 'left', '.']",[ True]
"['Someone', 'killed', 'Al', 'Perry', 'and', 'left', '.']",[ True]
"['Someone', 'killed', 'Don', 'Sullivan', 'and', 'left', '.']",[ True]
"['Someone', 'killed', 'James', 'Nelson', 'and', 'left', '.']",[ True]
"['Someone', 'killed', 'Charles', 'Richardson', 'and', 'left', '.']",[ True]
"['Someone', 'killed', 'Julia', 'Thomas', 'and', 'left', '.']",[ True]
"['Someone', 'killed', 'Andrew', 'Russell', 'and', 'left', '.']",[ True]
"['Someone', 'killed', 'Jim', 'Hart', 'and', 'left', '.']",[ True]
"['Someone', 'killed', 'Julia', 'Evans', 'and', 'left', '.']",[ True]
"['Someone', 'killed', 'Kate', 'Crawford', 'and', 'left', '.']",[ True]
"['Someone', 'killed', 'Deborah', 'Roberts', 'and', 'left', '.']",[ True]
"['Someone', 'killed', 'Ellen', 'Alexander', 'and', 'left', '.']",[ True]
"['Someone', 'killed', 'Grace', 'Price', 'and', 'left', '.']",[ True]
"['Someone', 'killed', 'Jimmy', 'Robinson', 'and', 'left', '.']",[ True]
"['Someone', 'killed', 'Dick', 'Bell', 'and', 'left', '.']",[ True]
"['Someone', 'killed', 'Ellen', 'Stevens', 'and', 'left', '.']",[ True]
"['Someone', 'killed', 'James', 'Phillips', 'and', 'left', '.']",[ True]
"['Someone', 'killed', 'Ian', 'Kelly', 'and', 'left', '.']",[ True]
"['Someone', 'killed', 'Kevin', 'Johnson', 'and', 'left', '.']",[ True]
"['Someone', 'killed', 'Ray', 'Russell', 'and', 'left', '.']",[ True]
"['Someone', 'killed', 'Bob', 'Robinson', 'and', 'left', '.']",[ True]
"['Someone', 'killed', 'Mike', 'Taylor', 'and', 'left', '.']",[ True]
"['Someone', 'killed', 'Judy', 'Williams', 'and', 'left', '.']",[ True]
"['Someone', 'killed', 'Adam', 'Watson', 'and', 'left', '.']",[ True]
"['Someone', 'killed', 'Nancy', 'Evans', 'and', 'left', '.']",[ True]
"['Someone', 'killed', 'Rachel', 'Walker', 'and', 'left', '.']",[ True]
"['Someone', 'killed', 'Sue', 'Davis', 'and', 'left', '.']",[ True]
"['Someone', 'killed', 'Michael', 'Walker', 'and', 'left', '.']",[ True]
"['Someone', 'killed', 'Deborah', 'Thompson', 'and', 'left', '.']",[ True]
"['Someone', 'killed', 'Charles', 'Green', 'and', 'left', '.']",[ True]
"['Someone', 'killed', 'Joe', 'Perry', 'and', 'left', '.']",[ True]
"['Someone', 'killed', 'Ron', 'Hart', 'and', 'left', '.']",[ True]
"['Someone', 'killed', 'Pamela', 'Green', 'and', 'left', '.']",[ True]
"['Someone', 'killed', 'Lucy', 'Morgan', 'and', 'left', '.']",[ True]
"['Someone', 'killed', 'Paul', 'Adams', 'and', 'left', '.']",[ True]
"['Someone', 'killed', 'Thomas', 'Miller', 'and', 'left', '.']",[ True]
"['Someone', 'killed', 'Florence', 'Graham', 'and', 'left', '.']",[ True]
"['Someone', 'killed', 'Dick', 'Stewart', 'and', 'left', '.']",[ True]
"['Someone', 'killed', 'Daniel', 'Stone', 'and', 'left', '.']",[ True]
"['Someone', 'killed', 'Suzanne', 'Cooper', 'and', 'left', '.']",[ True]
"['Someone', 'killed', 'Jim', 'Hall', 'and', 'left', '.']",[ True]
"['Someone', 'killed', 'Philip', 'Ryan', 'and', 'left', '.']",[ True]
"['Someone', 'killed', 'Sara', 'Watson', 'and', 'left', '.']",[ True]
"['Someone', 'killed', 'Joan', 'Hart', 'and', 'left', '.']",[ True]
"['Someone', 'killed', 'Bobby', 'Morgan', 'and', 'left', '.']",[ True]
"['Someone', 'killed', 'Hugh', 'Kennedy', 'and', 'left', '.']",[ True]
"['Someone', 'killed', 'Gary', 'Smith', 'and', 'left', '.']",[ True]
"['Someone', 'killed', 'Jay', 'Collins', 'and', 'left', '.']",[ True]
"['Someone', 'killed', 'Diana', 'Harrison', 'and', 'left', '.']",[ True]
"['Someone', 'killed', 'Gary', 'Clark', 'and', 'left', '.']",[ True]
"['Someone', 'killed', 'Judy', 'Carter', 'and', 'left', '.']",[ True]
"['Someone', 'killed', 'Mary', 'Green', 'and', 'left', '.']",[ True]
"['Someone', 'killed', 'Ray', 'Taylor', 'and', 'left', '.']",[ True]
"['Someone', 'killed', 'Louis', 'Gray', 'and', 'left', '.']",[ True]
"['Someone', 'killed', 'Dick', 'Wood', 'and', 'left', '.']",[ True]
"['Someone', 'killed', 'Edward', 'Parker', 'and', 'left', '.']",[ True]
"['Someone', 'killed', 'Jeff', 'Stone', 'and', 'left', '.']",[ True]
"['Someone', 'killed', 'Howard', 'Cook', 'and', 'left', '.']",[ True]
"['Someone', 'killed', 'Lauren', 'Ryan', 'and', 'left', '.']",[ True]
"['Someone', 'killed', 'Ruth', 'Jackson', 'and', 'left', '.']",[ True]
"['Someone', 'killed', 'Jay', 'James', 'and', 'left', '.']",[ True]
"['Someone', 'killed', 'Melissa', 'Russell', 'and', 'left', '.']",[ True]
"['Someone', 'killed', 'Richard', 'Hill', 'and', 'left', '.']",[ True]
"['Someone', 'killed', 'Frederick', 'Bailey', 'and', 'left', '.']",[ True]
"['Someone', 'killed', 'Jimmy', 'Young', 'and', 'left', '.']",[ True]
"['Someone', 'killed', 'Katie', 'Smith', 'and', 'left', '.']",[ True]
"['Someone', 'killed', 'Matthew', 'Stewart', 'and', 'left', '.']",[ True]
"['Someone', 'killed', 'Robert', 'Rose', 'and', 'left', '.']",[ True]
"['Someone', 'killed', 'Dick', 'Kelly', 'and', 'left', '.']",[ True]
"['Someone', 'killed', 'Lynn', 'Stone', 'and', 'left', '.']",[ True]
"['Someone', 'killed', 'Nicole', 'Cooper', 'and', 'left', '.']",[ True]
"['Someone', 'killed', 'Thomas', 'Johnson', 'and', 'left', '.']",[ True]
"['Someone', 'killed', 'Mark', 'Harrison', 'and', 'left', '.']",[ True]
"['Someone', 'killed', 'Alexandra', 'Peterson', 'and', 'left', '.']",[ True]
"['Someone', 'killed', 'Matt', 'Rose', 'and', 'left', '.']",[ True]
"['Someone', 'killed', 'Louise', 'Stewart', 'and', 'left', '.']",[ True]
"['Someone', 'killed', 'Angela', 'Bennett', 'and', 'left', '.']",[ True]
"['Someone', 'killed', 'Janet', 'Hall', 'and', 'left', '.']",[ True]
"['Someone', 'killed', 'Alexandra', 'Kelly', 'and', 'left', '.']",[ True]
"['Someone', 'killed', 'Ron', 'Ford', 'and', 'left', '.']",[ True]
"['Someone', 'killed', 'Amanda', 'Bailey', 'and', 'left', '.']",[ True]
"['Someone', 'killed', 'Angela', 'Alexander', 'and', 'left', '.']",[ True]
"['Someone', 'killed', 'Ashley', 'Hunter', 'and', 'left', '.']",[ True]
"['Someone', 'killed', 'Steve', 'Ford', 'and', 'left', '.']",[ True]
"['Someone', 'killed', 'Eric', 'Hamilton', 'and', 'left', '.']",[ True]
"['Someone', 'killed', 'Martha', 'Ryan', 'and', 'left', '.']",[ True]
"['Someone', 'killed', 'Linda', 'Cook', 'and', 'left', '.']",[ True]
"['Someone', 'killed', 'Jonathan', 'Harrison', 'and', 'left', '.']",[ True]
"['Someone', 'killed', 'Bobby', 'Reynolds', 'and', 'left', '.']",[ True]
"['Someone', 'killed', 'Rebecca', 'Mason', 'and', 'left', '.']",[ True]
"['Someone', 'killed', 'Janet', 'Graham', 'and', 'left', '.']",[ True]
"['Someone', 'killed', 'Sandra', 'Stevens', 'and', 'left', '.']",[ True]
"['Someone', 'killed', 'Elizabeth', 'Ford', 'and', 'left', '.']",[ True]
"['Someone', 'killed', 'Kathleen', 'Rose', 'and', 'left', '.']",[ True]
"['Someone', 'killed', 'Ralph', 'Bailey', 'and', 'left', '.']",[ True]
"['Someone', 'killed', 'Bobby', 'Ross', 'and', 'left', '.']",[ True]
"['Someone', 'killed', 'Stephen', 'Martin', 'and', 'left', '.']",[ True]
"['Someone', 'killed', 'Victoria', 'Ross', 'and', 'left', '.']",[ True]
"['Someone', 'killed', 'Sarah', 'Shaw', 'and', 'left', '.']",[ True]
"['Someone', 'killed', 'Donna', 'Henderson', 'and', 'left', '.']",[ True]
"['Someone', 'killed', 'Jennifer', 'Johnson', 'and', 'left', '.']",[ True]
"['Someone', 'killed', 'Jimmy', 'Green', 'and', 'left', '.']",[ True]
"['Someone', 'killed', 'Katie', 'Morgan', 'and', 'left', '.']",[ True]
"['Someone', 'killed', 'Dick', 'Allen', 'and', 'left', '.']",[ True]
"['Someone', 'killed', 'Fred', 'Walker', 'and', 'left', '.']",[ True]
"['Someone', 'killed', 'Diana', 'James', 'and', 'left', '.']",[ True]
"['Someone', 'killed', 'Billy', 'Johnson', 'and', 'left', '.']",[ True]
"['Someone', 'killed', 'Ryan', 'Harrison', 'and', 'left', '.']",[ True]
"['Someone', 'killed', 'Linda', 'Kennedy', 'and', 'left', '.']",[ True]
"['Someone', 'killed', 'Jack', 'Hughes', 'and', 'left', '.']",[ True]
"['Someone', 'killed', 'Donald', 'Davis', 'and', 'left', '.']",[ True]
"['Someone', 'killed', 'Jay', 'Palmer', 'and', 'left', '.']",[ True]
"['Someone', 'killed', 'Marilyn', 'Nelson', 'and', 'left', '.']",[ True]
"['Someone', 'killed', 'Albert', 'Price', 'and', 'left', '.']",[ True]
"['Someone', 'killed', 'Ruth', 'Williams', 'and', 'left', '.']",[ True]
"['Someone', 'killed', 'Bill', 'Morris', 'and', 'left', '.']",[ True]
"['Someone', 'killed', 'Johnny', 'Hughes', 'and', 'left', '.']",[ True]
"['Someone', 'killed', 'Margaret', 'Kennedy', 'and', 'left', '.']",[ True]
"['Someone', 'killed', 'Harriet', 'Price', 'and', 'left', '.']",[ True]
"['Someone', 'killed', 'Frank', 'Mitchell', 'and', 'left', '.']",[ True]
"['Someone', 'killed', 'Frederick', 'Brown', 'and', 'left', '.']",[ True]
"['Someone', 'killed', 'Matthew', 'Green', 'and', 'left', '.']",[ True]
"['Someone', 'killed', 'Louis', 'Gordon', 'and', 'left', '.']",[ True]
"['Someone', 'killed', 'Barbara', 'Sullivan', 'and', 'left', '.']",[ True]
"['Someone', 'killed', 'Alan', 'Young', 'and', 'left', '.']",[ True]
"['Someone', 'killed', 'Benjamin', 'Kelly', 'and', 'left', '.']",[ True]
"['Someone', 'killed', 'Amanda', 'Wilson', 'and', 'left', '.']",[ True]
"['Someone', 'killed', 'Diane', 'Ross', 'and', 'left', '.']",[ True]
"['Someone', 'killed', 'Alison', 'Kennedy', 'and', 'left', '.']",[ True]
"['Someone', 'killed', 'Alice', 'Davies', 'and', 'left', '.']",[ True]
"['Someone', 'killed', 'Anne', 'Gordon', 'and', 'left', '.']",[ True]
"['Someone', 'killed', 'Colin', 'Perry', 'and', 'left', '.']",[ True]
"['Someone', 'killed', 'Donna', 'Shaw', 'and', 'left', '.']",[ True]
"['Someone', 'killed', 'Carl', 'Kennedy', 'and', 'left', '.']",[ True]
"['Someone', 'killed', 'Maria', 'Crawford', 'and', 'left', '.']",[ True]
"['Someone', 'killed', 'Elizabeth', 'Evans', 'and', 'left', '.']",[ True]
"['Someone', 'killed', 'Ralph', 'Crawford', 'and', 'left', '.']",[ True]
"['Someone', 'killed', 'Kathy', 'Hart', 'and', 'left', '.']",[ True]
"['Someone', 'killed', 'Barbara', 'Cooper', 'and', 'left', '.']",[ True]
"['Someone', 'killed', 'Kathleen', 'Jackson', 'and', 'left', '.']",[ True]
"['Someone', 'killed', 'Alan', 'Murray', 'and', 'left', '.']",[ True]
"['Someone', 'killed', 'Howard', 'Peterson', 'and', 'left', '.']",[ True]
"['Someone', 'killed', 'Albert', 'Walker', 'and', 'left', '.']",[ True]
"['Someone', 'killed', 'Amanda', 'Jordan', 'and', 'left', '.']",[ True]
"['Someone', 'killed', 'Jim', 'Cohen', 'and', 'left', '.']",[ True]
"['Someone', 'killed', 'Frank', 'Martin', 'and', 'left', '.']",[ True]
"['Someone', 'killed', 'Eleanor', 'Reynolds', 'and', 'left', '.']",[ True]
"['Someone', 'killed', 'Louis', 'Collins', 'and', 'left', '.']",[ True]
"['Someone', 'killed', 'Dan', 'Stone', 'and', 'left', '.']",[ True]
"['Someone', 'killed', 'Johnny', 'Green', 'and', 'left', '.']",[ True]
"['Someone', 'killed', 'Julia', 'Clark', 'and', 'left', '.']",[ True]
"['Someone', 'killed', 'Brian', 'Turner', 'and', 'left', '.']",[ True]
"['Someone', 'killed', 'Robin', 'Brooks', 'and', 'left', '.']",[ True]
"['Someone', 'killed', 'Fiona', 'Cohen', 'and', 'left', '.']",[ True]
"['Someone', 'killed', 'James', 'Clarke', 'and', 'left', '.']",[ True]
"['Someone', 'killed', 'Edwin', 'Harris', 'and', 'left', '.']",[ True]
"['Someone', 'killed', 'Louise', 'Cooper', 'and', 'left', '.']",[ True]
"['Someone', 'killed', 'Al', 'Stevens', 'and', 'left', '.']",[ True]
"['Someone', 'killed', 'Eleanor', 'Phillips', 'and', 'left', '.']",[ True]
"['Someone', 'killed', 'Jennifer', 'White', 'and', 'left', '.']",[ True]
"['Someone', 'killed', 'Brian', 'Adams', 'and', 'left', '.']",[ True]
"['Someone', 'killed', 'Howard', 'Thompson', 'and', 'left', '.']",[False]
"['Someone', 'killed', 'Alice', 'Bailey', 'and', 'left', '.']",[ True]
"['Someone', 'killed', 'Frederick', 'Watson', 'and', 'left', '.']",[ True]
"['Someone', 'killed', 'Angela', 'Shaw', 'and', 'left', '.']",[ True]
"['Someone', 'killed', 'Matthew', 'Fisher', 'and', 'left', '.']",[ True]
"['Someone', 'killed', 'Dorothy', 'Hart', 'and', 'left', '.']",[ True]
"['Someone', 'killed', 'Edwin', 'White', 'and', 'left', '.']",[ True]
"['Someone', 'killed', 'Lucy', 'Parker', 'and', 'left', '.']",[ True]
"['Someone', 'killed', 'Eleanor', 'Davies', 'and', 'left', '.']",[ True]
"['Someone', 'killed', 'Dan', 'Sullivan', 'and', 'left', '.']",[ True]
"['Someone', 'killed', 'Sharon', 'Anderson', 'and', 'left', '.']",[ True]
"['Someone', 'killed', 'Bobby', 'Campbell', 'and', 'left', '.']",[ True]
"['Someone', 'killed', 'Donald', 'Alexander', 'and', 'left', '.']",[ True]
"['Someone', 'killed', 'Jill', 'Davies', 'and', 'left', '.']",[ True]
"['Someone', 'killed', 'Betty', 'Collins', 'and', 'left', '.']",[ True]
"['Someone', 'killed', 'Judy', 'White', 'and', 'left', '.']",[ True]
"['Someone', 'killed', 'Anna', 'Murphy', 'and', 'left', '.']",[ True]
"['Someone', 'killed', 'Roger', 'Clark', 'and', 'left', '.']",[ True]
"['Someone', 'killed', 'Martha', 'White', 'and', 'left', '.']",[ True]
"['Someone', 'killed', 'Susan', 'King', 'and', 'left', '.']",[ True]
"['Someone', 'killed', 'Charles', 'Ford', 'and', 'left', '.']",[ True]
"['Someone', 'killed', 'Alexander', 'James', 'and', 'left', '.']",[ True]
"['Someone', 'killed', 'Francis', 'Young', 'and', 'left', '.']",[ True]
"['Someone', 'killed', 'Bill', 'Bell', 'and', 'left', '.']",[ True]
"['Someone', 'killed', 'Peter', 'Miller', 'and', 'left', '.']",[ True]
"['Someone', 'killed', 'Louis', 'Cook', 'and', 'left', '.']",[ True]
"['Someone', 'killed', 'Keith', 'Walker', 'and', 'left', '.']",[ True]
"['Someone', 'killed', 'Harriet', 'Robinson', 'and', 'left', '.']",[ True]
"['Someone', 'killed', 'Ken', 'Coleman', 'and', 'left', '.']",[ True]
"['Someone', 'killed', 'Angela', 'Bell', 'and', 'left', '.']",[ True]
"['Someone', 'killed', 'Jerry', 'Thomas', 'and', 'left', '.']",[ True]
"['Someone', 'killed', 'Donald', 'King', 'and', 'left', '.']",[ True]
"['Someone', 'killed', 'Diane', 'Brooks', 'and', 'left', '.']",[ True]
"['Someone', 'killed', 'Matt', 'Turner', 'and', 'left', '.']",[ True]
"['Someone', 'killed', 'Linda', 'White', 'and', 'left', '.']",[ True]
"['Someone', 'killed', 'Nicole', 'Carter', 'and', 'left', '.']",[ True]
"['Someone', 'killed', 'Arthur', 'Morris', 'and', 'left', '.']",[ True]
"['Someone', 'killed', 'Lucy', 'Miller', 'and', 'left', '.']",[ True]
"['Someone', 'killed', 'Rachel', 'Davis', 'and', 'left', '.']",[ True]
"['Someone', 'killed', 'Stephanie', 'Stone', 'and', 'left', '.']",[ True]
"['Someone', 'killed', 'David', 'Ryan', 'and', 'left', '.']",[ True]
"['Someone', 'killed', 'Andrea', 'Kennedy', 'and', 'left', '.']",[ True]
"['Someone', 'killed', 'Mark', 'Perry', 'and', 'left', '.']",[ True]
"['Someone', 'killed', 'Tom', 'Allen', 'and', 'left', '.']",[ True]
"['Someone', 'killed', 'Jay', 'Howard', 'and', 'left', '.']",[ True]
"['Someone', 'killed', 'Rachel', 'Nelson', 'and', 'left', '.']",[ True]
"['Someone', 'killed', 'Jimmy', 'Fisher', 'and', 'left', '.']",[ True]
"['Someone', 'killed', 'Philip', 'Hughes', 'and', 'left', '.']",[ True]
"['Someone', 'killed', 'Al', 'Moore', 'and', 'left', '.']",[ True]
"['Someone', 'killed', 'Linda', 'Allen', 'and', 'left', '.']",[ True]
"['Someone', 'killed', 'Joe', 'Reynolds', 'and', 'left', '.']",[ True]
"['Someone', 'killed', 'Bill', 'Mason', 'and', 'left', '.']",[ True]
"['Someone', 'killed', 'Greg', 'Ford', 'and', 'left', '.']",[ True]
"['Someone', 'killed', 'Tony', 'Thomas', 'and', 'left', '.']",[ True]
"['Someone', 'killed', 'Christopher', 'Reynolds', 'and', 'left', '.']",[ True]
"['Someone', 'killed', 'Diana', 'Henderson', 'and', 'left', '.']",[ True]
"['Someone', 'killed', 'Michael', 'Kelly', 'and', 'left', '.']",[ True]
"['Someone', 'killed', 'Hugh', 'Hill', 'and', 'left', '.']",[ True]
"['Someone', 'killed', 'Linda', 'Clark', 'and', 'left', '.']",[ True]
"['Someone', 'killed', 'Andrew', 'Taylor', 'and', 'left', '.']",[ True]
"['Someone', 'killed', 'Bill', 'Morgan', 'and', 'left', '.']",[ True]
"['Someone', 'killed', 'Leslie', 'Shaw', 'and', 'left', '.']",[ True]
"['Someone', 'killed', 'Andrea', 'Robertson', 'and', 'left', '.']",[ True]
"['Someone', 'killed', 'Chris', 'Fisher', 'and', 'left', '.']",[ True]
"['Someone', 'killed', 'Alison', 'Nelson', 'and', 'left', '.']",[ True]
"['Someone', 'killed', 'Donna', 'Harris', 'and', 'left', '.']",[ True]
"['Someone', 'killed', 'Peter', 'Crawford', 'and', 'left', '.']",[ True]
"['Someone', 'killed', 'Katherine', 'Williams', 'and', 'left', '.']",[ True]
"['Someone', 'killed', 'Ann', 'Thomas', 'and', 'left', '.']",[ True]
"['Someone', 'killed', 'Marilyn', 'Gordon', 'and', 'left', '.']",[False]
"['Someone', 'killed', 'Greg', 'Morgan', 'and', 'left', '.']",[ True]
"['Someone', 'killed', 'Claire', 'Brown', 'and', 'left', '.']",[ True]
"['Someone', 'killed', 'George', 'Hunter', 'and', 'left', '.']",[ True]
"['Someone', 'killed', 'Harry', 'Jones', 'and', 'left', '.']",[ True]
"['Someone', 'killed', 'Jean', 'Martin', 'and', 'left', '.']",[ True]
"['Someone', 'killed', 'Robin', 'Foster', 'and', 'left', '.']",[ True]
"['Someone', 'killed', 'Virginia', 'Harris', 'and', 'left', '.']",[ True]
"['Someone', 'killed', 'Peter', 'Russell', 'and', 'left', '.']",[ True]
"['Someone', 'killed', 'Deborah', 'Lewis', 'and', 'left', '.']",[ True]
"['Someone', 'killed', 'Linda', 'Ross', 'and', 'left', '.']",[ True]
"['Someone', 'killed', 'Margaret', 'Carter', 'and', 'left', '.']",[ True]
"['Someone', 'killed', 'Harold', 'Cooper', 'and', 'left', '.']",[ True]
"['Someone', 'killed', 'Patricia', 'Graham', 'and', 'left', '.']",[ True]
"['Someone', 'killed', 'Hugh', 'Foster', 'and', 'left', '.']",[ True]
"['Someone', 'killed', 'Carolyn', 'Miller', 'and', 'left', '.']",[ True]
"['Someone', 'killed', 'Howard', 'Cohen', 'and', 'left', '.']",[ True]
"['Someone', 'killed', 'Adam', 'Cohen', 'and', 'left', '.']",[ True]
"['Someone', 'killed', 'Melissa', 'Thomas', 'and', 'left', '.']",[ True]
"['Someone', 'killed', 'Roger', 'Peterson', 'and', 'left', '.']",[ True]
"['Someone', 'killed', 'Robin', 'Phillips', 'and', 'left', '.']",[ True]
"['Someone', 'killed', 'James', 'Reynolds', 'and', 'left', '.']",[ True]
"['Someone', 'killed', 'Alexandra', 'Roberts', 'and', 'left', '.']",[ True]
"['Someone', 'killed', 'Jonathan', 'Hamilton', 'and', 'left', '.']",[ True]
"['Someone', 'killed', 'Marilyn', 'Crawford', 'and', 'left', '.']",[ True]
"['Someone', 'killed', 'Kenneth', 'Cook', 'and', 'left', '.']",[ True]
"['Someone', 'killed', 'Carolyn', 'King', 'and', 'left', '.']",[ True]
"['Someone', 'killed', 'Jonathan', 'King', 'and', 'left', '.']",[ True]
"['Someone', 'killed', 'Ashley', 'Morgan', 'and', 'left', '.']",[ True]
"['Someone', 'killed', 'Jack', 'Cohen', 'and', 'left', '.']",[ True]
"['Someone', 'killed', 'Kathy', 'Martin', 'and', 'left', '.']",[ True]
"['Someone', 'killed', 'Daniel', 'Williams', 'and', 'left', '.']",[ True]
"['Someone', 'killed', 'Andrea', 'Ross', 'and', 'left', '.']",[ True]
"['Someone', 'killed', 'Melissa', 'Gordon', 'and', 'left', '.']",[ True]
"['Someone', 'killed', 'Andrea', 'Ford', 'and', 'left', '.']",[ True]
"['Someone', 'killed', 'Cynthia', 'Ross', 'and', 'left', '.']",[ True]
"['Someone', 'killed', 'Joseph', 'Murphy', 'and', 'left', '.']",[ True]
"['Someone', 'killed', 'Elizabeth', 'Butler', 'and', 'left', '.']",[ True]
"['Someone', 'killed', 'Louise', 'Cohen', 'and', 'left', '.']",[ True]
"['Someone', 'killed', 'Lynn', 'Stevens', 'and', 'left', '.']",[ True]
"['Someone', 'killed', 'Kevin', 'Mitchell', 'and', 'left', '.']",[ True]
"['Someone', 'killed', 'Sandra', 'Hughes', 'and', 'left', '.']",[ True]
"['Someone', 'killed', 'Jimmy', 'Mitchell', 'and', 'left', '.']",[ True]
"['Someone', 'killed', 'Harold', 'Gordon', 'and', 'left', '.']",[ True]
"['Someone', 'killed', 'Pamela', 'Anderson', 'and', 'left', '.']",[ True]
"['Someone', 'killed', 'Mark', 'Phillips', 'and', 'left', '.']",[ True]
"['Someone', 'killed', 'Ralph', 'Price', 'and', 'left', '.']",[ True]
"['Someone', 'killed', 'Suzanne', 'King', 'and', 'left', '.']",[ True]
"['Someone', 'killed', 'Dave', 'Cohen', 'and', 'left', '.']",[ True]
"['Someone', 'killed', 'Harold', 'Phillips', 'and', 'left', '.']",[ True]
"['Someone', 'killed', 'Sara', 'Fisher', 'and', 'left', '.']",[ True]
"['Someone', 'killed', 'Anna', 'Harris', 'and', 'left', '.']",[ True]
"['Someone', 'killed', 'Edward', 'Morgan', 'and', 'left', '.']",[ True]
"['Someone', 'killed', 'Louis', 'Roberts', 'and', 'left', '.']",[ True]
"['Someone', 'killed', 'Jean', 'Morris', 'and', 'left', '.']",[ True]
"['Someone', 'killed', 'Karen', 'Ryan', 'and', 'left', '.']",[ True]
"['Someone', 'killed', 'Florence', 'Murphy', 'and', 'left', '.']",[ True]
"['Someone', 'killed', 'Judy', 'Wood', 'and', 'left', '.']",[ True]
"['Someone', 'killed', 'Caroline', 'Peterson', 'and', 'left', '.']",[ True]
"['Someone', 'killed', 'Margaret', 'Murray', 'and', 'left', '.']",[ True]
"['Someone', 'killed', 'Sharon', 'White', 'and', 'left', '.']",[ True]
"['Someone', 'killed', 'Janet', 'Bell', 'and', 'left', '.']",[ True]
"['Someone', 'killed', 'Louise', 'Bailey', 'and', 'left', '.']",[ True]
"['Someone', 'killed', 'Katherine', 'Graham', 'and', 'left', '.']",[ True]
"['Someone', 'killed', 'Lawrence', 'Moore', 'and', 'left', '.']",[False]
"['Someone', 'killed', 'Nancy', 'Martin', 'and', 'left', '.']",[ True]
"['Someone', 'killed', 'Richard', 'Jones', 'and', 'left', '.']",[ True]
"['Someone', 'killed', 'Benjamin', 'Taylor', 'and', 'left', '.']",[ True]
"['Someone', 'killed', 'Lucy', 'Jackson', 'and', 'left', '.']",[ True]
"['Someone', 'killed', 'Jeff', 'Ryan', 'and', 'left', '.']",[ True]
"['Someone', 'killed', 'Carl', 'Cooper', 'and', 'left', '.']",[ True]
"['Someone', 'killed', 'Rose', 'Mitchell', 'and', 'left', '.']",[ True]
"['Someone', 'killed', 'Amanda', 'Bennett', 'and', 'left', '.']",[ True]
"['Someone', 'killed', 'Kathryn', 'Campbell', 'and', 'left', '.']",[ True]
"['Someone', 'killed', 'Roy', 'Allen', 'and', 'left', '.']",[ True]
"['Someone', 'killed', 'Keith', 'Martin', 'and', 'left', '.']",[ True]
"['Someone', 'killed', 'Alice', 'Jackson', 'and', 'left', '.']",[ True]
"['Someone', 'killed', 'Rebecca', 'Graham', 'and', 'left', '.']",[ True]
"['Someone', 'killed', 'Kelly', 'Marshall', 'and', 'left', '.']",[ True]
"['Someone', 'killed', 'Steven', 'Turner', 'and', 'left', '.']",[ True]
"['Someone', 'killed', 'Nancy', 'Young', 'and', 'left', '.']",[ True]
"['Someone', 'killed', 'Janet', 'Ward', 'and', 'left', '.']",[ True]
"['Someone', 'killed', 'Donna', 'Smith', 'and', 'left', '.']",[ True]
"['Someone', 'killed', 'Catherine', 'Cook', 'and', 'left', '.']",[ True]
"['Someone', 'killed', 'Albert', 'Thompson', 'and', 'left', '.']",[ True]
"['Someone', 'killed', 'Rose', 'Brown', 'and', 'left', '.']",[ True]
"['Someone', 'killed', 'Billy', 'Hill', 'and', 'left', '.']",[ True]
"['Someone', 'killed', 'Greg', 'Jones', 'and', 'left', '.']",[ True]
"['Someone', 'killed', 'Joseph', 'Watson', 'and', 'left', '.']",[ True]
"['Someone', 'killed', 'Virginia', 'Johnson', 'and', 'left', '.']",[ True]
"['Someone', 'killed', 'Anna', 'Carter', 'and', 'left', '.']",[ True]
"['Someone', 'killed', 'Susan', 'Wood', 'and', 'left', '.']",[ True]
"['Someone', 'killed', 'Richard', 'Kelly', 'and', 'left', '.']",[ True]
"['Someone', 'killed', 'Ben', 'Mitchell', 'and', 'left', '.']",[ True]
"['Someone', 'killed', 'Lauren', 'Phillips', 'and', 'left', '.']",[ True]
"['Someone', 'killed', 'Sam', 'Harris', 'and', 'left', '.']",[ True]
"['Someone', 'killed', 'Ashley', 'Murphy', 'and', 'left', '.']",[ True]
"['Someone', 'killed', 'Robin', 'Stone', 'and', 'left', '.']",[ True]
"['Someone', 'killed', 'Ann', 'Kennedy', 'and', 'left', '.']",[ True]
"['Someone', 'killed', 'Alan', 'Mason', 'and', 'left', '.']",[ True]
"['Someone', 'killed', 'Alexandra', 'Price', 'and', 'left', '.']",[ True]
"['Someone', 'killed', 'Ryan', 'Bailey', 'and', 'left', '.']",[ True]
"['Someone', 'killed', 'Jennifer', 'Russell', 'and', 'left', '.']",[ True]
"['Someone', 'killed', 'Janet', 'Crawford', 'and', 'left', '.']",[ True]
"['Someone', 'killed', 'Martin', 'Clark', 'and', 'left', '.']",[ True]
"['Someone', 'killed', 'Elizabeth', 'Hall', 'and', 'left', '.']",[ True]
"['Someone', 'killed', 'Keith', 'Allen', 'and', 'left', '.']",[ True]
"['Someone', 'killed', 'Karen', 'Howard', 'and', 'left', '.']",[ True]
"['Someone', 'killed', 'Sophie', 'Hughes', 'and', 'left', '.']",[ True]
"['Someone', 'killed', 'Frederick', 'King', 'and', 'left', '.']",[ True]
"['Someone', 'killed', 'Mary', 'Clarke', 'and', 'left', '.']",[ True]
"['Someone', 'killed', 'Martha', 'Peterson', 'and', 'left', '.']",[ True]
"['Someone', 'killed', 'Michelle', 'Bennett', 'and', 'left', '.']",[ True]
"['Someone', 'killed', 'Elaine', 'Collins', 'and', 'left', '.']",[ True]
"['Someone', 'killed', 'Kenneth', 'Ross', 'and', 'left', '.']",[ True]
"['Someone', 'killed', 'Bob', 'Martin', 'and', 'left', '.']",[ True]
"['Someone', 'killed', 'Mark', 'Thompson', 'and', 'left', '.']",[ True]
"['Someone', 'killed', 'Kim', 'Marshall', 'and', 'left', '.']",[ True]
"['Someone', 'killed', 'Sara', 'Ford', 'and', 'left', '.']",[ True]
"['Someone', 'killed', 'Eric', 'Ward', 'and', 'left', '.']",[ True]
"['Someone', 'killed', 'Alexander', 'Graham', 'and', 'left', '.']",[ True]
"['Someone', 'killed', 'Ray', 'White', 'and', 'left', '.']",[ True]
"['Someone', 'killed', 'Sam', 'Hughes', 'and', 'left', '.']",[ True]
"['Someone', 'killed', 'Tom', 'Hunter', 'and', 'left', '.']",[ True]
"['Someone', 'killed', 'Sam', 'Wood', 'and', 'left', '.']",[ True]
"['Someone', 'killed', 'Alexander', 'Hughes', 'and', 'left', '.']",[ True]
"['Someone', 'killed', 'Frederick', 'Morris', 'and', 'left', '.']",[ True]
"['Someone', 'killed', 'Ann', 'Russell', 'and', 'left', '.']",[ True]
"['Someone', 'killed', 'Rachel', 'Bailey', 'and', 'left', '.']",[ True]
"['Someone', 'killed', 'Greg', 'Hill', 'and', 'left', '.']",[ True]
"['Someone', 'killed', 'Helen', 'Parker', 'and', 'left', '.']",[ True]
"['Someone', 'killed', 'Ashley', 'Palmer', 'and', 'left', '.']",[ True]
"['Someone', 'killed', 'Albert', 'Morgan', 'and', 'left', '.']",[ True]
"['Someone', 'killed', 'Elizabeth', 'Young', 'and', 'left', '.']",[ True]
"['Someone', 'killed', 'Rachel', 'Evans', 'and', 'left', '.']",[ True]
"['Someone', 'killed', 'Joan', 'Hamilton', 'and', 'left', '.']",[ True]
"['Someone', 'killed', 'Jane', 'Gray', 'and', 'left', '.']",[ True]
"['Someone', 'killed', 'Dorothy', 'Smith', 'and', 'left', '.']",[ True]
"['Someone', 'killed', 'Maria', 'Bennett', 'and', 'left', '.']",[ True]
"['Someone', 'killed', 'Hugh', 'Clark', 'and', 'left', '.']",[ True]
"['Someone', 'killed', 'Katie', 'Watson', 'and', 'left', '.']",[ True]
"['Someone', 'killed', 'Jimmy', 'Taylor', 'and', 'left', '.']",[ True]
"['Someone', 'killed', 'Betty', 'Rogers', 'and', 'left', '.']",[ True]
"['Someone', 'killed', 'Matt', 'Gray', 'and', 'left', '.']",[ True]
"['Someone', 'killed', 'Ben', 'Robinson', 'and', 'left', '.']",[ True]
"['Someone', 'killed', 'Kate', 'Collins', 'and', 'left', '.']",[ True]
"['Someone', 'killed', 'Anne', 'Wilson', 'and', 'left', '.']",[False]
"['Someone', 'killed', 'Alice', 'Cooper', 'and', 'left', '.']",[ True]
"['Someone', 'killed', 'Keith', 'Allen', 'and', 'left', '.']",[ True]
"['Someone', 'killed', 'Mary', 'Howard', 'and', 'left', '.']",[ True]
"['Someone', 'killed', 'Chris', 'Williams', 'and', 'left', '.']",[ True]
"['Someone', 'killed', 'Jimmy', 'Allen', 'and', 'left', '.']",[ True]
"['Someone', 'killed', 'Karen', 'Stone', 'and', 'left', '.']",[ True]
"['Someone', 'killed', 'Virginia', 'Bell', 'and', 'left', '.']",[ True]
"['Someone', 'killed', 'Anna', 'Rogers', 'and', 'left', '.']",[ True]
"['Someone', 'killed', 'Harriet', 'Wilson', 'and', 'left', '.']",[ True]
"['Someone', 'killed', 'Eric', 'James', 'and', 'left', '.']",[ True]
"['Someone', 'killed', 'Kathryn', 'Davies', 'and', 'left', '.']",[ True]
"['Someone', 'killed', 'Angela', 'Thompson', 'and', 'left', '.']",[ True]
"['Someone', 'killed', 'Jimmy', 'Thompson', 'and', 'left', '.']",[ True]
"['Someone', 'killed', 'Paul', 'Robertson', 'and', 'left', '.']",[ True]
"['Someone', 'killed', 'Wendy', 'Murray', 'and', 'left', '.']",[ True]
"['Someone', 'killed', 'Eric', 'Stewart', 'and', 'left', '.']",[ True]
"['Someone', 'killed', 'Julie', 'Bennett', 'and', 'left', '.']",[ True]
"['Someone', 'killed', 'Virginia', 'Roberts', 'and', 'left', '.']",[ True]
"['Someone', 'killed', 'Judy', 'Lewis', 'and', 'left', '.']",[ True]
"['Someone', 'killed', 'Tony', 'Parker', 'and', 'left', '.']",[ True]
"['Someone', 'killed', 'Karen', 'Kelly', 'and', 'left', '.']",[ True]
"['Someone', 'killed', 'Jeff', 'Collins', 'and', 'left', '.']",[ True]
"['Someone', 'killed', 'Alex', 'Reynolds', 'and', 'left', '.']",[ True]
"['Someone', 'killed', 'Sara', 'Butler', 'and', 'left', '.']",[ True]
"['Someone', 'killed', 'Stephanie', 'Wood', 'and', 'left', '.']",[ True]
"['Someone', 'killed', 'Keith', 'Hughes', 'and', 'left', '.']",[ True]
"['Someone', 'killed', 'Samuel', 'Mason', 'and', 'left', '.']",[ True]
"['Someone', 'killed', 'George', 'Smith', 'and', 'left', '.']",[ True]
"['Someone', 'killed', 'Keith', 'Gordon', 'and', 'left', '.']",[ True]
"['Someone', 'killed', 'Heather', 'Collins', 'and', 'left', '.']",[ True]
"['Someone', 'killed', 'Linda', 'Wright', 'and', 'left', '.']",[ True]
"['Someone', 'killed', 'Elizabeth', 'Gordon', 'and', 'left', '.']",[ True]
"['Someone', 'killed', 'Sandra', 'Gray', 'and', 'left', '.']",[ True]
"['Someone', 'killed', 'Alison', 'Kennedy', 'and', 'left', '.']",[ True]
"['Someone', 'killed', 'Tim', 'Hill', 'and', 'left', '.']",[ True]
"['Someone', 'killed', 'Jane', 'Carter', 'and', 'left', '.']",[ True]
"['Someone', 'killed', 'Jonathan', 'Reynolds', 'and', 'left', '.']",[ True]
"['Someone', 'killed', 'Michelle', 'Carter', 'and', 'left', '.']",[ True]
"['Someone', 'killed', 'Edith', 'Ward', 'and', 'left', '.']",[ True]
"['Someone', 'killed', 'Anna', 'White', 'and', 'left', '.']",[ True]
"['Someone', 'killed', 'Dorothy', 'Jackson', 'and', 'left', '.']",[ True]
"['Someone', 'killed', 'Lucy', 'Murray', 'and', 'left', '.']",[ True]
"['Someone', 'killed', 'Ray', 'Watson', 'and', 'left', '.']",[ True]
"['Someone', 'killed', 'Andrew', 'Rogers', 'and', 'left', '.']",[ True]
"['Someone', 'killed', 'Katherine', 'Shaw', 'and', 'left', '.']",[ True]
"['Someone', 'killed', 'Sally', 'Hughes', 'and', 'left', '.']",[ True]
"['Someone', 'killed', 'Steven', 'Fisher', 'and', 'left', '.']",[ True]
"['Someone', 'killed', 'Louise', 'Brown', 'and', 'left', '.']",[ True]
"['Someone', 'killed', 'Steve', 'Wilson', 'and', 'left', '.']",[ True]
"['Someone', 'killed', 'Karen', 'King', 'and', 'left', '.']",[ True]
"['Someone', 'killed', 'Samuel', 'Graham', 'and', 'left', '.']",[ True]
"['Someone', 'killed', 'Patrick', 'Jordan', 'and', 'left', '.']",[ True]
"['Someone', 'killed', 'Roy', 'Allen', 'and', 'left', '.']",[ True]
"['Someone', 'killed', 'Florence', 'Peterson', 'and', 'left', '.']",[ True]
"['Someone', 'killed', 'Heather', 'Ford', 'and', 'left', '.']",[ True]
"['Someone', 'killed', 'Francis', 'Rose', 'and', 'left', '.']",[ True]
"['Someone', 'killed', 'Peter', 'Ross', 'and', 'left', '.']",[ True]
"['Someone', 'killed', 'Peter', 'Parker', 'and', 'left', '.']",[ True]
"['Someone', 'killed', 'Laura', 'Clarke', 'and', 'left', '.']",[ True]
"['Someone', 'killed', 'Donald', 'Stone', 'and', 'left', '.']",[ True]
"['Someone', 'killed', 'Alison', 'James', 'and', 'left', '.']",[ True]
"['Someone', 'killed', 'Ian', 'Hunter', 'and', 'left', '.']",[ True]
"['Someone', 'killed', 'Anthony', 'Richardson', 'and', 'left', '.']",[ True]
"['Someone', 'killed', 'Christine', 'Thompson', 'and', 'left', '.']",[ True]
"['Someone', 'killed', 'Helen', 'Collins', 'and', 'left', '.']",[ True]
"['Someone', 'killed', 'Charlie', 'Wood', 'and', 'left', '.']",[ True]
"['Someone', 'killed', 'Dorothy', 'Kelly', 'and', 'left', '.']",[ True]
"['Someone', 'killed', 'Jerry', 'Robertson', 'and', 'left', '.']",[ True]
"['Someone', 'killed', 'William', 'Brown', 'and', 'left', '.']",[ True]
"['Someone', 'killed', 'Grace', 'Taylor', 'and', 'left', '.']",[ True]
"['Someone', 'killed', 'Angela', 'Phillips', 'and', 'left', '.']",[ True]
"['Someone', 'killed', 'Karen', 'Jordan', 'and', 'left', '.']",[ True]
"['Someone', 'killed', 'Bill', 'King', 'and', 'left', '.']",[ True]
"['Someone', 'killed', 'Pamela', 'James', 'and', 'left', '.']",[ True]
"['Someone', 'killed', 'Frank', 'Edwards', 'and', 'left', '.']",[ True]
"['Someone', 'killed', 'Florence', 'Hall', 'and', 'left', '.']",[ True]
"['Someone', 'killed', 'Ryan', 'Robertson', 'and', 'left', '.']",[ True]
"['Someone', 'killed', 'Sophie', 'Evans', 'and', 'left', '.']",[ True]
"['Someone', 'killed', 'Jill', 'Henderson', 'and', 'left', '.']",[ True]
"['Someone', 'killed', 'Robin', 'Jackson', 'and', 'left', '.']",[ True]
"['Someone', 'killed', 'Lucy', 'White', 'and', 'left', '.']",[ True]
"['Someone', 'killed', 'Jim', 'Wilson', 'and', 'left', '.']",[ True]
"['Someone', 'killed', 'Alice', 'Marshall', 'and', 'left', '.']",[ True]
"['Someone', 'killed', 'William', 'Cooper', 'and', 'left', '.']",[ True]
"['Someone', 'killed', 'Kathryn', 'Hill', 'and', 'left', '.']",[ True]
"['Someone', 'killed', 'Alfred', 'Richardson', 'and', 'left', '.']",[ True]
"['Someone', 'killed', 'Marie', 'Nelson', 'and', 'left', '.']",[ True]
"['Someone', 'killed', 'Ruth', 'Coleman', 'and', 'left', '.']",[ True]
"['Someone', 'killed', 'Sarah', 'Murphy', 'and', 'left', '.']",[ True]
"['Someone', 'killed', 'Gary', 'Watson', 'and', 'left', '.']",[ True]
"['Someone', 'killed', 'Diane', ""O'Brien"", 'and', 'left', '.']",[ True]
"['Someone', 'killed', 'Patricia', 'Brown', 'and', 'left', '.']",[ True]
"['Someone', 'killed', 'Jill', 'Davis', 'and', 'left', '.']",[ True]
"['Someone', 'killed', 'Katie', 'Parker', 'and', 'left', '.']",[ True]
"['Someone', 'killed', 'Scott', 'Collins', 'and', 'left', '.']",[ True]
"['Someone', 'killed', 'Margaret', 'White', 'and', 'left', '.']",[ True]
"['Someone', 'killed', 'Jim', 'Peterson', 'and', 'left', '.']",[ True]
"['Someone', 'killed', 'Anne', 'Smith', 'and', 'left', '.']",[ True]
"['Someone', 'killed', 'Bruce', 'Bennett', 'and', 'left', '.']",[ True]
"['Someone', 'killed', 'Lauren', 'Henderson', 'and', 'left', '.']",[ True]
"['Someone', 'killed', 'Angela', 'Brooks', 'and', 'left', '.']",[ True]
"['Someone', 'killed', 'Ken', 'Palmer', 'and', 'left', '.']",[ True]
"['Someone', 'killed', 'Ruth', 'Nelson', 'and', 'left', '.']",[ True]
"['Someone', 'killed', 'Rachel', 'Mason', 'and', 'left', '.']",[ True]
"['Someone', 'killed', 'Jonathan', 'Reynolds', 'and', 'left', '.']",[ True]
"['Someone', 'killed', 'Edward', 'Stevens', 'and', 'left', '.']",[ True]
"['Someone', 'killed', 'Scott', 'Rogers', 'and', 'left', '.']",[ True]
"['Someone', 'killed', 'Melissa', 'Graham', 'and', 'left', '.']",[ True]
"['Someone', 'killed', 'Emma', 'Robinson', 'and', 'left', '.']",[ True]
"['Someone', 'killed', 'Leslie', 'Turner', 'and', 'left', '.']",[ True]
"['Someone', 'killed', 'Mark', 'Kennedy', 'and', 'left', '.']",[ True]
"['Someone', 'killed', 'Florence', 'Rose', 'and', 'left', '.']",[ True]
"['Someone', 'killed', 'Ben', 'Murray', 'and', 'left', '.']",[ True]
"['Someone', 'killed', 'George', 'White', 'and', 'left', '.']",[ True]
"['Someone', 'killed', 'Sandra', 'Brooks', 'and', 'left', '.']",[ True]
"['Someone', 'killed', 'Lucy', 'Davies', 'and', 'left', '.']",[ True]
"['Someone', 'killed', 'Ashley', 'King', 'and', 'left', '.']",[ True]
"['Someone', 'killed', 'Linda', 'Lewis', 'and', 'left', '.']",[ True]
"['Someone', 'killed', 'Colin', 'Johnson', 'and', 'left', '.']",[ True]
"['Someone', 'killed', 'Margaret', 'Ford', 'and', 'left', '.']",[ True]
"['Someone', 'killed', 'Dave', ""O'Brien"", 'and', 'left', '.']",[ True]
"['Someone', 'killed', 'Scott', 'Hill', 'and', 'left', '.']",[ True]
"['Someone', 'killed', 'Frank', 'Price', 'and', 'left', '.']",[ True]
"['Someone', 'killed', 'Sam', 'Brown', 'and', 'left', '.']",[ True]
"['Someone', 'killed', 'William', 'Williams', 'and', 'left', '.']",[ True]
"['Someone', 'killed', 'Carolyn', 'Ford', 'and', 'left', '.']",[ True]
"['Someone', 'killed', 'Pamela', 'Morgan', 'and', 'left', '.']",[ True]
"['Someone', 'killed', 'Harriet', 'Coleman', 'and', 'left', '.']",[ True]
"['Someone', 'killed', 'George', 'Graham', 'and', 'left', '.']",[ True]
"['Someone', 'killed', 'Peter', ""O'Brien"", 'and', 'left', '.']",[ True]
"['Someone', 'killed', 'Catherine', 'Butler', 'and', 'left', '.']",[ True]
"['Someone', 'killed', 'Frank', 'Ward', 'and', 'left', '.']",[ True]
"['Someone', 'killed', 'Eric', 'Foster', 'and', 'left', '.']",[ True]
"['Someone', 'killed', 'Richard', 'Hamilton', 'and', 'left', '.']",[ True]
"['Someone', 'killed', 'Lawrence', 'Bennett', 'and', 'left', '.']",[ True]
"['Someone', 'killed', 'Katie', 'Howard', 'and', 'left', '.']",[ True]
"['Someone', 'killed', 'Colin', 'Howard', 'and', 'left', '.']",[ True]
"['Someone', 'killed', 'Deborah', 'Cook', 'and', 'left', '.']",[ True]
"['Someone', 'killed', 'Walter', 'Allen', 'and', 'left', '.']",[ True]
"['Someone', 'killed', 'Walter', 'Mason', 'and', 'left', '.']",[ True]
"['Someone', 'killed', 'Julia', 'Price', 'and', 'left', '.']",[ True]
"['Someone', 'killed', 'Charlotte', 'Gray', 'and', 'left', '.']",[ True]
"['Someone', 'killed', 'Stephen', 'Moore', 'and', 'left', '.']",[ True]
"['Someone', 'killed', 'Kevin', 'Edwards', 'and', 'left', '.']",[ True]
"['Someone', 'killed', 'Harry', 'Coleman', 'and', 'left', '.']",[ True]
"['Someone', 'killed', 'Lisa', 'Taylor', 'and', 'left', '.']",[ True]
"['Someone', 'killed', 'Fiona', 'Gordon', 'and', 'left', '.']",[ True]
"['Someone', 'killed', 'Betty', 'Hughes', 'and', 'left', '.']",[ True]
"['Someone', 'killed', 'Jill', 'Coleman', 'and', 'left', '.']",[ True]
"['Someone', 'killed', 'Jim', 'Gray', 'and', 'left', '.']",[ True]
"['Someone', 'killed', 'Mike', 'Robinson', 'and', 'left', '.']",[ True]
"['Someone', 'killed', 'Carl', 'Scott', 'and', 'left', '.']",[ True]
"['Someone', 'killed', 'Sharon', 'James', 'and', 'left', '.']",[ True]
"['Someone', 'killed', 'Pamela', 'Perry', 'and', 'left', '.']",[ True]
"['Someone', 'killed', 'Walter', 'Thompson', 'and', 'left', '.']",[ True]
"['Someone', 'killed', 'Christine', 'Davies', 'and', 'left', '.']",[ True]
"['Someone', 'killed', 'Tom', 'Watson', 'and', 'left', '.']",[ True]
"['Someone', 'killed', 'Kevin', 'Parker', 'and', 'left', '.']",[ True]
"['Someone', 'killed', 'Wendy', 'Howard', 'and', 'left', '.']",[ True]
"['Someone', 'killed', 'Donna', 'Alexander', 'and', 'left', '.']",[ True]
"['Someone', 'killed', 'Joe', 'Robertson', 'and', 'left', '.']",[ True]
"['Someone', 'killed', 'Roger', 'Bell', 'and', 'left', '.']",[ True]
"['Someone', 'killed', 'Ellen', 'Gray', 'and', 'left', '.']",[ True]
"['Someone', 'killed', 'Tom', 'Stone', 'and', 'left', '.']",[ True]
"['Someone', 'killed', 'Diana', 'Martin', 'and', 'left', '.']",[ True]
"['Someone', 'killed', 'Helen', 'Bell', 'and', 'left', '.']",[ True]
"['Someone', 'killed', 'Jill', 'Perry', 'and', 'left', '.']",[ True]
"['Someone', 'killed', 'Deborah', 'Fisher', 'and', 'left', '.']",[ True]
"['Someone', 'killed', 'Tim', 'Price', 'and', 'left', '.']",[ True]
"['Someone', 'killed', 'Jimmy', 'Moore', 'and', 'left', '.']",[False]
"['Someone', 'killed', 'Louise', 'Robertson', 'and', 'left', '.']",[ True]
"['Someone', 'killed', 'Alexandra', 'Stevens', 'and', 'left', '.']",[ True]
"['Someone', 'killed', 'Harriet', 'Collins', 'and', 'left', '.']",[ True]
"['Someone', 'killed', 'James', 'White', 'and', 'left', '.']",[ True]
"['Someone', 'killed', 'Billy', 'Stewart', 'and', 'left', '.']",[ True]
"['Someone', 'killed', 'Joseph', 'Parker', 'and', 'left', '.']",[ True]
"['Someone', 'killed', 'Alfred', 'Graham', 'and', 'left', '.']",[ True]
"['Someone', 'killed', 'Lucy', 'Ward', 'and', 'left', '.']",[ True]
"['Someone', 'killed', 'Hugh', 'Fisher', 'and', 'left', '.']",[ True]
"['Someone', 'killed', 'Andrea', 'Wood', 'and', 'left', '.']",[ True]
"['Someone', 'killed', 'Michael', 'Watson', 'and', 'left', '.']",[ True]
"['Someone', 'killed', 'Edward', 'Morris', 'and', 'left', '.']",[ True]
"['Someone', 'killed', 'Billy', 'Rose', 'and', 'left', '.']",[ True]
"['Someone', 'killed', 'George', 'Phillips', 'and', 'left', '.']",[ True]
"['Someone', 'killed', 'Andrew', 'Palmer', 'and', 'left', '.']",[ True]
"['Someone', 'killed', 'Roy', 'Wilson', 'and', 'left', '.']",[ True]
"['Someone', 'killed', 'Mike', 'Walker', 'and', 'left', '.']",[ True]
"['Someone', 'killed', 'William', 'Hunter', 'and', 'left', '.']",[ True]
"['Someone', 'killed', 'Frederick', 'Baker', 'and', 'left', '.']",[ True]
"['Someone', 'killed', 'Laura', 'White', 'and', 'left', '.']",[ True]
"['Someone', 'killed', 'Donald', 'Stevens', 'and', 'left', '.']",[ True]
"['Someone', 'killed', 'Edwin', 'Marshall', 'and', 'left', '.']",[ True]
"['Someone', 'killed', 'Frances', 'Cooper', 'and', 'left', '.']",[ True]
"['Someone', 'killed', 'Carolyn', 'Morris', 'and', 'left', '.']",[ True]
"['Someone', 'killed', 'Carolyn', 'Coleman', 'and', 'left', '.']",[ True]
"['Someone', 'killed', 'Hugh', 'Coleman', 'and', 'left', '.']",[ True]
"['Someone', 'killed', 'Karen', 'Scott', 'and', 'left', '.']",[ True]
"['Someone', 'killed', 'Katie', 'Lewis', 'and', 'left', '.']",[ True]
"['Someone', 'killed', 'Rachel', 'Williams', 'and', 'left', '.']",[ True]
"['Someone', 'killed', 'Scott', 'Hill', 'and', 'left', '.']",[ True]
"['Someone', 'killed', 'Jason', 'Murphy', 'and', 'left', '.']",[ True]
"['Someone', 'killed', 'Sophie', 'Morris', 'and', 'left', '.']",[ True]
"['Someone', 'killed', 'Albert', 'Palmer', 'and', 'left', '.']",[ True]
"['Someone', 'killed', 'Virginia', 'Ward', 'and', 'left', '.']",[ True]
"['Someone', 'killed', 'Frederick', 'Harris', 'and', 'left', '.']",[ True]
"['Someone', 'killed', 'Kathleen', 'Parker', 'and', 'left', '.']",[ True]
"['Someone', 'killed', 'Robin', 'Wood', 'and', 'left', '.']",[ True]
"['Someone', 'killed', 'Christopher', 'Jackson', 'and', 'left', '.']",[ True]
"['Someone', 'killed', 'Jean', 'Cohen', 'and', 'left', '.']",[ True]
"['Someone', 'killed', 'Dave', 'Hughes', 'and', 'left', '.']",[ True]
"['Someone', 'killed', 'Bobby', 'Young', 'and', 'left', '.']",[ True]
"['Someone', 'killed', 'Sarah', 'Morgan', 'and', 'left', '.']",[ True]
"['Someone', 'killed', 'Kathleen', 'Johnson', 'and', 'left', '.']",[ True]
"['Someone', 'killed', 'Samuel', 'Phillips', 'and', 'left', '.']",[ True]
"['Someone', 'killed', 'Sara', 'Reynolds', 'and', 'left', '.']",[ True]
"['Someone', 'killed', 'Suzanne', 'Peterson', 'and', 'left', '.']",[False]
"['Someone', 'killed', 'Jim', 'Sullivan', 'and', 'left', '.']",[ True]
"['Someone', 'killed', 'Laura', 'Hunter', 'and', 'left', '.']",[ True]
"['Someone', 'killed', 'Mike', 'Jones', 'and', 'left', '.']",[ True]
"['Someone', 'killed', 'Andrew', 'Johnson', 'and', 'left', '.']",[ True]
"['Someone', 'killed', 'Rebecca', 'Thomas', 'and', 'left', '.']",[ True]
"['Someone', 'killed', 'Bill', 'Foster', 'and', 'left', '.']",[ True]
"['Someone', 'killed', 'Larry', 'Ryan', 'and', 'left', '.']",[ True]
"['Someone', 'killed', 'Mike', 'Edwards', 'and', 'left', '.']",[ True]
"['Someone', 'killed', 'Joseph', 'Reynolds', 'and', 'left', '.']",[ True]
"['Someone', 'killed', 'Susan', 'Parker', 'and', 'left', '.']",[ True]
"['Someone', 'killed', 'Harriet', 'Turner', 'and', 'left', '.']",[ True]
"['Someone', 'killed', 'Mike', 'King', 'and', 'left', '.']",[ True]
"['Someone', 'killed', 'Joseph', 'Williams', 'and', 'left', '.']",[ True]
"['Someone', 'killed', 'Ed', 'Hughes', 'and', 'left', '.']",[ True]
"['Someone', 'killed', 'Martha', 'Watson', 'and', 'left', '.']",[ True]
"['Someone', 'killed', 'John', 'Ross', 'and', 'left', '.']",[ True]
"['Someone', 'killed', 'Jennifer', 'Wilson', 'and', 'left', '.']",[ True]
"['Someone', 'killed', 'Sarah', 'Wright', 'and', 'left', '.']",[ True]
"['Someone', 'killed', 'David', 'Taylor', 'and', 'left', '.']",[ True]
"['Someone', 'killed', 'Lucy', 'Cook', 'and', 'left', '.']",[ True]
"['Someone', 'killed', 'Dick', 'Stone', 'and', 'left', '.']",[ True]
"['Someone', 'killed', 'Barbara', 'Clarke', 'and', 'left', '.']",[ True]
"['Someone', 'killed', 'Charlotte', 'Cohen', 'and', 'left', '.']",[ True]
"['Someone', 'killed', 'John', 'Thomas', 'and', 'left', '.']",[ True]
"['Someone', 'killed', 'Virginia', 'Stewart', 'and', 'left', '.']",[ True]
"['Someone', 'killed', 'Amy', 'Phillips', 'and', 'left', '.']",[ True]
"['Someone', 'killed', 'Alexander', 'Walker', 'and', 'left', '.']",[ True]
"['Someone', 'killed', 'Rebecca', 'Evans', 'and', 'left', '.']",[ True]
"['Someone', 'killed', 'Jonathan', 'Peterson', 'and', 'left', '.']",[ True]
"['Someone', 'killed', 'Kathleen', 'Wood', 'and', 'left', '.']",[ True]
"['Someone', 'killed', 'Greg', 'Davis', 'and', 'left', '.']",[ True]
"['Someone', 'killed', 'Don', 'Rogers', 'and', 'left', '.']",[ True]
"['Someone', 'killed', 'Colin', 'Harris', 'and', 'left', '.']",[ True]
"['Someone', 'killed', 'Ryan', 'Hamilton', 'and', 'left', '.']",[ True]
"['Someone', 'killed', 'Sue', 'Perry', 'and', 'left', '.']",[ True]
"['Someone', 'killed', 'Robert', 'Ryan', 'and', 'left', '.']",[ True]
"['Someone', 'killed', 'Lynn', 'Ward', 'and', 'left', '.']",[ True]
"['Someone', 'killed', 'Elizabeth', 'Hamilton', 'and', 'left', '.']",[ True]
"['Someone', 'killed', 'Ben', 'Harrison', 'and', 'left', '.']",[ True]
"['Someone', 'killed', 'Kim', 'Gray', 'and', 'left', '.']",[ True]
"['Someone', 'killed', 'Keith', 'Thompson', 'and', 'left', '.']",[ True]
"['Someone', 'killed', 'Harold', 'Smith', 'and', 'left', '.']",[ True]
"['Someone', 'killed', 'Martin', 'Gordon', 'and', 'left', '.']",[ True]
"['Someone', 'killed', 'Louis', 'Cooper', 'and', 'left', '.']",[ True]
"['Someone', 'killed', 'Patricia', 'Williams', 'and', 'left', '.']",[ True]
"['Someone', 'killed', 'Melissa', 'Evans', 'and', 'left', '.']",[ True]
"['Someone', 'killed', 'Frederick', 'Kennedy', 'and', 'left', '.']",[ True]
"['Someone', 'killed', 'Harry', 'Roberts', 'and', 'left', '.']",[ True]
"['Someone', 'killed', 'Rose', 'Morris', 'and', 'left', '.']",[ True]
"['Someone', 'killed', 'Nick', 'Rogers', 'and', 'left', '.']",[ True]
"['Someone', 'killed', 'Andrea', 'Turner', 'and', 'left', '.']",[ True]
"['Someone', 'killed', 'Katherine', 'Mason', 'and', 'left', '.']",[ True]
"['Someone', 'killed', 'Thomas', 'King', 'and', 'left', '.']",[ True]
"['Someone', 'killed', 'Grace', 'Rogers', 'and', 'left', '.']",[ True]
"['Someone', 'killed', 'Diana', 'Brown', 'and', 'left', '.']",[ True]
"['Someone', 'killed', 'Frank', 'Davies', 'and', 'left', '.']",[ True]
"['Someone', 'killed', 'Marilyn', ""O'Brien"", 'and', 'left', '.']",[ True]
"['Someone', 'killed', 'Kate', 'Fisher', 'and', 'left', '.']",[ True]
"['Someone', 'killed', 'Alan', 'Brown', 'and', 'left', '.']",[ True]
"['Someone', 'killed', 'Jay', 'Scott', 'and', 'left', '.']",[ True]
"['Someone', 'killed', 'Melissa', 'Martin', 'and', 'left', '.']",[ True]
"['Someone', 'killed', 'Alfred', 'Brooks', 'and', 'left', '.']",[ True]
"['Someone', 'killed', 'Sophie', 'Palmer', 'and', 'left', '.']",[ True]
"['Someone', 'killed', 'Roger', 'Hamilton', 'and', 'left', '.']",[ True]
"['Someone', 'killed', 'Daniel', 'Lewis', 'and', 'left', '.']",[ True]
"['Someone', 'killed', 'Margaret', 'Stone', 'and', 'left', '.']",[False]
"['Someone', 'killed', 'Leslie', 'Johnson', 'and', 'left', '.']",[ True]
"['Someone', 'killed', 'Nick', 'Mitchell', 'and', 'left', '.']",[ True]
"['Someone', 'killed', 'Ben', 'Phillips', 'and', 'left', '.']",[ True]
"['Someone', 'killed', 'Keith', 'Edwards', 'and', 'left', '.']",[ True]
"['Someone', 'killed', 'Bruce', 'Anderson', 'and', 'left', '.']",[ True]
"['Someone', 'killed', 'Jill', 'Davies', 'and', 'left', '.']",[ True]
"['Someone', 'killed', 'Louis', 'Robertson', 'and', 'left', '.']",[ True]
"['Someone', 'killed', 'Dick', 'Alexander', 'and', 'left', '.']",[ True]
"['Someone', 'killed', 'Adam', 'Williams', 'and', 'left', '.']",[ True]
"['Someone', 'killed', 'Chris', 'Hall', 'and', 'left', '.']",[ True]
"['Someone', 'killed', 'Nancy', 'Harris', 'and', 'left', '.']",[ True]
"['Someone', 'killed', 'Stephanie', 'Brown', 'and', 'left', '.']",[ True]
"['Someone', 'killed', 'Edwin', 'Hill', 'and', 'left', '.']",[ True]
"['Someone', 'killed', 'Harriet', 'King', 'and', 'left', '.']",[ True]
"['Someone', 'killed', 'Tom', 'Clark', 'and', 'left', '.']",[ True]
"['Someone', 'killed', 'Diana', 'Murphy', 'and', 'left', '.']",[ True]
"['Someone', 'killed', 'Jennifer', 'Baker', 'and', 'left', '.']",[ True]
"['Someone', 'killed', 'Kathryn', 'Mason', 'and', 'left', '.']",[ True]
"['Someone', 'killed', 'Alexander', 'Gordon', 'and', 'left', '.']",[ True]
"['Someone', 'killed', 'Lauren', 'Crawford', 'and', 'left', '.']",[ True]
"['Someone', 'killed', 'Kathryn', 'Brown', 'and', 'left', '.']",[ True]
"['Someone', 'killed', 'Kathy', 'Gray', 'and', 'left', '.']",[ True]
"['Someone', 'killed', 'Suzanne', 'Davis', 'and', 'left', '.']",[ True]
"['Someone', 'killed', 'Amy', 'Henderson', 'and', 'left', '.']",[ True]
"['Someone', 'killed', 'Dick', 'Butler', 'and', 'left', '.']",[ True]
"['Someone', 'killed', 'Joseph', 'Young', 'and', 'left', '.']",[ True]
"['Someone', 'killed', 'Alexander', 'Moore', 'and', 'left', '.']",[ True]
"['Someone', 'killed', 'Mark', 'Roberts', 'and', 'left', '.']",[ True]
"['Someone', 'killed', 'Nicole', 'Thomas', 'and', 'left', '.']",[ True]
"['Someone', 'killed', 'Tom', 'Evans', 'and', 'left', '.']",[ True]
"['Someone', 'killed', 'Dan', 'Carter', 'and', 'left', '.']",[ True]
"['Someone', 'killed', 'Benjamin', 'Foster', 'and', 'left', '.']",[ True]
"['Someone', 'killed', 'Caroline', 'Bell', 'and', 'left', '.']",[ True]
"['Someone', 'killed', 'Ken', 'Marshall', 'and', 'left', '.']",[ True]
"['Someone', 'killed', 'Benjamin', 'Stone', 'and', 'left', '.']",[False]
"['Someone', 'killed', 'Dan', 'Fisher', 'and', 'left', '.']",[ True]
"['Someone', 'killed', 'William', 'Clark', 'and', 'left', '.']",[ True]
"['Someone', 'killed', 'Joe', 'Kennedy', 'and', 'left', '.']",[ True]
"['Someone', 'killed', 'Lucy', 'Hill', 'and', 'left', '.']",[ True]
"['Someone', 'killed', 'Mike', 'White', 'and', 'left', '.']",[ True]
"['Someone', 'killed', 'Bruce', 'Murray', 'and', 'left', '.']",[ True]
"['Someone', 'killed', 'George', 'Ward', 'and', 'left', '.']",[ True]
"['Someone', 'killed', 'Cynthia', 'Clarke', 'and', 'left', '.']",[ True]
"['Someone', 'killed', 'Florence', 'Davis', 'and', 'left', '.']",[ True]
"['Someone', 'killed', 'Lynn', 'Hughes', 'and', 'left', '.']",[ True]
"['Someone', 'killed', 'Donna', 'Harris', 'and', 'left', '.']",[ True]
"['Someone', 'killed', 'William', 'Scott', 'and', 'left', '.']",[ True]
"['Someone', 'killed', 'Patrick', 'Crawford', 'and', 'left', '.']",[ True]
"['Someone', 'killed', 'Jane', 'Palmer', 'and', 'left', '.']",[ True]
"['Someone', 'killed', 'Hugh', 'Ward', 'and', 'left', '.']",[ True]
"['Someone', 'killed', 'Suzanne', 'Thomas', 'and', 'left', '.']",[ True]
"['Someone', 'killed', 'Elaine', 'Clark', 'and', 'left', '.']",[ True]
"['Someone', 'killed', 'Sophie', 'Gordon', 'and', 'left', '.']",[False]
"['Someone', 'killed', 'Laura', 'Watson', 'and', 'left', '.']",[ True]
"['Someone', 'killed', 'Deborah', 'Roberts', 'and', 'left', '.']",[ True]
"['Someone', 'killed', 'Andrea', 'Ryan', 'and', 'left', '.']",[ True]
"['Someone', 'killed', 'Bill', 'Davis', 'and', 'left', '.']",[ True]
"['Someone', 'killed', 'Eleanor', 'Brooks', 'and', 'left', '.']",[ True]
"['Someone', 'killed', 'Patrick', 'Campbell', 'and', 'left', '.']",[ True]
"['Someone', 'killed', 'Sally', 'Clarke', 'and', 'left', '.']",[ True]
"['Someone', 'killed', 'Dan', 'Morris', 'and', 'left', '.']",[ True]
"['Someone', 'killed', 'Louis', 'Morris', 'and', 'left', '.']",[ True]
"['Someone', 'killed', 'Lisa', 'Miller', 'and', 'left', '.']",[ True]
"['Someone', 'killed', 'Robert', 'Hamilton', 'and', 'left', '.']",[ True]
"['Someone', 'killed', 'Amy', 'Carter', 'and', 'left', '.']",[ True]
"['Someone', 'killed', 'Louise', 'Cook', 'and', 'left', '.']",[ True]
"['Someone', 'killed', 'Bill', 'Ryan', 'and', 'left', '.']",[ True]
"['Someone', 'killed', 'Matt', 'Martin', 'and', 'left', '.']",[ True]
"['Someone', 'killed', 'Peter', 'Anderson', 'and', 'left', '.']",[ True]
"['Someone', 'killed', 'John', 'Perry', 'and', 'left', '.']",[ True]
"['Someone', 'killed', 'Jean', 'Cooper', 'and', 'left', '.']",[ True]
"['Someone', 'killed', 'Ray', 'Marshall', 'and', 'left', '.']",[ True]
"['Someone', 'killed', 'Angela', 'Walker', 'and', 'left', '.']",[ True]
"['Someone', 'killed', 'Lucy', 'Morgan', 'and', 'left', '.']",[ True]
"['Someone', 'killed', 'Rebecca', 'Allen', 'and', 'left', '.']",[ True]
"['Someone', 'killed', 'Arthur', 'Jones', 'and', 'left', '.']",[ True]
"['Someone', 'killed', 'Thomas', 'Morris', 'and', 'left', '.']",[ True]
"['Someone', 'killed', 'Victoria', 'Hart', 'and', 'left', '.']",[ True]
"['Someone', 'killed', 'Jerry', 'Evans', 'and', 'left', '.']",[ True]
"['Someone', 'killed', 'Marie', 'Harrison', 'and', 'left', '.']",[ True]
"['Someone', 'killed', 'Howard', 'Hamilton', 'and', 'left', '.']",[ True]
"['Someone', 'killed', 'Gary', 'Robertson', 'and', 'left', '.']",[ True]
"['Someone', 'killed', 'Suzanne', 'Bennett', 'and', 'left', '.']",[ True]
"['Someone', 'killed', 'Kate', ""O'Brien"", 'and', 'left', '.']",[ True]
"['Someone', 'killed', 'Eleanor', 'Harris', 'and', 'left', '.']",[ True]
"['Someone', 'killed', 'Margaret', 'Stone', 'and', 'left', '.']",[False]
"['Someone', 'killed', 'Robin', 'Johnson', 'and', 'left', '.']",[ True]
"['Someone', 'killed', 'Janet', 'Mason', 'and', 'left', '.']",[ True]
"['Someone', 'killed', 'Nancy', 'Cooper', 'and', 'left', '.']",[ True]
"['Someone', 'killed', 'Louise', 'Roberts', 'and', 'left', '.']",[ True]
"['Someone', 'killed', 'Edwin', 'Miller', 'and', 'left', '.']",[ True]
"['Someone', 'killed', 'Richard', 'Allen', 'and', 'left', '.']",[ True]
"['Someone', 'killed', 'Rose', 'Baker', 'and', 'left', '.']",[ True]
"['Someone', 'killed', 'Edward', 'Coleman', 'and', 'left', '.']",[ True]
"['Someone', 'killed', 'James', 'Hart', 'and', 'left', '.']",[ True]
"['Someone', 'killed', 'Fiona', 'Parker', 'and', 'left', '.']",[ True]
"['Someone', 'killed', 'Mark', 'Brooks', 'and', 'left', '.']",[ True]
"['Someone', 'killed', 'Albert', 'Smith', 'and', 'left', '.']",[ True]
"['Someone', 'killed', 'Simon', 'Thomas', 'and', 'left', '.']",[ True]
"['Someone', 'killed', 'Anna', 'Hill', 'and', 'left', '.']",[ True]
"['Someone', 'killed', 'Diana', 'Ryan', 'and', 'left', '.']",[ True]
"['Someone', 'killed', 'Julia', 'Harrison', 'and', 'left', '.']",[ True]
"['Someone', 'killed', 'Grace', 'Robertson', 'and', 'left', '.']",[ True]
"['Someone', 'killed', 'Jean', 'Ford', 'and', 'left', '.']",[ True]
"['Someone', 'killed', 'Ann', 'Richardson', 'and', 'left', '.']",[ True]
"['Someone', 'killed', 'Ian', 'James', 'and', 'left', '.']",[ True]
"['Someone', 'killed', 'Daniel', 'Murphy', 'and', 'left', '.']",[ True]
"['Someone', 'killed', 'Elaine', 'Brown', 'and', 'left', '.']",[ True]
"['Someone', 'killed', 'Sandra', 'Hart', 'and', 'left', '.']",[ True]
"['Someone', 'killed', 'Elaine', 'Hunter', 'and', 'left', '.']",[ True]
"['Someone', 'killed', 'Carl', 'Cooper', 'and', 'left', '.']",[ True]
"['Someone', 'killed', 'Katie', 'Morris', 'and', 'left', '.']",[ True]
"['Someone', 'killed', 'Kevin', 'Fisher', 'and', 'left', '.']",[ True]
"['Someone', 'killed', 'Katie', 'Walker', 'and', 'left', '.']",[ True]
"['Someone', 'killed', 'Michelle', 'Lewis', 'and', 'left', '.']",[ True]
"['Someone', 'killed', 'James', 'Cook', 'and', 'left', '.']",[ True]
"['Someone', 'killed', 'Katherine', 'Taylor', 'and', 'left', '.']",[ True]
"['Someone', 'killed', 'Lucy', 'Wood', 'and', 'left', '.']",[ True]
"['Someone', 'killed', 'Larry', 'Morris', 'and', 'left', '.']",[ True]
"['Someone', 'killed', 'Lauren', 'Butler', 'and', 'left', '.']",[False]
"['Someone', 'killed', 'Frederick', 'Brown', 'and', 'left', '.']",[ True]
"['Someone', 'killed', 'Evelyn', 'Roberts', 'and', 'left', '.']",[ True]
"['Someone', 'killed', 'Amanda', 'Perry', 'and', 'left', '.']",[ True]
"['Someone', 'killed', 'Ed', 'Harris', 'and', 'left', '.']",[ True]
"['Someone', 'killed', 'Catherine', 'Stevens', 'and', 'left', '.']",[ True]
"['Someone', 'killed', 'Pamela', 'Butler', 'and', 'left', '.']",[ True]
"['Someone', 'killed', 'Frank', 'Bennett', 'and', 'left', '.']",[ True]
"['Someone', 'killed', 'Andrea', 'Hamilton', 'and', 'left', '.']",[ True]
"['Someone', 'killed', 'Edith', 'Richardson', 'and', 'left', '.']",[ True]
"['Someone', 'killed', 'Ben', 'Russell', 'and', 'left', '.']",[ True]
"['Someone', 'killed', 'Alexander', 'Thompson', 'and', 'left', '.']",[ True]
"['Someone', 'killed', 'Bobby', 'Johnson', 'and', 'left', '.']",[ True]
"['Someone', 'killed', 'Ashley', 'Miller', 'and', 'left', '.']",[ True]
"['Someone', 'killed', 'Harriet', 'Hill', 'and', 'left', '.']",[ True]
"['Someone', 'killed', 'Louise', 'Cooper', 'and', 'left', '.']",[ True]
"['Someone', 'killed', 'Peter', 'Brown', 'and', 'left', '.']",[ True]
"['Someone', 'killed', 'Ellen', 'Stewart', 'and', 'left', '.']",[ True]
"['Someone', 'killed', 'Christopher', 'Edwards', 'and', 'left', '.']",[ True]
"['Someone', 'killed', 'William', 'Robertson', 'and', 'left', '.']",[ True]
"['Someone', 'killed', 'Bobby', 'Fisher', 'and', 'left', '.']",[ True]
"['Someone', 'killed', 'Donna', 'Williams', 'and', 'left', '.']",[ True]
"['Someone', 'killed', 'Michelle', 'Smith', 'and', 'left', '.']",[ True]
"['Someone', 'killed', 'Ian', 'Parker', 'and', 'left', '.']",[ True]
"['Someone', 'killed', 'Howard', 'Young', 'and', 'left', '.']",[ True]
"['Someone', 'killed', 'Lawrence', 'Thompson', 'and', 'left', '.']",[ True]
"['Someone', 'killed', 'Amanda', 'Rogers', 'and', 'left', '.']",[ True]
"['Someone', 'killed', 'John', 'Gray', 'and', 'left', '.']",[ True]
"['Someone', 'killed', 'Thomas', 'Kennedy', 'and', 'left', '.']",[ True]
"['Someone', 'killed', 'Pamela', 'Rogers', 'and', 'left', '.']",[ True]
"['Someone', 'killed', 'Stephen', 'Robinson', 'and', 'left', '.']",[False]
"['Someone', 'killed', 'Nick', 'Hunter', 'and', 'left', '.']",[ True]
"['Someone', 'killed', 'Kevin', 'Robinson', 'and', 'left', '.']",[ True]
"['Someone', 'killed', 'Helen', 'Howard', 'and', 'left', '.']",[ True]
"['Someone', 'killed', 'Louise', 'Brown', 'and', 'left', '.']",[ True]
"['Someone', 'killed', 'Ed', 'Wood', 'and', 'left', '.']",[ True]
"['Someone', 'killed', 'Florence', 'White', 'and', 'left', '.']",[ True]
"['Someone', 'killed', 'Elizabeth', 'Anderson', 'and', 'left', '.']",[ True]
"['Someone', 'killed', 'Lucy', 'Hamilton', 'and', 'left', '.']",[ True]
"['Someone', 'killed', 'Louise', 'Bell', 'and', 'left', '.']",[ True]
"['Someone', 'killed', 'Ron', 'Turner', 'and', 'left', '.']",[ True]
"['Someone', 'killed', 'Richard', 'Kelly', 'and', 'left', '.']",[ True]
"['Someone', 'killed', 'Victoria', 'Harrison', 'and', 'left', '.']",[ True]
"['Someone', 'killed', 'Ruth', 'Price', 'and', 'left', '.']",[ True]
"['Someone', 'killed', 'Jerry', 'Parker', 'and', 'left', '.']",[ True]
"['Someone', 'killed', 'Ann', 'Graham', 'and', 'left', '.']",[ True]
"['Someone', 'killed', 'Roger', 'Jordan', 'and', 'left', '.']",[ True]
"['Someone', 'killed', 'Rose', 'Foster', 'and', 'left', '.']",[ True]
"['Someone', 'killed', 'Leslie', 'Phillips', 'and', 'left', '.']",[ True]
"['Someone', 'killed', 'Ruth', 'Morris', 'and', 'left', '.']",[ True]
"['Someone', 'killed', 'Alison', 'Ward', 'and', 'left', '.']",[ True]
"['Someone', 'killed', 'Joseph', ""O'Brien"", 'and', 'left', '.']",[ True]
"['Someone', 'killed', 'Richard', 'Phillips', 'and', 'left', '.']",[ True]
"['Someone', 'killed', 'Betty', 'Green', 'and', 'left', '.']",[ True]
"['Someone', 'killed', 'Grace', 'Harris', 'and', 'left', '.']",[ True]
"['Someone', 'killed', 'Philip', 'Shaw', 'and', 'left', '.']",[ True]
