"['Bobby', 'Bennett', 'likes', 'to', 'eat', 'pizza']",[ True]
"['Daniel', 'Sullivan', 'likes', 'to', 'eat', 'pizza']",[ True]
"['Ryan', 'Johnson', 'likes', 'to', 'eat', 'pizza']",[ True]
"['Ralph', 'Bell', 'likes', 'to', 'eat', 'pizza']",[ True]
"['Charlie', 'Alexander', 'likes', 'to', 'eat', 'pizza']",[ True]
"['Joseph', 'Baker', 'likes', 'to', 'eat', 'pizza']",[ True]
"['Samuel', 'Robinson', 'likes', 'to', 'eat', 'pizza']",[ True]
"['Howard', 'Evans', 'likes', 'to', 'eat', 'pizza']",[ True]
"['Dan', 'Richardson', 'likes', 'to', 'eat', 'pizza']",[False]
"['Sam', ""O'Brien"", 'likes', 'to', 'eat', 'pizza']",[ True]
"['Amanda', 'Lewis', 'likes', 'to', 'eat', 'pizza']",[False]
"['Sally', 'Davis', 'likes', 'to', 'eat', 'pizza']",[False]
"['Melissa', 'Watson', 'likes', 'to', 'eat', 'pizza']",[ True]
"['Carolyn', 'Wood', 'likes', 'to', 'eat', 'pizza']",[ True]
"['Stephen', 'Davies', 'likes', 'to', 'eat', 'pizza']",[ True]
"['William', 'Reynolds', 'likes', 'to', 'eat', 'pizza']",[ True]
"['Jason', 'Russell', 'likes', 'to', 'eat', 'pizza']",[ True]
"['Robin', 'Hamilton', 'likes', 'to', 'eat', 'pizza']",[ True]
"['Philip', 'Butler', 'likes', 'to', 'eat', 'pizza']",[ True]
"['Elaine', 'Watson', 'likes', 'to', 'eat', 'pizza']",[ True]
"['Julie', 'Ford', 'likes', 'to', 'eat', 'pizza']",[ True]
"['Bruce', 'Baker', 'likes', 'to', 'eat', 'pizza']",[ True]
"['Dan', 'Wright', 'likes', 'to', 'eat', 'pizza']",[False]
"['Jeff', 'Cohen', 'likes', 'to', 'eat', 'pizza']",[ True]
"['Susan', 'Ford', 'likes', 'to', 'eat', 'pizza']",[ True]
"['Tony', 'Coleman', 'likes', 'to', 'eat', 'pizza']",[ True]
"['Nick', 'Scott', 'likes', 'to', 'eat', 'pizza']",[ True]
"['Jill', 'Gray', 'likes', 'to', 'eat', 'pizza']",[ True]
"['Keith', 'Reed', 'likes', 'to', 'eat', 'pizza']",[ True]
"['Katie', 'Reynolds', 'likes', 'to', 'eat', 'pizza']",[ True]
"['Dan', 'Roberts', 'likes', 'to', 'eat', 'pizza']",[False]
"['Philip', 'Nelson', 'likes', 'to', 'eat', 'pizza']",[ True]
"['Martin', 'Evans', 'likes', 'to', 'eat', 'pizza']",[ True]
"['Edith', 'Smith', 'likes', 'to', 'eat', 'pizza']",[ True]
"['Tom', 'Phillips', 'likes', 'to', 'eat', 'pizza']",[ True]
"['Carl', 'Jackson', 'likes', 'to', 'eat', 'pizza']",[ True]
"['Walter', 'Nelson', 'likes', 'to', 'eat', 'pizza']",[ True]
"['Johnny', 'Anderson', 'likes', 'to', 'eat', 'pizza']",[ True]
"['Hugh', 'Henderson', 'likes', 'to', 'eat', 'pizza']",[ True]
"['Joe', 'Fisher', 'likes', 'to', 'eat', 'pizza']",[ True]
"['Maria', 'Wilson', 'likes', 'to', 'eat', 'pizza']",[ True]
"['Matt', 'White', 'likes', 'to', 'eat', 'pizza']",[ True]
"['Evelyn', 'Bennett', 'likes', 'to', 'eat', 'pizza']",[ True]
"['Lawrence', 'King', 'likes', 'to', 'eat', 'pizza']",[ True]
"['Carolyn', 'Murphy', 'likes', 'to', 'eat', 'pizza']",[ True]
"['Amy', 'Jordan', 'likes', 'to', 'eat', 'pizza']",[ True]
"['Cynthia', 'Collins', 'likes', 'to', 'eat', 'pizza']",[ True]
"['Julia', 'Moore', 'likes', 'to', 'eat', 'pizza']",[ True]
"['Robin', 'Howard', 'likes', 'to', 'eat', 'pizza']",[ True]
"['Kathleen', 'Robinson', 'likes', 'to', 'eat', 'pizza']",[ True]
"['Donald', 'Murphy', 'likes', 'to', 'eat', 'pizza']",[ True]
"['Ruth', 'Butler', 'likes', 'to', 'eat', 'pizza']",[ True]
"['Simon', 'Bennett', 'likes', 'to', 'eat', 'pizza']",[ True]
"['Ellen', 'Alexander', 'likes', 'to', 'eat', 'pizza']",[ True]
"['Julia', 'Murray', 'likes', 'to', 'eat', 'pizza']",[ True]
"['Daniel', 'Hall', 'likes', 'to', 'eat', 'pizza']",[ True]
"['Judith', 'Evans', 'likes', 'to', 'eat', 'pizza']",[ True]
"['Andrew', 'Johnson', 'likes', 'to', 'eat', 'pizza']",[ True]
"['Ruth', 'Butler', 'likes', 'to', 'eat', 'pizza']",[ True]
"['Leslie', 'Lewis', 'likes', 'to', 'eat', 'pizza']",[False]
"['Frank', 'Brooks', 'likes', 'to', 'eat', 'pizza']",[ True]
"['Christopher', 'Adams', 'likes', 'to', 'eat', 'pizza']",[ True]
"['Greg', 'Allen', 'likes', 'to', 'eat', 'pizza']",[ True]
"['Joseph', 'Moore', 'likes', 'to', 'eat', 'pizza']",[ True]
"['Kathy', 'Hunter', 'likes', 'to', 'eat', 'pizza']",[ True]
"['Benjamin', 'Carter', 'likes', 'to', 'eat', 'pizza']",[ True]
"['Dave', 'Hill', 'likes', 'to', 'eat', 'pizza']",[ True]
"['Stephen', 'Watson', 'likes', 'to', 'eat', 'pizza']",[ True]
"['Robin', 'Palmer', 'likes', 'to', 'eat', 'pizza']",[ True]
"['Sara', 'Brown', 'likes', 'to', 'eat', 'pizza']",[ True]
"['Louis', 'Cook', 'likes', 'to', 'eat', 'pizza']",[ True]
"['Johnny', 'Wright', 'likes', 'to', 'eat', 'pizza']",[ True]
"['Elaine', 'Gray', 'likes', 'to', 'eat', 'pizza']",[ True]
"['Victoria', 'Wood', 'likes', 'to', 'eat', 'pizza']",[ True]
"['Annie', 'Kennedy', 'likes', 'to', 'eat', 'pizza']",[ True]
"['Anne', 'Morris', 'likes', 'to', 'eat', 'pizza']",[ True]
"['Christopher', 'Foster', 'likes', 'to', 'eat', 'pizza']",[ True]
"['Kate', 'Thompson', 'likes', 'to', 'eat', 'pizza']",[ True]
"['Grace', 'Rose', 'likes', 'to', 'eat', 'pizza']",[ True]
"['Matt', 'Wood', 'likes', 'to', 'eat', 'pizza']",[ True]
"['Ralph', 'Thompson', 'likes', 'to', 'eat', 'pizza']",[ True]
"['Sally', 'Miller', 'likes', 'to', 'eat', 'pizza']",[ True]
"['Jack', 'Green', 'likes', 'to', 'eat', 'pizza']",[ True]
"['Dave', 'Brown', 'likes', 'to', 'eat', 'pizza']",[ True]
"['Christopher', 'Palmer', 'likes', 'to', 'eat', 'pizza']",[ True]
"['Bob', 'Campbell', 'likes', 'to', 'eat', 'pizza']",[ True]
"['Al', 'Kelly', 'likes', 'to', 'eat', 'pizza']",[ True]
"['Victoria', 'Sullivan', 'likes', 'to', 'eat', 'pizza']",[ True]
"['Edith', 'Robertson', 'likes', 'to', 'eat', 'pizza']",[ True]
"['Lisa', 'Roberts', 'likes', 'to', 'eat', 'pizza']",[ True]
"['Johnny', 'Morris', 'likes', 'to', 'eat', 'pizza']",[ True]
"['Brian', 'Kennedy', 'likes', 'to', 'eat', 'pizza']",[False]
"['Sharon', 'Mason', 'likes', 'to', 'eat', 'pizza']",[ True]
"['Grace', 'Cook', 'likes', 'to', 'eat', 'pizza']",[ True]
"['Linda', 'Ford', 'likes', 'to', 'eat', 'pizza']",[ True]
"['Rose', 'Butler', 'likes', 'to', 'eat', 'pizza']",[ True]
"['Jimmy', 'Richardson', 'likes', 'to', 'eat', 'pizza']",[ True]
"['Edwin', 'Wilson', 'likes', 'to', 'eat', 'pizza']",[ True]
"['Dorothy', 'Murray', 'likes', 'to', 'eat', 'pizza']",[ True]
"['Grace', 'Hamilton', 'likes', 'to', 'eat', 'pizza']",[ True]
"['Lawrence', 'Kennedy', 'likes', 'to', 'eat', 'pizza']",[ True]
"['Henry', 'Russell', 'likes', 'to', 'eat', 'pizza']",[ True]
"['Katherine', 'Cook', 'likes', 'to', 'eat', 'pizza']",[ True]
"['Mary', 'Wood', 'likes', 'to', 'eat', 'pizza']",[ True]
"['Kathleen', 'Hamilton', 'likes', 'to', 'eat', 'pizza']",[ True]
"['Margaret', 'Palmer', 'likes', 'to', 'eat', 'pizza']",[ True]
"['Diane', 'Wilson', 'likes', 'to', 'eat', 'pizza']",[ True]
"['Julie', 'Clark', 'likes', 'to', 'eat', 'pizza']",[ True]
"['Hugh', 'Sullivan', 'likes', 'to', 'eat', 'pizza']",[ True]
"['Al', 'Mitchell', 'likes', 'to', 'eat', 'pizza']",[ True]
"['Emily', 'King', 'likes', 'to', 'eat', 'pizza']",[ True]
"['Don', 'Hart', 'likes', 'to', 'eat', 'pizza']",[ True]
"['Julie', 'Carter', 'likes', 'to', 'eat', 'pizza']",[ True]
"['Kevin', 'Mitchell', 'likes', 'to', 'eat', 'pizza']",[ True]
"['Edward', 'Nelson', 'likes', 'to', 'eat', 'pizza']",[ True]
"['Edith', 'Bell', 'likes', 'to', 'eat', 'pizza']",[ True]
"['Caroline', 'White', 'likes', 'to', 'eat', 'pizza']",[ True]
"['Andrea', 'Mitchell', 'likes', 'to', 'eat', 'pizza']",[ True]
"['Amy', 'Morris', 'likes', 'to', 'eat', 'pizza']",[ True]
"['Nancy', 'Scott', 'likes', 'to', 'eat', 'pizza']",[ True]
"['Kathy', 'Hill', 'likes', 'to', 'eat', 'pizza']",[ True]
"['Roger', 'Clarke', 'likes', 'to', 'eat', 'pizza']",[ True]
"['Jill', 'Jackson', 'likes', 'to', 'eat', 'pizza']",[ True]
"['Don', 'Evans', 'likes', 'to', 'eat', 'pizza']",[ True]
"['Rebecca', 'Cook', 'likes', 'to', 'eat', 'pizza']",[ True]
"['Pamela', 'Harrison', 'likes', 'to', 'eat', 'pizza']",[ True]
"['Matt', 'Anderson', 'likes', 'to', 'eat', 'pizza']",[ True]
"['Katie', 'Walker', 'likes', 'to', 'eat', 'pizza']",[ True]
"['Jill', 'Walker', 'likes', 'to', 'eat', 'pizza']",[False]
"['Patrick', 'Baker', 'likes', 'to', 'eat', 'pizza']",[ True]
"['Katherine', 'Moore', 'likes', 'to', 'eat', 'pizza']",[ True]
"['Chris', 'Watson', 'likes', 'to', 'eat', 'pizza']",[ True]
"['Michelle', 'Phillips', 'likes', 'to', 'eat', 'pizza']",[ True]
"['Scott', 'Hill', 'likes', 'to', 'eat', 'pizza']",[ True]
"['Grace', 'Graham', 'likes', 'to', 'eat', 'pizza']",[ True]
"['Ruth', 'Thomas', 'likes', 'to', 'eat', 'pizza']",[ True]
"['Kevin', 'Clarke', 'likes', 'to', 'eat', 'pizza']",[ True]
"['Bob', 'Robinson', 'likes', 'to', 'eat', 'pizza']",[ True]
"['Eric', 'Perry', 'likes', 'to', 'eat', 'pizza']",[ True]
"['Patrick', 'Palmer', 'likes', 'to', 'eat', 'pizza']",[ True]
"['Anna', 'Phillips', 'likes', 'to', 'eat', 'pizza']",[ True]
"['Nicole', 'Cook', 'likes', 'to', 'eat', 'pizza']",[ True]
"['Nancy', 'Miller', 'likes', 'to', 'eat', 'pizza']",[ True]
"['Benjamin', 'Peterson', 'likes', 'to', 'eat', 'pizza']",[ True]
"['Emily', 'Stevens', 'likes', 'to', 'eat', 'pizza']",[ True]
"['Martin', 'Sullivan', 'likes', 'to', 'eat', 'pizza']",[ True]
"['Wendy', 'Marshall', 'likes', 'to', 'eat', 'pizza']",[ True]
"['Michael', 'Coleman', 'likes', 'to', 'eat', 'pizza']",[ True]
"['Charlie', 'Smith', 'likes', 'to', 'eat', 'pizza']",[ True]
"['Ed', 'King', 'likes', 'to', 'eat', 'pizza']",[ True]
"['Jimmy', 'Stewart', 'likes', 'to', 'eat', 'pizza']",[ True]
"['Hugh', 'Walker', 'likes', 'to', 'eat', 'pizza']",[ True]
"['Annie', 'Allen', 'likes', 'to', 'eat', 'pizza']",[ True]
"['Ann', 'Campbell', 'likes', 'to', 'eat', 'pizza']",[ True]
"['Harriet', 'Hughes', 'likes', 'to', 'eat', 'pizza']",[ True]
"['Alexander', 'Henderson', 'likes', 'to', 'eat', 'pizza']",[ True]
"['Wendy', 'King', 'likes', 'to', 'eat', 'pizza']",[ True]
"['Amanda', 'Fisher', 'likes', 'to', 'eat', 'pizza']",[ True]
"['Jimmy', 'Bennett', 'likes', 'to', 'eat', 'pizza']",[ True]
"['Ruth', 'Williams', 'likes', 'to', 'eat', 'pizza']",[ True]
"['Sara', 'Ward', 'likes', 'to', 'eat', 'pizza']",[ True]
"['Tim', 'Reynolds', 'likes', 'to', 'eat', 'pizza']",[ True]
"['Wendy', 'Robinson', 'likes', 'to', 'eat', 'pizza']",[ True]
"['Bill', 'Rogers', 'likes', 'to', 'eat', 'pizza']",[ True]
"['Cynthia', 'Robinson', 'likes', 'to', 'eat', 'pizza']",[ True]
"['Bob', 'Moore', 'likes', 'to', 'eat', 'pizza']",[ True]
"['Robert', 'Hall', 'likes', 'to', 'eat', 'pizza']",[ True]
"['Jerry', 'Rogers', 'likes', 'to', 'eat', 'pizza']",[ True]
"['Ralph', 'Hart', 'likes', 'to', 'eat', 'pizza']",[ True]
"['Anne', 'Morris', 'likes', 'to', 'eat', 'pizza']",[ True]
"['Harriet', 'Evans', 'likes', 'to', 'eat', 'pizza']",[ True]
"['Deborah', 'Hart', 'likes', 'to', 'eat', 'pizza']",[ True]
"['Matthew', 'Bennett', 'likes', 'to', 'eat', 'pizza']",[ True]
"['Bobby', 'Cook', 'likes', 'to', 'eat', 'pizza']",[ True]
"['Richard', 'Rose', 'likes', 'to', 'eat', 'pizza']",[ True]
"['Jimmy', 'Wright', 'likes', 'to', 'eat', 'pizza']",[False]
"['Elaine', 'Foster', 'likes', 'to', 'eat', 'pizza']",[ True]
"['Roger', 'White', 'likes', 'to', 'eat', 'pizza']",[ True]
"['Evelyn', 'Evans', 'likes', 'to', 'eat', 'pizza']",[ True]
"['Jean', 'Watson', 'likes', 'to', 'eat', 'pizza']",[ True]
"['Kenneth', 'Hunter', 'likes', 'to', 'eat', 'pizza']",[ True]
"['Sarah', 'Turner', 'likes', 'to', 'eat', 'pizza']",[ True]
"['Paul', 'Fisher', 'likes', 'to', 'eat', 'pizza']",[ True]
"['Howard', 'Johnson', 'likes', 'to', 'eat', 'pizza']",[ True]
"['Keith', 'Clark', 'likes', 'to', 'eat', 'pizza']",[ True]
"['Joe', 'Baker', 'likes', 'to', 'eat', 'pizza']",[ True]
"['John', 'Ford', 'likes', 'to', 'eat', 'pizza']",[ True]
"['Alice', 'Harrison', 'likes', 'to', 'eat', 'pizza']",[ True]
"['Charles', 'Coleman', 'likes', 'to', 'eat', 'pizza']",[ True]
"['Edward', 'Turner', 'likes', 'to', 'eat', 'pizza']",[ True]
"['Grace', 'Henderson', 'likes', 'to', 'eat', 'pizza']",[ True]
"['Ian', 'Shaw', 'likes', 'to', 'eat', 'pizza']",[ True]
"['Carolyn', 'Adams', 'likes', 'to', 'eat', 'pizza']",[ True]
"['Karen', 'Murray', 'likes', 'to', 'eat', 'pizza']",[ True]
"['Alexandra', 'Foster', 'likes', 'to', 'eat', 'pizza']",[ True]
"['Angela', 'Graham', 'likes', 'to', 'eat', 'pizza']",[ True]
"['Jack', 'Marshall', 'likes', 'to', 'eat', 'pizza']",[ True]
"['Edward', 'Clarke', 'likes', 'to', 'eat', 'pizza']",[ True]
"['Betty', 'Walker', 'likes', 'to', 'eat', 'pizza']",[ True]
"['Dave', 'Wood', 'likes', 'to', 'eat', 'pizza']",[ True]
"['Harry', 'Reed', 'likes', 'to', 'eat', 'pizza']",[ True]
"['Kathy', 'Carter', 'likes', 'to', 'eat', 'pizza']",[ True]
"['Tim', 'Robinson', 'likes', 'to', 'eat', 'pizza']",[ True]
"['Lisa', 'Johnson', 'likes', 'to', 'eat', 'pizza']",[ True]
"['Billy', 'Moore', 'likes', 'to', 'eat', 'pizza']",[ True]
"['Michelle', 'Howard', 'likes', 'to', 'eat', 'pizza']",[ True]
"['Katie', 'Allen', 'likes', 'to', 'eat', 'pizza']",[ True]
"['William', 'Alexander', 'likes', 'to', 'eat', 'pizza']",[ True]
"['Steven', 'Richardson', 'likes', 'to', 'eat', 'pizza']",[ True]
"['Stephanie', 'Wilson', 'likes', 'to', 'eat', 'pizza']",[ True]
"['Chris', 'Marshall', 'likes', 'to', 'eat', 'pizza']",[ True]
"['Jane', 'Shaw', 'likes', 'to', 'eat', 'pizza']",[ True]
"['Kevin', 'Shaw', 'likes', 'to', 'eat', 'pizza']",[ True]
"['Kate', ""O'Brien"", 'likes', 'to', 'eat', 'pizza']",[ True]
"['Andrew', 'Watson', 'likes', 'to', 'eat', 'pizza']",[ True]
"['Frank', 'Ryan', 'likes', 'to', 'eat', 'pizza']",[ True]
"['Andrea', 'Reed', 'likes', 'to', 'eat', 'pizza']",[False]
"['Charles', 'Hamilton', 'likes', 'to', 'eat', 'pizza']",[ True]
"['Andrew', 'Morgan', 'likes', 'to', 'eat', 'pizza']",[ True]
"['Arthur', 'Ryan', 'likes', 'to', 'eat', 'pizza']",[ True]
"['Charlie', 'Gray', 'likes', 'to', 'eat', 'pizza']",[ True]
"['Anthony', 'Stone', 'likes', 'to', 'eat', 'pizza']",[ True]
"['Betty', 'Thomas', 'likes', 'to', 'eat', 'pizza']",[ True]
"['Robert', 'Butler', 'likes', 'to', 'eat', 'pizza']",[ True]
"['Brian', 'Marshall', 'likes', 'to', 'eat', 'pizza']",[ True]
"['Robert', 'Bennett', 'likes', 'to', 'eat', 'pizza']",[ True]
"['Nick', 'Hamilton', 'likes', 'to', 'eat', 'pizza']",[ True]
"['Al', 'Martin', 'likes', 'to', 'eat', 'pizza']",[ True]
"['Joe', 'Walker', 'likes', 'to', 'eat', 'pizza']",[ True]
"['Charlie', 'Turner', 'likes', 'to', 'eat', 'pizza']",[ True]
"['Thomas', 'Kelly', 'likes', 'to', 'eat', 'pizza']",[ True]
"['Jim', 'Martin', 'likes', 'to', 'eat', 'pizza']",[ True]
"['Karen', 'Mitchell', 'likes', 'to', 'eat', 'pizza']",[ True]
"['Sara', 'Adams', 'likes', 'to', 'eat', 'pizza']",[ True]
"['Nick', 'Wright', 'likes', 'to', 'eat', 'pizza']",[False]
"['Caroline', 'Hamilton', 'likes', 'to', 'eat', 'pizza']",[ True]
"['Leslie', 'Nelson', 'likes', 'to', 'eat', 'pizza']",[ True]
"['Adam', 'Smith', 'likes', 'to', 'eat', 'pizza']",[ True]
"['Patricia', 'Collins', 'likes', 'to', 'eat', 'pizza']",[ True]
"['Judith', 'Bennett', 'likes', 'to', 'eat', 'pizza']",[ True]
"['Jane', 'Graham', 'likes', 'to', 'eat', 'pizza']",[ True]
"['Steven', 'Rose', 'likes', 'to', 'eat', 'pizza']",[ True]
"['Kim', 'Nelson', 'likes', 'to', 'eat', 'pizza']",[ True]
"['Betty', 'Wilson', 'likes', 'to', 'eat', 'pizza']",[ True]
"['Jeff', 'Coleman', 'likes', 'to', 'eat', 'pizza']",[ True]
"['Susan', 'Scott', 'likes', 'to', 'eat', 'pizza']",[ True]
"['Jay', 'Thomas', 'likes', 'to', 'eat', 'pizza']",[ True]
"['John', 'Graham', 'likes', 'to', 'eat', 'pizza']",[ True]
"['Frederick', 'Parker', 'likes', 'to', 'eat', 'pizza']",[ True]
"['Lisa', 'Peterson', 'likes', 'to', 'eat', 'pizza']",[ True]
"['Lynn', 'King', 'likes', 'to', 'eat', 'pizza']",[ True]
"['Anne', 'Nelson', 'likes', 'to', 'eat', 'pizza']",[ True]
"['Peter', 'Clark', 'likes', 'to', 'eat', 'pizza']",[ True]
"['Anne', 'Fisher', 'likes', 'to', 'eat', 'pizza']",[ True]
"['Helen', 'Johnson', 'likes', 'to', 'eat', 'pizza']",[ True]
"['Harold', 'Brooks', 'likes', 'to', 'eat', 'pizza']",[ True]
"['Alexander', 'Johnson', 'likes', 'to', 'eat', 'pizza']",[ True]
"['Michael', 'Wright', 'likes', 'to', 'eat', 'pizza']",[ True]
"['Jason', 'Ross', 'likes', 'to', 'eat', 'pizza']",[ True]
"['Kenneth', 'Cook', 'likes', 'to', 'eat', 'pizza']",[ True]
"['Andrew', 'Russell', 'likes', 'to', 'eat', 'pizza']",[ True]
"['Colin', 'Palmer', 'likes', 'to', 'eat', 'pizza']",[ True]
"['Carol', 'Butler', 'likes', 'to', 'eat', 'pizza']",[ True]
"['Diane', 'Marshall', 'likes', 'to', 'eat', 'pizza']",[False]
"['Stephen', 'Jordan', 'likes', 'to', 'eat', 'pizza']",[ True]
"['Adam', 'Graham', 'likes', 'to', 'eat', 'pizza']",[ True]
"['Jack', 'Hamilton', 'likes', 'to', 'eat', 'pizza']",[ True]
"['Greg', ""O'Brien"", 'likes', 'to', 'eat', 'pizza']",[ True]
"['Daniel', 'Anderson', 'likes', 'to', 'eat', 'pizza']",[ True]
"['Karen', 'Morris', 'likes', 'to', 'eat', 'pizza']",[ True]
"['Colin', 'Cook', 'likes', 'to', 'eat', 'pizza']",[ True]
"['Ralph', 'Peterson', 'likes', 'to', 'eat', 'pizza']",[ True]
"['Frances', 'Jordan', 'likes', 'to', 'eat', 'pizza']",[ True]
"['Bobby', 'Watson', 'likes', 'to', 'eat', 'pizza']",[ True]
"['Carol', 'Wright', 'likes', 'to', 'eat', 'pizza']",[ True]
"['Donna', 'Wright', 'likes', 'to', 'eat', 'pizza']",[ True]
"['Judy', 'Hunter', 'likes', 'to', 'eat', 'pizza']",[ True]
"['Jessica', 'Ross', 'likes', 'to', 'eat', 'pizza']",[ True]
"['Florence', 'Murphy', 'likes', 'to', 'eat', 'pizza']",[ True]
"['Ann', 'Adams', 'likes', 'to', 'eat', 'pizza']",[ True]
"['Hugh', 'Gray', 'likes', 'to', 'eat', 'pizza']",[ True]
"['Emily', 'Robinson', 'likes', 'to', 'eat', 'pizza']",[ True]
"['Billy', 'Bailey', 'likes', 'to', 'eat', 'pizza']",[ True]
"['Pamela', 'Kelly', 'likes', 'to', 'eat', 'pizza']",[ True]
"['Amanda', 'Shaw', 'likes', 'to', 'eat', 'pizza']",[ True]
"['Kathleen', 'Bennett', 'likes', 'to', 'eat', 'pizza']",[ True]
"['James', 'Bailey', 'likes', 'to', 'eat', 'pizza']",[ True]
"['Adam', 'Butler', 'likes', 'to', 'eat', 'pizza']",[False]
"['Kevin', 'Phillips', 'likes', 'to', 'eat', 'pizza']",[ True]
"['Lauren', 'Murphy', 'likes', 'to', 'eat', 'pizza']",[ True]
"['Simon', 'Smith', 'likes', 'to', 'eat', 'pizza']",[ True]
"['Harry', 'Wright', 'likes', 'to', 'eat', 'pizza']",[ True]
"['Jerry', 'King', 'likes', 'to', 'eat', 'pizza']",[ True]
"['Judy', 'Miller', 'likes', 'to', 'eat', 'pizza']",[ True]
"['Susan', 'Cook', 'likes', 'to', 'eat', 'pizza']",[ True]
"['George', 'Green', 'likes', 'to', 'eat', 'pizza']",[ True]
"['Evelyn', 'Rogers', 'likes', 'to', 'eat', 'pizza']",[ True]
"['Jane', 'Rogers', 'likes', 'to', 'eat', 'pizza']",[ True]
"['Kim', 'Coleman', 'likes', 'to', 'eat', 'pizza']",[ True]
"['Frances', 'Lewis', 'likes', 'to', 'eat', 'pizza']",[False]
"['Ralph', 'Stevens', 'likes', 'to', 'eat', 'pizza']",[ True]
"['Emma', 'Hill', 'likes', 'to', 'eat', 'pizza']",[ True]
"['Daniel', 'Allen', 'likes', 'to', 'eat', 'pizza']",[ True]
"['Robin', 'Johnson', 'likes', 'to', 'eat', 'pizza']",[ True]
"['Patrick', 'Price', 'likes', 'to', 'eat', 'pizza']",[ True]
"['Jeff', 'Rose', 'likes', 'to', 'eat', 'pizza']",[ True]
"['Bobby', 'Hunter', 'likes', 'to', 'eat', 'pizza']",[ True]
"['Ron', 'Edwards', 'likes', 'to', 'eat', 'pizza']",[ True]
"['Peter', 'Russell', 'likes', 'to', 'eat', 'pizza']",[ True]
"['Rachel', 'Davis', 'likes', 'to', 'eat', 'pizza']",[ True]
"['Carol', 'Graham', 'likes', 'to', 'eat', 'pizza']",[ True]
"['Henry', 'Shaw', 'likes', 'to', 'eat', 'pizza']",[ True]
"['Lynn', 'Scott', 'likes', 'to', 'eat', 'pizza']",[ True]
"['Arthur', 'Fisher', 'likes', 'to', 'eat', 'pizza']",[ True]
"['Amy', 'Perry', 'likes', 'to', 'eat', 'pizza']",[ True]
"['Rebecca', 'Kennedy', 'likes', 'to', 'eat', 'pizza']",[ True]
"['Kelly', 'Thomas', 'likes', 'to', 'eat', 'pizza']",[ True]
"['Sandra', 'Lewis', 'likes', 'to', 'eat', 'pizza']",[ True]
"['Diane', 'Russell', 'likes', 'to', 'eat', 'pizza']",[False]
"['Robert', 'Hamilton', 'likes', 'to', 'eat', 'pizza']",[ True]
"['Joseph', 'Clarke', 'likes', 'to', 'eat', 'pizza']",[ True]
"['George', 'Jordan', 'likes', 'to', 'eat', 'pizza']",[ True]
"['Katie', 'Perry', 'likes', 'to', 'eat', 'pizza']",[ True]
"['Harry', 'Williams', 'likes', 'to', 'eat', 'pizza']",[ True]
"['Jane', 'Richardson', 'likes', 'to', 'eat', 'pizza']",[ True]
"['Ian', 'Gray', 'likes', 'to', 'eat', 'pizza']",[ True]
"['Tom', 'Johnson', 'likes', 'to', 'eat', 'pizza']",[ True]
"['Thomas', 'Green', 'likes', 'to', 'eat', 'pizza']",[ True]
"['Judith', 'Ross', 'likes', 'to', 'eat', 'pizza']",[ True]
"['Heather', 'Wilson', 'likes', 'to', 'eat', 'pizza']",[ True]
"['Victoria', 'Bailey', 'likes', 'to', 'eat', 'pizza']",[ True]
"['Deborah', 'Russell', 'likes', 'to', 'eat', 'pizza']",[ True]
"['Steve', 'Howard', 'likes', 'to', 'eat', 'pizza']",[ True]
"['Amy', 'Palmer', 'likes', 'to', 'eat', 'pizza']",[ True]
"['Samuel', 'Jordan', 'likes', 'to', 'eat', 'pizza']",[ True]
"['Diane', 'Brown', 'likes', 'to', 'eat', 'pizza']",[ True]
"['Roy', 'Brown', 'likes', 'to', 'eat', 'pizza']",[ True]
"['Grace', 'Perry', 'likes', 'to', 'eat', 'pizza']",[ True]
"['Michelle', 'Butler', 'likes', 'to', 'eat', 'pizza']",[ True]
"['Cynthia', 'Reed', 'likes', 'to', 'eat', 'pizza']",[ True]
"['Matthew', 'Young', 'likes', 'to', 'eat', 'pizza']",[ True]
"['Anne', 'Wood', 'likes', 'to', 'eat', 'pizza']",[ True]
"['Cynthia', 'Ryan', 'likes', 'to', 'eat', 'pizza']",[ True]
"['Julia', 'Price', 'likes', 'to', 'eat', 'pizza']",[ True]
"['Matt', 'Crawford', 'likes', 'to', 'eat', 'pizza']",[ True]
"['Harold', 'Ford', 'likes', 'to', 'eat', 'pizza']",[ True]
"['James', 'Johnson', 'likes', 'to', 'eat', 'pizza']",[ True]
"['Elizabeth', 'Watson', 'likes', 'to', 'eat', 'pizza']",[ True]
"['Christopher', 'Carter', 'likes', 'to', 'eat', 'pizza']",[ True]
"['Donald', 'Walker', 'likes', 'to', 'eat', 'pizza']",[ True]
"['Edward', 'James', 'likes', 'to', 'eat', 'pizza']",[ True]
"['Kathryn', 'Brooks', 'likes', 'to', 'eat', 'pizza']",[ True]
"['Don', 'Robertson', 'likes', 'to', 'eat', 'pizza']",[ True]
"['Sally', 'Miller', 'likes', 'to', 'eat', 'pizza']",[ True]
"['Philip', 'Moore', 'likes', 'to', 'eat', 'pizza']",[ True]
"['Ken', 'Coleman', 'likes', 'to', 'eat', 'pizza']",[ True]
"['Martha', 'Hughes', 'likes', 'to', 'eat', 'pizza']",[ True]
"['Linda', 'Graham', 'likes', 'to', 'eat', 'pizza']",[ True]
"['Albert', 'Wilson', 'likes', 'to', 'eat', 'pizza']",[ True]
"['Jerry', 'Hunter', 'likes', 'to', 'eat', 'pizza']",[ True]
"['Marilyn', 'Collins', 'likes', 'to', 'eat', 'pizza']",[ True]
"['Laura', 'Ross', 'likes', 'to', 'eat', 'pizza']",[ True]
"['George', 'Campbell', 'likes', 'to', 'eat', 'pizza']",[ True]
"['Martha', 'Carter', 'likes', 'to', 'eat', 'pizza']",[ True]
"['Victoria', 'Taylor', 'likes', 'to', 'eat', 'pizza']",[ True]
"['Mike', 'Jones', 'likes', 'to', 'eat', 'pizza']",[ True]
"['Simon', 'Campbell', 'likes', 'to', 'eat', 'pizza']",[ True]
"['Patrick', 'Kelly', 'likes', 'to', 'eat', 'pizza']",[ True]
"['Don', 'Phillips', 'likes', 'to', 'eat', 'pizza']",[ True]
"['Stephen', 'Clark', 'likes', 'to', 'eat', 'pizza']",[ True]
"['Eleanor', 'Taylor', 'likes', 'to', 'eat', 'pizza']",[ True]
"['Jane', 'Baker', 'likes', 'to', 'eat', 'pizza']",[ True]
"['Laura', 'Cooper', 'likes', 'to', 'eat', 'pizza']",[ True]
"['Alexandra', 'Clarke', 'likes', 'to', 'eat', 'pizza']",[ True]
"['Ashley', 'Jones', 'likes', 'to', 'eat', 'pizza']",[ True]
"['Jason', 'Perry', 'likes', 'to', 'eat', 'pizza']",[ True]
"['Joseph', 'Kelly', 'likes', 'to', 'eat', 'pizza']",[ True]
"['Dorothy', 'Evans', 'likes', 'to', 'eat', 'pizza']",[ True]
"['Barbara', 'Johnson', 'likes', 'to', 'eat', 'pizza']",[ True]
"['Fiona', 'Baker', 'likes', 'to', 'eat', 'pizza']",[ True]
"['Harriet', 'Cohen', 'likes', 'to', 'eat', 'pizza']",[ True]
"['Mark', 'Foster', 'likes', 'to', 'eat', 'pizza']",[ True]
"['Hugh', 'Kennedy', 'likes', 'to', 'eat', 'pizza']",[ True]
"['Julia', 'Anderson', 'likes', 'to', 'eat', 'pizza']",[ True]
"['Julia', 'King', 'likes', 'to', 'eat', 'pizza']",[ True]
"['Ashley', 'Murray', 'likes', 'to', 'eat', 'pizza']",[ True]
"['Leslie', 'Shaw', 'likes', 'to', 'eat', 'pizza']",[ True]
"['Rachel', 'Henderson', 'likes', 'to', 'eat', 'pizza']",[ True]
"['Eric', 'Marshall', 'likes', 'to', 'eat', 'pizza']",[ True]
"['Edith', 'Gray', 'likes', 'to', 'eat', 'pizza']",[ True]
"['Frederick', 'Baker', 'likes', 'to', 'eat', 'pizza']",[ True]
"['Catherine', 'Hunter', 'likes', 'to', 'eat', 'pizza']",[ True]
"['Alice', 'Clark', 'likes', 'to', 'eat', 'pizza']",[ True]
"['Louise', 'Wright', 'likes', 'to', 'eat', 'pizza']",[False]
"['Ralph', 'Butler', 'likes', 'to', 'eat', 'pizza']",[ True]
"['Marie', 'Wright', 'likes', 'to', 'eat', 'pizza']",[ True]
"['Kelly', 'Jones', 'likes', 'to', 'eat', 'pizza']",[ True]
"['Katie', 'Richardson', 'likes', 'to', 'eat', 'pizza']",[ True]
"['Laura', 'Rogers', 'likes', 'to', 'eat', 'pizza']",[ True]
"['Carolyn', 'Walker', 'likes', 'to', 'eat', 'pizza']",[ True]
"['Frank', 'Stevens', 'likes', 'to', 'eat', 'pizza']",[ True]
"['Alexander', 'Edwards', 'likes', 'to', 'eat', 'pizza']",[ True]
"['Ken', 'Russell', 'likes', 'to', 'eat', 'pizza']",[ True]
"['Thomas', 'Bailey', 'likes', 'to', 'eat', 'pizza']",[ True]
"['Michael', 'Martin', 'likes', 'to', 'eat', 'pizza']",[ True]
"['Jessica', 'Watson', 'likes', 'to', 'eat', 'pizza']",[ True]
"['Harold', 'Jones', 'likes', 'to', 'eat', 'pizza']",[ True]
"['Harry', 'Nelson', 'likes', 'to', 'eat', 'pizza']",[ True]
"['Johnny', 'Jones', 'likes', 'to', 'eat', 'pizza']",[ True]
"['Bobby', 'Morris', 'likes', 'to', 'eat', 'pizza']",[ True]
"['Frederick', 'Brooks', 'likes', 'to', 'eat', 'pizza']",[ True]
"['Steven', 'Palmer', 'likes', 'to', 'eat', 'pizza']",[ True]
"['Sara', 'Bailey', 'likes', 'to', 'eat', 'pizza']",[ True]
"['Al', 'Morris', 'likes', 'to', 'eat', 'pizza']",[ True]
"['Eric', 'Murphy', 'likes', 'to', 'eat', 'pizza']",[ True]
"['Kelly', 'Rose', 'likes', 'to', 'eat', 'pizza']",[ True]
"['Suzanne', 'Fisher', 'likes', 'to', 'eat', 'pizza']",[ True]
"['Sandra', 'Lewis', 'likes', 'to', 'eat', 'pizza']",[ True]
"['Christine', 'Mitchell', 'likes', 'to', 'eat', 'pizza']",[ True]
"['Frances', 'Reed', 'likes', 'to', 'eat', 'pizza']",[ True]
"['Henry', 'Robinson', 'likes', 'to', 'eat', 'pizza']",[ True]
"['Ron', 'Hill', 'likes', 'to', 'eat', 'pizza']",[ True]
"['Thomas', 'Fisher', 'likes', 'to', 'eat', 'pizza']",[ True]
"['Diane', 'Morris', 'likes', 'to', 'eat', 'pizza']",[False]
"['Bobby', 'Hill', 'likes', 'to', 'eat', 'pizza']",[ True]
"['Bobby', 'Martin', 'likes', 'to', 'eat', 'pizza']",[ True]
"['Harriet', 'Stewart', 'likes', 'to', 'eat', 'pizza']",[ True]
"['Al', 'Martin', 'likes', 'to', 'eat', 'pizza']",[ True]
"['Charlie', 'Harrison', 'likes', 'to', 'eat', 'pizza']",[ True]
"['Margaret', 'Johnson', 'likes', 'to', 'eat', 'pizza']",[ True]
"['Roger', 'Reynolds', 'likes', 'to', 'eat', 'pizza']",[ True]
"['Stephen', 'Collins', 'likes', 'to', 'eat', 'pizza']",[ True]
"['Marilyn', 'Campbell', 'likes', 'to', 'eat', 'pizza']",[False]
"['Martha', 'Butler', 'likes', 'to', 'eat', 'pizza']",[ True]
"['Eric', 'Turner', 'likes', 'to', 'eat', 'pizza']",[ True]
"['Howard', 'Kennedy', 'likes', 'to', 'eat', 'pizza']",[ True]
"['Michelle', ""O'Brien"", 'likes', 'to', 'eat', 'pizza']",[ True]
"['Tim', 'Edwards', 'likes', 'to', 'eat', 'pizza']",[ True]
"['Deborah', 'Bennett', 'likes', 'to', 'eat', 'pizza']",[ True]
"['Jean', 'Bennett', 'likes', 'to', 'eat', 'pizza']",[ True]
"['George', 'Cooper', 'likes', 'to', 'eat', 'pizza']",[ True]
"['Bruce', 'Nelson', 'likes', 'to', 'eat', 'pizza']",[ True]
"['Alison', 'Alexander', 'likes', 'to', 'eat', 'pizza']",[ True]
"['Sophie', 'Hall', 'likes', 'to', 'eat', 'pizza']",[ True]
"['Paul', 'King', 'likes', 'to', 'eat', 'pizza']",[ True]
"['Walter', 'Ryan', 'likes', 'to', 'eat', 'pizza']",[ True]
"['Lauren', 'Rose', 'likes', 'to', 'eat', 'pizza']",[ True]
"['Jay', 'Alexander', 'likes', 'to', 'eat', 'pizza']",[ True]
"['Ashley', 'Morgan', 'likes', 'to', 'eat', 'pizza']",[ True]
"['Hugh', 'Palmer', 'likes', 'to', 'eat', 'pizza']",[ True]
"['Samuel', 'Rogers', 'likes', 'to', 'eat', 'pizza']",[ True]
"['Marie', 'Ward', 'likes', 'to', 'eat', 'pizza']",[ True]
"['Ashley', 'Kennedy', 'likes', 'to', 'eat', 'pizza']",[ True]
"['Martin', 'Lewis', 'likes', 'to', 'eat', 'pizza']",[ True]
"['Ian', 'Johnson', 'likes', 'to', 'eat', 'pizza']",[ True]
"['Jane', 'Smith', 'likes', 'to', 'eat', 'pizza']",[ True]
"['Grace', 'Wilson', 'likes', 'to', 'eat', 'pizza']",[ True]
"['Kate', 'Evans', 'likes', 'to', 'eat', 'pizza']",[ True]
"['Samuel', 'Johnson', 'likes', 'to', 'eat', 'pizza']",[ True]
"['Andrew', 'Stevens', 'likes', 'to', 'eat', 'pizza']",[ True]
"['Bobby', 'James', 'likes', 'to', 'eat', 'pizza']",[ True]
"['Ben', 'Ross', 'likes', 'to', 'eat', 'pizza']",[ True]
"['Amy', 'Murray', 'likes', 'to', 'eat', 'pizza']",[ True]
"['Matt', 'Hill', 'likes', 'to', 'eat', 'pizza']",[ True]
"['Jerry', 'Robertson', 'likes', 'to', 'eat', 'pizza']",[ True]
"['Heather', 'Bailey', 'likes', 'to', 'eat', 'pizza']",[ True]
"['Francis', 'Green', 'likes', 'to', 'eat', 'pizza']",[ True]
"['Emma', 'Cook', 'likes', 'to', 'eat', 'pizza']",[ True]
"['Nicole', 'White', 'likes', 'to', 'eat', 'pizza']",[False]
"['Nancy', 'Taylor', 'likes', 'to', 'eat', 'pizza']",[ True]
"['Grace', 'Carter', 'likes', 'to', 'eat', 'pizza']",[ True]
"['Amy', 'Edwards', 'likes', 'to', 'eat', 'pizza']",[ True]
"['Susan', 'Cooper', 'likes', 'to', 'eat', 'pizza']",[ True]
"['Dan', 'Morris', 'likes', 'to', 'eat', 'pizza']",[ True]
"['Ruth', 'Stevens', 'likes', 'to', 'eat', 'pizza']",[ True]
"['Judy', 'Hamilton', 'likes', 'to', 'eat', 'pizza']",[ True]
"['Ken', 'Graham', 'likes', 'to', 'eat', 'pizza']",[ True]
"['Amy', 'Henderson', 'likes', 'to', 'eat', 'pizza']",[ True]
"['Jean', 'Peterson', 'likes', 'to', 'eat', 'pizza']",[ True]
"['George', 'Carter', 'likes', 'to', 'eat', 'pizza']",[ True]
"['Dan', 'Ward', 'likes', 'to', 'eat', 'pizza']",[ True]
"['Kenneth', 'Stevens', 'likes', 'to', 'eat', 'pizza']",[ True]
"['Robin', 'Thomas', 'likes', 'to', 'eat', 'pizza']",[ True]
"['Betty', 'Bell', 'likes', 'to', 'eat', 'pizza']",[ True]
"['Harriet', 'Thompson', 'likes', 'to', 'eat', 'pizza']",[ True]
"['Philip', 'Morgan', 'likes', 'to', 'eat', 'pizza']",[ True]
"['Jerry', 'Scott', 'likes', 'to', 'eat', 'pizza']",[ True]
"['Frank', 'Howard', 'likes', 'to', 'eat', 'pizza']",[ True]
"['Patricia', 'Murphy', 'likes', 'to', 'eat', 'pizza']",[ True]
"['Ben', 'Mitchell', 'likes', 'to', 'eat', 'pizza']",[ True]
"['David', 'Robinson', 'likes', 'to', 'eat', 'pizza']",[ True]
"['Samuel', 'Cohen', 'likes', 'to', 'eat', 'pizza']",[ True]
"['Ian', 'Morris', 'likes', 'to', 'eat', 'pizza']",[ True]
"['Betty', 'Marshall', 'likes', 'to', 'eat', 'pizza']",[ True]
"['Emily', 'Howard', 'likes', 'to', 'eat', 'pizza']",[ True]
"['Tony', 'Scott', 'likes', 'to', 'eat', 'pizza']",[ True]
"['Louise', 'Carter', 'likes', 'to', 'eat', 'pizza']",[ True]
"['Katherine', ""O'Brien"", 'likes', 'to', 'eat', 'pizza']",[ True]
"['Larry', 'Allen', 'likes', 'to', 'eat', 'pizza']",[ True]
"['Ed', 'Evans', 'likes', 'to', 'eat', 'pizza']",[ True]
"['Thomas', 'Collins', 'likes', 'to', 'eat', 'pizza']",[ True]
"['Anna', 'Crawford', 'likes', 'to', 'eat', 'pizza']",[ True]
"['Ruth', 'Young', 'likes', 'to', 'eat', 'pizza']",[ True]
"['Rachel', 'Miller', 'likes', 'to', 'eat', 'pizza']",[ True]
"['Adam', 'Murray', 'likes', 'to', 'eat', 'pizza']",[ True]
"['James', 'Mason', 'likes', 'to', 'eat', 'pizza']",[ True]
"['Charlotte', 'Brooks', 'likes', 'to', 'eat', 'pizza']",[ True]
"['Nancy', 'Edwards', 'likes', 'to', 'eat', 'pizza']",[ True]
"['Michael', 'Murray', 'likes', 'to', 'eat', 'pizza']",[ True]
"['Lauren', 'Reynolds', 'likes', 'to', 'eat', 'pizza']",[ True]
"['Charlotte', 'Ross', 'likes', 'to', 'eat', 'pizza']",[ True]
"['Kevin', 'Moore', 'likes', 'to', 'eat', 'pizza']",[ True]
"['Anne', 'Brown', 'likes', 'to', 'eat', 'pizza']",[ True]
"['Jack', 'Nelson', 'likes', 'to', 'eat', 'pizza']",[ True]
"['Kenneth', 'Jones', 'likes', 'to', 'eat', 'pizza']",[ True]
"['Bill', 'Russell', 'likes', 'to', 'eat', 'pizza']",[ True]
"['Alan', 'Coleman', 'likes', 'to', 'eat', 'pizza']",[ True]
"['Sue', 'Hill', 'likes', 'to', 'eat', 'pizza']",[ True]
"['Joan', 'Reed', 'likes', 'to', 'eat', 'pizza']",[ True]
"['Alex', 'Jones', 'likes', 'to', 'eat', 'pizza']",[ True]
"['Betty', 'Martin', 'likes', 'to', 'eat', 'pizza']",[ True]
"['Julia', 'Hamilton', 'likes', 'to', 'eat', 'pizza']",[ True]
"['Jessica', 'White', 'likes', 'to', 'eat', 'pizza']",[ True]
"['Ryan', 'Hamilton', 'likes', 'to', 'eat', 'pizza']",[ True]
"['Diane', 'Morris', 'likes', 'to', 'eat', 'pizza']",[False]
"['Virginia', 'Baker', 'likes', 'to', 'eat', 'pizza']",[ True]
"['Katherine', 'Brooks', 'likes', 'to', 'eat', 'pizza']",[ True]
"['Ryan', 'Russell', 'likes', 'to', 'eat', 'pizza']",[ True]
"['Greg', 'Hamilton', 'likes', 'to', 'eat', 'pizza']",[ True]
"['Kathryn', 'Walker', 'likes', 'to', 'eat', 'pizza']",[ True]
"['Jessica', 'Crawford', 'likes', 'to', 'eat', 'pizza']",[ True]
"['Ian', 'Allen', 'likes', 'to', 'eat', 'pizza']",[ True]
"['Claire', 'Carter', 'likes', 'to', 'eat', 'pizza']",[ True]
"['Louis', 'Williams', 'likes', 'to', 'eat', 'pizza']",[ True]
"['Sharon', 'Williams', 'likes', 'to', 'eat', 'pizza']",[ True]
"['Francis', 'Stewart', 'likes', 'to', 'eat', 'pizza']",[ True]
"['Fiona', 'Coleman', 'likes', 'to', 'eat', 'pizza']",[ True]
"['Pamela', 'Henderson', 'likes', 'to', 'eat', 'pizza']",[ True]
"['Katherine', 'Collins', 'likes', 'to', 'eat', 'pizza']",[ True]
"['Jeff', 'Foster', 'likes', 'to', 'eat', 'pizza']",[ True]
"['Jerry', 'Kelly', 'likes', 'to', 'eat', 'pizza']",[ True]
"['Diane', 'Cooper', 'likes', 'to', 'eat', 'pizza']",[ True]
"['Barbara', 'Wood', 'likes', 'to', 'eat', 'pizza']",[ True]
"['Michelle', 'Alexander', 'likes', 'to', 'eat', 'pizza']",[ True]
"['Adam', 'Kelly', 'likes', 'to', 'eat', 'pizza']",[ True]
"['Victoria', 'Hamilton', 'likes', 'to', 'eat', 'pizza']",[ True]
"['Joseph', 'Gordon', 'likes', 'to', 'eat', 'pizza']",[ True]
"['Ellen', 'Reynolds', 'likes', 'to', 'eat', 'pizza']",[ True]
"['Daniel', 'Taylor', 'likes', 'to', 'eat', 'pizza']",[ True]
"['Harold', 'Hall', 'likes', 'to', 'eat', 'pizza']",[ True]
"['Anna', 'Allen', 'likes', 'to', 'eat', 'pizza']",[ True]
"['Dan', 'Fisher', 'likes', 'to', 'eat', 'pizza']",[ True]
"['Angela', 'Reynolds', 'likes', 'to', 'eat', 'pizza']",[ True]
"['Victoria', 'Wood', 'likes', 'to', 'eat', 'pizza']",[ True]
"['Melissa', 'Turner', 'likes', 'to', 'eat', 'pizza']",[ True]
"['Lawrence', 'Wilson', 'likes', 'to', 'eat', 'pizza']",[ True]
"['Hugh', 'Watson', 'likes', 'to', 'eat', 'pizza']",[ True]
"['Elaine', 'Harrison', 'likes', 'to', 'eat', 'pizza']",[ True]
"['Francis', 'Russell', 'likes', 'to', 'eat', 'pizza']",[ True]
"['Grace', 'Clarke', 'likes', 'to', 'eat', 'pizza']",[ True]
"['Stephen', 'Hall', 'likes', 'to', 'eat', 'pizza']",[ True]
"['Jay', 'Ford', 'likes', 'to', 'eat', 'pizza']",[ True]
"['Harold', 'Harris', 'likes', 'to', 'eat', 'pizza']",[ True]
"['Jean', 'Collins', 'likes', 'to', 'eat', 'pizza']",[ True]
"['Michael', 'Gordon', 'likes', 'to', 'eat', 'pizza']",[ True]
"['Frank', 'Davis', 'likes', 'to', 'eat', 'pizza']",[ True]
"['Greg', 'Richardson', 'likes', 'to', 'eat', 'pizza']",[ True]
"['Melissa', 'Howard', 'likes', 'to', 'eat', 'pizza']",[ True]
"['Adam', 'Davies', 'likes', 'to', 'eat', 'pizza']",[ True]
"['Kelly', 'Morgan', 'likes', 'to', 'eat', 'pizza']",[ True]
"['Anthony', 'Palmer', 'likes', 'to', 'eat', 'pizza']",[ True]
"['Johnny', 'Mitchell', 'likes', 'to', 'eat', 'pizza']",[ True]
"['Andrea', 'Rogers', 'likes', 'to', 'eat', 'pizza']",[False]
"['Christopher', 'Nelson', 'likes', 'to', 'eat', 'pizza']",[ True]
"['Greg', 'Graham', 'likes', 'to', 'eat', 'pizza']",[ True]
"['Evelyn', 'Bell', 'likes', 'to', 'eat', 'pizza']",[ True]
"['Lynn', 'Wilson', 'likes', 'to', 'eat', 'pizza']",[ True]
"['Johnny', 'Davies', 'likes', 'to', 'eat', 'pizza']",[ True]
"['George', 'Collins', 'likes', 'to', 'eat', 'pizza']",[ True]
"['Jason', 'Ryan', 'likes', 'to', 'eat', 'pizza']",[ True]
"['Roy', 'Robinson', 'likes', 'to', 'eat', 'pizza']",[ True]
"['Simon', ""O'Brien"", 'likes', 'to', 'eat', 'pizza']",[ True]
"['Ryan', 'Ross', 'likes', 'to', 'eat', 'pizza']",[ True]
"['Tony', 'Evans', 'likes', 'to', 'eat', 'pizza']",[ True]
"['Susan', 'Smith', 'likes', 'to', 'eat', 'pizza']",[ True]
"['Virginia', 'Clark', 'likes', 'to', 'eat', 'pizza']",[ True]
"['Edwin', 'Robinson', 'likes', 'to', 'eat', 'pizza']",[ True]
"['Benjamin', 'Martin', 'likes', 'to', 'eat', 'pizza']",[False]
"['Peter', 'Martin', 'likes', 'to', 'eat', 'pizza']",[ True]
"['Deborah', 'Wilson', 'likes', 'to', 'eat', 'pizza']",[ True]
"['Kathleen', 'Morgan', 'likes', 'to', 'eat', 'pizza']",[ True]
"['Margaret', 'Scott', 'likes', 'to', 'eat', 'pizza']",[ True]
"['Grace', 'Murray', 'likes', 'to', 'eat', 'pizza']",[ True]
"['Alexander', 'Hamilton', 'likes', 'to', 'eat', 'pizza']",[ True]
"['Eric', 'Stewart', 'likes', 'to', 'eat', 'pizza']",[ True]
"['Ray', 'Rose', 'likes', 'to', 'eat', 'pizza']",[False]
"['Pamela', 'Butler', 'likes', 'to', 'eat', 'pizza']",[ True]
"['Jack', 'Lewis', 'likes', 'to', 'eat', 'pizza']",[False]
"['Matt', 'Moore', 'likes', 'to', 'eat', 'pizza']",[ True]
"['Julie', 'Sullivan', 'likes', 'to', 'eat', 'pizza']",[ True]
"['Marie', 'Butler', 'likes', 'to', 'eat', 'pizza']",[ True]
"['Donna', 'Henderson', 'likes', 'to', 'eat', 'pizza']",[ True]
"['Sandra', 'Ford', 'likes', 'to', 'eat', 'pizza']",[ True]
"['Dan', 'Hughes', 'likes', 'to', 'eat', 'pizza']",[ True]
"['Edith', 'Alexander', 'likes', 'to', 'eat', 'pizza']",[ True]
"['Bruce', 'Young', 'likes', 'to', 'eat', 'pizza']",[ True]
"['Elaine', 'Hall', 'likes', 'to', 'eat', 'pizza']",[ True]
"['Thomas', 'Williams', 'likes', 'to', 'eat', 'pizza']",[ True]
"['Johnny', 'Hall', 'likes', 'to', 'eat', 'pizza']",[ True]
"['Fred', 'Harris', 'likes', 'to', 'eat', 'pizza']",[ True]
"['Deborah', 'Brown', 'likes', 'to', 'eat', 'pizza']",[ True]
"['Harry', 'Taylor', 'likes', 'to', 'eat', 'pizza']",[ True]
"['Nancy', 'Robertson', 'likes', 'to', 'eat', 'pizza']",[ True]
"['Ed', 'Foster', 'likes', 'to', 'eat', 'pizza']",[ True]
"['Jane', 'Morris', 'likes', 'to', 'eat', 'pizza']",[ True]
"['Harriet', 'Martin', 'likes', 'to', 'eat', 'pizza']",[ True]
"['Jean', 'Bailey', 'likes', 'to', 'eat', 'pizza']",[ True]
"['Lawrence', 'Allen', 'likes', 'to', 'eat', 'pizza']",[ True]
"['Michael', 'Gordon', 'likes', 'to', 'eat', 'pizza']",[ True]
"['Lynn', 'Kelly', 'likes', 'to', 'eat', 'pizza']",[ True]
"['Wendy', 'Murray', 'likes', 'to', 'eat', 'pizza']",[ True]
"['Ben', 'Carter', 'likes', 'to', 'eat', 'pizza']",[ True]
"['Michael', 'Ross', 'likes', 'to', 'eat', 'pizza']",[ True]
"['Margaret', 'Kelly', 'likes', 'to', 'eat', 'pizza']",[ True]
"['Jerry', 'Henderson', 'likes', 'to', 'eat', 'pizza']",[ True]
"['Andrew', 'Morris', 'likes', 'to', 'eat', 'pizza']",[ True]
"['Jay', 'Clarke', 'likes', 'to', 'eat', 'pizza']",[ True]
"['Matt', 'Mitchell', 'likes', 'to', 'eat', 'pizza']",[ True]
"['Anthony', 'Cook', 'likes', 'to', 'eat', 'pizza']",[ True]
"['Jay', 'Allen', 'likes', 'to', 'eat', 'pizza']",[ True]
"['Victoria', 'Martin', 'likes', 'to', 'eat', 'pizza']",[ True]
"['Simon', 'Ross', 'likes', 'to', 'eat', 'pizza']",[ True]
"['Susan', 'Ryan', 'likes', 'to', 'eat', 'pizza']",[ True]
"['Simon', 'Bailey', 'likes', 'to', 'eat', 'pizza']",[ True]
"['Pamela', 'Kelly', 'likes', 'to', 'eat', 'pizza']",[ True]
"['Laura', 'Cook', 'likes', 'to', 'eat', 'pizza']",[ True]
"['Alan', 'Mason', 'likes', 'to', 'eat', 'pizza']",[ True]
"['Alison', 'Jordan', 'likes', 'to', 'eat', 'pizza']",[ True]
"['Jack', 'Mason', 'likes', 'to', 'eat', 'pizza']",[ True]
"['Jason', 'Ross', 'likes', 'to', 'eat', 'pizza']",[ True]
"['Heather', 'Young', 'likes', 'to', 'eat', 'pizza']",[ True]
"['Tom', 'Evans', 'likes', 'to', 'eat', 'pizza']",[ True]
"['Jack', 'Ford', 'likes', 'to', 'eat', 'pizza']",[ True]
"['Daniel', 'Morgan', 'likes', 'to', 'eat', 'pizza']",[ True]
"['Sue', 'Cooper', 'likes', 'to', 'eat', 'pizza']",[ True]
"['Margaret', 'Harrison', 'likes', 'to', 'eat', 'pizza']",[ True]
"['Howard', 'Green', 'likes', 'to', 'eat', 'pizza']",[ True]
"['Martha', 'Mitchell', 'likes', 'to', 'eat', 'pizza']",[ True]
"['Matthew', 'Hall', 'likes', 'to', 'eat', 'pizza']",[ True]
"['Lauren', 'Russell', 'likes', 'to', 'eat', 'pizza']",[False]
"['Sally', 'Reed', 'likes', 'to', 'eat', 'pizza']",[ True]
"['Ralph', 'Price', 'likes', 'to', 'eat', 'pizza']",[ True]
"['Matthew', 'Jackson', 'likes', 'to', 'eat', 'pizza']",[ True]
"['Louise', 'Gray', 'likes', 'to', 'eat', 'pizza']",[ True]
"['Tony', 'Hamilton', 'likes', 'to', 'eat', 'pizza']",[ True]
"['Steve', 'Nelson', 'likes', 'to', 'eat', 'pizza']",[ True]
"['Francis', 'Hill', 'likes', 'to', 'eat', 'pizza']",[ True]
"['Fred', 'Price', 'likes', 'to', 'eat', 'pizza']",[ True]
"['Marie', 'Rose', 'likes', 'to', 'eat', 'pizza']",[ True]
"['Peter', 'Evans', 'likes', 'to', 'eat', 'pizza']",[ True]
"['Laura', 'Kennedy', 'likes', 'to', 'eat', 'pizza']",[ True]
"['Joseph', 'Rose', 'likes', 'to', 'eat', 'pizza']",[ True]
"['Mary', 'Bennett', 'likes', 'to', 'eat', 'pizza']",[ True]
"['Jack', 'Hall', 'likes', 'to', 'eat', 'pizza']",[ True]
"['Lynn', 'Murray', 'likes', 'to', 'eat', 'pizza']",[ True]
"['Matthew', 'Turner', 'likes', 'to', 'eat', 'pizza']",[ True]
"['Anne', 'Baker', 'likes', 'to', 'eat', 'pizza']",[ True]
"['Amy', 'Thomas', 'likes', 'to', 'eat', 'pizza']",[ True]
"['Kate', 'Martin', 'likes', 'to', 'eat', 'pizza']",[ True]
"['Chris', 'Carter', 'likes', 'to', 'eat', 'pizza']",[ True]
"['Marie', 'James', 'likes', 'to', 'eat', 'pizza']",[ True]
"['Kathleen', 'Miller', 'likes', 'to', 'eat', 'pizza']",[ True]
"['Simon', 'Robinson', 'likes', 'to', 'eat', 'pizza']",[ True]
"['Nicole', 'Kennedy', 'likes', 'to', 'eat', 'pizza']",[False]
"['Kate', 'Parker', 'likes', 'to', 'eat', 'pizza']",[ True]
"['Emma', 'Stewart', 'likes', 'to', 'eat', 'pizza']",[ True]
"['George', 'Murphy', 'likes', 'to', 'eat', 'pizza']",[ True]
"['Katie', 'Baker', 'likes', 'to', 'eat', 'pizza']",[ True]
"['Janet', 'Ward', 'likes', 'to', 'eat', 'pizza']",[ True]
"['Sharon', 'Hunter', 'likes', 'to', 'eat', 'pizza']",[ True]
"['Andrea', 'Henderson', 'likes', 'to', 'eat', 'pizza']",[False]
"['Edwin', 'Graham', 'likes', 'to', 'eat', 'pizza']",[ True]
"['Keith', 'Robinson', 'likes', 'to', 'eat', 'pizza']",[ True]
"['Lucy', 'Palmer', 'likes', 'to', 'eat', 'pizza']",[ True]
"['Francis', 'Miller', 'likes', 'to', 'eat', 'pizza']",[ True]
"['Martha', 'Cohen', 'likes', 'to', 'eat', 'pizza']",[ True]
"['Kathy', 'Williams', 'likes', 'to', 'eat', 'pizza']",[ True]
"['Ruth', 'Richardson', 'likes', 'to', 'eat', 'pizza']",[ True]
"['Carl', 'Brooks', 'likes', 'to', 'eat', 'pizza']",[ True]
"['Philip', 'Fisher', 'likes', 'to', 'eat', 'pizza']",[ True]
"['Anne', 'Adams', 'likes', 'to', 'eat', 'pizza']",[ True]
"['Louis', 'Wright', 'likes', 'to', 'eat', 'pizza']",[ True]
"['Ruth', 'Henderson', 'likes', 'to', 'eat', 'pizza']",[ True]
"['Brian', 'Mitchell', 'likes', 'to', 'eat', 'pizza']",[ True]
"['Bob', 'Stone', 'likes', 'to', 'eat', 'pizza']",[ True]
"['Ian', 'Davis', 'likes', 'to', 'eat', 'pizza']",[False]
"['Jimmy', 'Hall', 'likes', 'to', 'eat', 'pizza']",[ True]
"['John', 'Shaw', 'likes', 'to', 'eat', 'pizza']",[ True]
"['John', 'Phillips', 'likes', 'to', 'eat', 'pizza']",[ True]
"['Colin', 'Roberts', 'likes', 'to', 'eat', 'pizza']",[ True]
"['Jean', ""O'Brien"", 'likes', 'to', 'eat', 'pizza']",[ True]
"['Diane', 'Reynolds', 'likes', 'to', 'eat', 'pizza']",[ True]
"['Emily', 'Hughes', 'likes', 'to', 'eat', 'pizza']",[ True]
"['Ashley', 'Clarke', 'likes', 'to', 'eat', 'pizza']",[ True]
"['Don', 'Rose', 'likes', 'to', 'eat', 'pizza']",[ True]
"['Daniel', 'Miller', 'likes', 'to', 'eat', 'pizza']",[False]
"['Rachel', 'Kennedy', 'likes', 'to', 'eat', 'pizza']",[ True]
"['Andrea', 'Kelly', 'likes', 'to', 'eat', 'pizza']",[False]
"['Steven', 'Brooks', 'likes', 'to', 'eat', 'pizza']",[ True]
"['Cynthia', 'Bell', 'likes', 'to', 'eat', 'pizza']",[ True]
"['Suzanne', 'Jones', 'likes', 'to', 'eat', 'pizza']",[ True]
"['Andrea', 'Shaw', 'likes', 'to', 'eat', 'pizza']",[False]
"['Wendy', 'Ward', 'likes', 'to', 'eat', 'pizza']",[ True]
"['Sophie', 'Ryan', 'likes', 'to', 'eat', 'pizza']",[ True]
"['Jane', 'Wilson', 'likes', 'to', 'eat', 'pizza']",[ True]
"['Kelly', 'Hamilton', 'likes', 'to', 'eat', 'pizza']",[ True]
"['Carolyn', 'Gray', 'likes', 'to', 'eat', 'pizza']",[ True]
"['Simon', 'Shaw', 'likes', 'to', 'eat', 'pizza']",[ True]
"['Kevin', 'Wood', 'likes', 'to', 'eat', 'pizza']",[ True]
"['Stephanie', 'Foster', 'likes', 'to', 'eat', 'pizza']",[ True]
"['Brian', 'Hart', 'likes', 'to', 'eat', 'pizza']",[ True]
"['Henry', 'Young', 'likes', 'to', 'eat', 'pizza']",[ True]
"['Amy', 'Cooper', 'likes', 'to', 'eat', 'pizza']",[ True]
"['Evelyn', 'Watson', 'likes', 'to', 'eat', 'pizza']",[ True]
"['Christine', 'Price', 'likes', 'to', 'eat', 'pizza']",[ True]
"['Colin', 'Phillips', 'likes', 'to', 'eat', 'pizza']",[ True]
"['Edith', 'Brooks', 'likes', 'to', 'eat', 'pizza']",[ True]
"['Suzanne', 'Miller', 'likes', 'to', 'eat', 'pizza']",[ True]
"['David', 'Davies', 'likes', 'to', 'eat', 'pizza']",[ True]
"['Harold', 'Thompson', 'likes', 'to', 'eat', 'pizza']",[ True]
"['Hugh', 'Mason', 'likes', 'to', 'eat', 'pizza']",[ True]
"['Nancy', 'Cook', 'likes', 'to', 'eat', 'pizza']",[ True]
"['Chris', 'Davis', 'likes', 'to', 'eat', 'pizza']",[ True]
"['Michelle', 'Wright', 'likes', 'to', 'eat', 'pizza']",[ True]
"['Matthew', 'Watson', 'likes', 'to', 'eat', 'pizza']",[ True]
"['Joseph', 'Wood', 'likes', 'to', 'eat', 'pizza']",[ True]
"['Marie', 'Thompson', 'likes', 'to', 'eat', 'pizza']",[ True]
"['Evelyn', 'White', 'likes', 'to', 'eat', 'pizza']",[ True]
"['Mary', 'Murray', 'likes', 'to', 'eat', 'pizza']",[ True]
"['Kim', 'Shaw', 'likes', 'to', 'eat', 'pizza']",[ True]
"['Jerry', 'Gray', 'likes', 'to', 'eat', 'pizza']",[ True]
"['Robin', 'Reynolds', 'likes', 'to', 'eat', 'pizza']",[ True]
"['Christine', 'Robertson', 'likes', 'to', 'eat', 'pizza']",[ True]
"['Laura', 'Moore', 'likes', 'to', 'eat', 'pizza']",[ True]
"['Frank', 'Hall', 'likes', 'to', 'eat', 'pizza']",[ True]
"['Lawrence', 'Harrison', 'likes', 'to', 'eat', 'pizza']",[ True]
"['Nancy', 'Turner', 'likes', 'to', 'eat', 'pizza']",[ True]
"['Andrew', 'Roberts', 'likes', 'to', 'eat', 'pizza']",[ True]
"['Alfred', 'Clark', 'likes', 'to', 'eat', 'pizza']",[ True]
"['Diana', 'Wood', 'likes', 'to', 'eat', 'pizza']",[ True]
"['Patricia', 'Baker', 'likes', 'to', 'eat', 'pizza']",[ True]
"['Lisa', 'Mitchell', 'likes', 'to', 'eat', 'pizza']",[ True]
"['Ed', 'Bailey', 'likes', 'to', 'eat', 'pizza']",[ True]
"['Robert', 'Rogers', 'likes', 'to', 'eat', 'pizza']",[ True]
"['Helen', 'Bailey', 'likes', 'to', 'eat', 'pizza']",[ True]
"['Robert', 'Robertson', 'likes', 'to', 'eat', 'pizza']",[ True]
"['Margaret', 'Smith', 'likes', 'to', 'eat', 'pizza']",[ True]
"['Pamela', 'Walker', 'likes', 'to', 'eat', 'pizza']",[ True]
"['Jimmy', 'Stone', 'likes', 'to', 'eat', 'pizza']",[ True]
"['Betty', 'Williams', 'likes', 'to', 'eat', 'pizza']",[ True]
"['Patricia', 'Crawford', 'likes', 'to', 'eat', 'pizza']",[ True]
"['Julia', 'Cook', 'likes', 'to', 'eat', 'pizza']",[ True]
"['Katie', 'Smith', 'likes', 'to', 'eat', 'pizza']",[ True]
"['Philip', 'Hamilton', 'likes', 'to', 'eat', 'pizza']",[ True]
"['Emma', 'James', 'likes', 'to', 'eat', 'pizza']",[ True]
"['Ben', 'White', 'likes', 'to', 'eat', 'pizza']",[ True]
"['Ken', 'Gray', 'likes', 'to', 'eat', 'pizza']",[ True]
"['Bill', 'Hunter', 'likes', 'to', 'eat', 'pizza']",[ True]
"['Edith', 'Edwards', 'likes', 'to', 'eat', 'pizza']",[ True]
"['Larry', 'Sullivan', 'likes', 'to', 'eat', 'pizza']",[ True]
"['Susan', 'Campbell', 'likes', 'to', 'eat', 'pizza']",[ True]
"['Maria', 'Taylor', 'likes', 'to', 'eat', 'pizza']",[ True]
"['John', 'Palmer', 'likes', 'to', 'eat', 'pizza']",[ True]
"['Billy', 'Walker', 'likes', 'to', 'eat', 'pizza']",[ True]
"['Dorothy', 'Reynolds', 'likes', 'to', 'eat', 'pizza']",[ True]
"['Larry', 'Smith', 'likes', 'to', 'eat', 'pizza']",[ True]
"['Dick', 'Wright', 'likes', 'to', 'eat', 'pizza']",[ True]
"['Eleanor', 'Green', 'likes', 'to', 'eat', 'pizza']",[ True]
"['Kevin', 'James', 'likes', 'to', 'eat', 'pizza']",[ True]
"['Bill', 'Sullivan', 'likes', 'to', 'eat', 'pizza']",[ True]
"['Michael', 'Brown', 'likes', 'to', 'eat', 'pizza']",[ True]
"['Gary', 'Graham', 'likes', 'to', 'eat', 'pizza']",[ True]
"['Rebecca', 'Scott', 'likes', 'to', 'eat', 'pizza']",[ True]
"['Mary', 'Jordan', 'likes', 'to', 'eat', 'pizza']",[ True]
"['Henry', 'James', 'likes', 'to', 'eat', 'pizza']",[ True]
"['Billy', 'Jackson', 'likes', 'to', 'eat', 'pizza']",[ True]
"['Alexandra', 'Evans', 'likes', 'to', 'eat', 'pizza']",[ True]
"['Michelle', 'Sullivan', 'likes', 'to', 'eat', 'pizza']",[ True]
"['Jay', 'Cohen', 'likes', 'to', 'eat', 'pizza']",[ True]
"['Victoria', 'Stevens', 'likes', 'to', 'eat', 'pizza']",[ True]
"['Amy', 'Parker', 'likes', 'to', 'eat', 'pizza']",[ True]
"['Al', 'Young', 'likes', 'to', 'eat', 'pizza']",[ True]
"['Nancy', 'Ford', 'likes', 'to', 'eat', 'pizza']",[ True]
"['Helen', 'Hill', 'likes', 'to', 'eat', 'pizza']",[ True]
"['Katherine', 'Marshall', 'likes', 'to', 'eat', 'pizza']",[ True]
"['Carol', 'Cooper', 'likes', 'to', 'eat', 'pizza']",[ True]
"['Sharon', 'Butler', 'likes', 'to', 'eat', 'pizza']",[ True]
"['Kathy', 'Cooper', 'likes', 'to', 'eat', 'pizza']",[ True]
"['Kathryn', 'Harris', 'likes', 'to', 'eat', 'pizza']",[ True]
"['Ray', 'Cooper', 'likes', 'to', 'eat', 'pizza']",[ True]
"['Cynthia', 'Hart', 'likes', 'to', 'eat', 'pizza']",[ True]
"['Helen', 'Hill', 'likes', 'to', 'eat', 'pizza']",[ True]
"['Daniel', 'Hamilton', 'likes', 'to', 'eat', 'pizza']",[ True]
"['Angela', 'Thompson', 'likes', 'to', 'eat', 'pizza']",[ True]
"['Caroline', 'Campbell', 'likes', 'to', 'eat', 'pizza']",[ True]
"['Lauren', 'Hill', 'likes', 'to', 'eat', 'pizza']",[ True]
"['Anna', 'Murphy', 'likes', 'to', 'eat', 'pizza']",[ True]
"['Annie', 'Howard', 'likes', 'to', 'eat', 'pizza']",[ True]
"['Sara', 'Moore', 'likes', 'to', 'eat', 'pizza']",[ True]
"['Colin', 'Mason', 'likes', 'to', 'eat', 'pizza']",[ True]
"['Francis', 'Morris', 'likes', 'to', 'eat', 'pizza']",[ True]
"['Sam', 'Foster', 'likes', 'to', 'eat', 'pizza']",[ True]
"['Florence', 'Brooks', 'likes', 'to', 'eat', 'pizza']",[ True]
"['Kevin', 'Nelson', 'likes', 'to', 'eat', 'pizza']",[ True]
"['Jessica', 'Thompson', 'likes', 'to', 'eat', 'pizza']",[ True]
"['Samuel', 'Murray', 'likes', 'to', 'eat', 'pizza']",[ True]
"['Ryan', 'Harrison', 'likes', 'to', 'eat', 'pizza']",[ True]
"['George', 'Jones', 'likes', 'to', 'eat', 'pizza']",[ True]
"['Katherine', 'Rogers', 'likes', 'to', 'eat', 'pizza']",[ True]
"['Sarah', 'Evans', 'likes', 'to', 'eat', 'pizza']",[ True]
"['Ruth', 'Collins', 'likes', 'to', 'eat', 'pizza']",[ True]
"['Suzanne', 'Palmer', 'likes', 'to', 'eat', 'pizza']",[ True]
"['Janet', 'Green', 'likes', 'to', 'eat', 'pizza']",[ True]
"['Karen', 'Thomas', 'likes', 'to', 'eat', 'pizza']",[ True]
"['Margaret', 'Howard', 'likes', 'to', 'eat', 'pizza']",[ True]
"['Sara', 'Wright', 'likes', 'to', 'eat', 'pizza']",[False]
"['Dick', 'Williams', 'likes', 'to', 'eat', 'pizza']",[ True]
"['Colin', 'Hall', 'likes', 'to', 'eat', 'pizza']",[ True]
"['Donald', 'Kennedy', 'likes', 'to', 'eat', 'pizza']",[ True]
"['Ed', 'Jordan', 'likes', 'to', 'eat', 'pizza']",[ True]
"['Charles', 'Thomas', 'likes', 'to', 'eat', 'pizza']",[ True]
"['Lynn', 'Evans', 'likes', 'to', 'eat', 'pizza']",[ True]
"['Christine', 'Lewis', 'likes', 'to', 'eat', 'pizza']",[False]
"['Jason', 'Adams', 'likes', 'to', 'eat', 'pizza']",[ True]
"['Sue', 'Thompson', 'likes', 'to', 'eat', 'pizza']",[ True]
"['Fred', 'Stone', 'likes', 'to', 'eat', 'pizza']",[ True]
"['Henry', 'Collins', 'likes', 'to', 'eat', 'pizza']",[ True]
"['Roger', 'Roberts', 'likes', 'to', 'eat', 'pizza']",[ True]
"['Sam', 'Brown', 'likes', 'to', 'eat', 'pizza']",[ True]
"['Tony', 'Adams', 'likes', 'to', 'eat', 'pizza']",[ True]
"['Walter', 'Foster', 'likes', 'to', 'eat', 'pizza']",[ True]
"['Evelyn', 'Thomas', 'likes', 'to', 'eat', 'pizza']",[ True]
"['Carl', 'Russell', 'likes', 'to', 'eat', 'pizza']",[ True]
"['Sara', 'Cook', 'likes', 'to', 'eat', 'pizza']",[ True]
"['Walter', 'Howard', 'likes', 'to', 'eat', 'pizza']",[ True]
"['Leslie', 'Butler', 'likes', 'to', 'eat', 'pizza']",[ True]
"['Anne', 'Price', 'likes', 'to', 'eat', 'pizza']",[ True]
"['Anthony', 'Richardson', 'likes', 'to', 'eat', 'pizza']",[ True]
"['Karen', 'Howard', 'likes', 'to', 'eat', 'pizza']",[ True]
"['Charlotte', 'Wilson', 'likes', 'to', 'eat', 'pizza']",[ True]
"['Ed', 'Shaw', 'likes', 'to', 'eat', 'pizza']",[ True]
"['Alice', 'Shaw', 'likes', 'to', 'eat', 'pizza']",[ True]
"['Roy', 'Ford', 'likes', 'to', 'eat', 'pizza']",[ True]
"['Ian', 'Taylor', 'likes', 'to', 'eat', 'pizza']",[ True]
"['Tony', 'Mitchell', 'likes', 'to', 'eat', 'pizza']",[ True]
"['Charlotte', 'Robinson', 'likes', 'to', 'eat', 'pizza']",[ True]
"['Julia', 'Taylor', 'likes', 'to', 'eat', 'pizza']",[ True]
"['Ralph', 'Clark', 'likes', 'to', 'eat', 'pizza']",[ True]
"['Emily', 'Ryan', 'likes', 'to', 'eat', 'pizza']",[ True]
"['Alan', 'Thomas', 'likes', 'to', 'eat', 'pizza']",[ True]
"['George', 'Reed', 'likes', 'to', 'eat', 'pizza']",[ True]
"['Ray', 'Watson', 'likes', 'to', 'eat', 'pizza']",[ True]
"['Chris', 'Thompson', 'likes', 'to', 'eat', 'pizza']",[ True]
"['Joan', 'Martin', 'likes', 'to', 'eat', 'pizza']",[ True]
"['David', 'Scott', 'likes', 'to', 'eat', 'pizza']",[ True]
"['Diana', 'Morris', 'likes', 'to', 'eat', 'pizza']",[ True]
"['Roger', 'Reed', 'likes', 'to', 'eat', 'pizza']",[ True]
"['Elaine', 'Cook', 'likes', 'to', 'eat', 'pizza']",[ True]
"['Anna', 'Young', 'likes', 'to', 'eat', 'pizza']",[ True]
"['Evelyn', 'Perry', 'likes', 'to', 'eat', 'pizza']",[ True]
"['Lisa', 'Russell', 'likes', 'to', 'eat', 'pizza']",[ True]
"['Donna', 'King', 'likes', 'to', 'eat', 'pizza']",[ True]
"['Amanda', 'Miller', 'likes', 'to', 'eat', 'pizza']",[ True]
"['Peter', 'Carter', 'likes', 'to', 'eat', 'pizza']",[ True]
"['William', 'Baker', 'likes', 'to', 'eat', 'pizza']",[ True]
"['Eleanor', 'Peterson', 'likes', 'to', 'eat', 'pizza']",[ True]
"['Amanda', 'Kelly', 'likes', 'to', 'eat', 'pizza']",[ True]
"['Sarah', 'Harrison', 'likes', 'to', 'eat', 'pizza']",[ True]
"['Emily', 'Parker', 'likes', 'to', 'eat', 'pizza']",[ True]
"['Kim', 'Hamilton', 'likes', 'to', 'eat', 'pizza']",[ True]
"['Tony', 'King', 'likes', 'to', 'eat', 'pizza']",[ True]
"['Rachel', 'Ryan', 'likes', 'to', 'eat', 'pizza']",[ True]
"['Laura', 'Murray', 'likes', 'to', 'eat', 'pizza']",[ True]
"['James', 'Bailey', 'likes', 'to', 'eat', 'pizza']",[ True]
"['Alexandra', 'Mitchell', 'likes', 'to', 'eat', 'pizza']",[ True]
"['Don', 'Shaw', 'likes', 'to', 'eat', 'pizza']",[ True]
"['Suzanne', 'Morris', 'likes', 'to', 'eat', 'pizza']",[ True]
"['Virginia', 'Rogers', 'likes', 'to', 'eat', 'pizza']",[ True]
"['Margaret', 'Morgan', 'likes', 'to', 'eat', 'pizza']",[ True]
"['Annie', 'Shaw', 'likes', 'to', 'eat', 'pizza']",[ True]
"['Alice', 'Jones', 'likes', 'to', 'eat', 'pizza']",[ True]
"['Kim', 'Wood', 'likes', 'to', 'eat', 'pizza']",[ True]
"['Lynn', 'Thomas', 'likes', 'to', 'eat', 'pizza']",[ True]
"['Richard', 'Ross', 'likes', 'to', 'eat', 'pizza']",[ True]
"['Alexandra', 'Bennett', 'likes', 'to', 'eat', 'pizza']",[ True]
"['Annie', 'Palmer', 'likes', 'to', 'eat', 'pizza']",[ True]
"['Anna', 'Morris', 'likes', 'to', 'eat', 'pizza']",[ True]
"['Lynn', 'Ward', 'likes', 'to', 'eat', 'pizza']",[ True]
"['Jay', 'Kelly', 'likes', 'to', 'eat', 'pizza']",[ True]
"['Alan', 'Stewart', 'likes', 'to', 'eat', 'pizza']",[ True]
"['Helen', 'Marshall', 'likes', 'to', 'eat', 'pizza']",[ True]
"['Grace', 'Shaw', 'likes', 'to', 'eat', 'pizza']",[ True]
"['Bob', 'Hill', 'likes', 'to', 'eat', 'pizza']",[ True]
"['Harold', 'Marshall', 'likes', 'to', 'eat', 'pizza']",[ True]
"['Diana', 'Phillips', 'likes', 'to', 'eat', 'pizza']",[ True]
"['Ralph', 'Harris', 'likes', 'to', 'eat', 'pizza']",[ True]
"['Ben', 'Harris', 'likes', 'to', 'eat', 'pizza']",[ True]
"['Joan', 'Robertson', 'likes', 'to', 'eat', 'pizza']",[ True]
"['Alfred', 'Robinson', 'likes', 'to', 'eat', 'pizza']",[ True]
"['Kathy', 'Evans', 'likes', 'to', 'eat', 'pizza']",[ True]
"['John', 'Martin', 'likes', 'to', 'eat', 'pizza']",[ True]
"['Harold', 'Wood', 'likes', 'to', 'eat', 'pizza']",[ True]
"['Ann', 'Butler', 'likes', 'to', 'eat', 'pizza']",[ True]
"['Jimmy', 'Roberts', 'likes', 'to', 'eat', 'pizza']",[ True]
"['Scott', 'Morris', 'likes', 'to', 'eat', 'pizza']",[ True]
"['Sandra', 'Cohen', 'likes', 'to', 'eat', 'pizza']",[ True]
"['Frances', 'Foster', 'likes', 'to', 'eat', 'pizza']",[ True]
"['Diana', 'Parker', 'likes', 'to', 'eat', 'pizza']",[ True]
"['Alice', 'Murray', 'likes', 'to', 'eat', 'pizza']",[ True]
"['Michael', 'Wright', 'likes', 'to', 'eat', 'pizza']",[ True]
"['Ryan', 'Gordon', 'likes', 'to', 'eat', 'pizza']",[ True]
"['Lynn', 'Gray', 'likes', 'to', 'eat', 'pizza']",[ True]
"['Ann', 'Walker', 'likes', 'to', 'eat', 'pizza']",[ True]
"['Melissa', 'Jordan', 'likes', 'to', 'eat', 'pizza']",[ True]
"['Linda', 'Morris', 'likes', 'to', 'eat', 'pizza']",[ True]
"['Michael', 'Turner', 'likes', 'to', 'eat', 'pizza']",[ True]
"['Walter', 'Graham', 'likes', 'to', 'eat', 'pizza']",[ True]
"['Anna', 'Henderson', 'likes', 'to', 'eat', 'pizza']",[ True]
"['Charlotte', 'Bell', 'likes', 'to', 'eat', 'pizza']",[ True]
"['Suzanne', 'Murphy', 'likes', 'to', 'eat', 'pizza']",[ True]
"['Kathy', 'Reed', 'likes', 'to', 'eat', 'pizza']",[ True]
"['Lawrence', 'Graham', 'likes', 'to', 'eat', 'pizza']",[ True]
"['Amanda', 'Evans', 'likes', 'to', 'eat', 'pizza']",[ True]
"['Paul', 'Ward', 'likes', 'to', 'eat', 'pizza']",[ True]
"['Ken', 'Cohen', 'likes', 'to', 'eat', 'pizza']",[ True]
"['Jill', 'Reed', 'likes', 'to', 'eat', 'pizza']",[ True]
"['Samuel', 'Price', 'likes', 'to', 'eat', 'pizza']",[ True]
"['Victoria', 'Allen', 'likes', 'to', 'eat', 'pizza']",[ True]
"['Amy', 'Hill', 'likes', 'to', 'eat', 'pizza']",[ True]
"['Billy', 'Hall', 'likes', 'to', 'eat', 'pizza']",[ True]
"['Kenneth', 'Walker', 'likes', 'to', 'eat', 'pizza']",[ True]
"['Angela', 'Collins', 'likes', 'to', 'eat', 'pizza']",[ True]
"['Nancy', 'Morris', 'likes', 'to', 'eat', 'pizza']",[ True]
"['Mary', 'Robinson', 'likes', 'to', 'eat', 'pizza']",[ True]
"['Daniel', 'Coleman', 'likes', 'to', 'eat', 'pizza']",[ True]
"['Billy', 'James', 'likes', 'to', 'eat', 'pizza']",[ True]
"['Arthur', 'Brooks', 'likes', 'to', 'eat', 'pizza']",[ True]
"['Margaret', 'Sullivan', 'likes', 'to', 'eat', 'pizza']",[ True]
"['Harry', 'Martin', 'likes', 'to', 'eat', 'pizza']",[ True]
"['Andrew', 'James', 'likes', 'to', 'eat', 'pizza']",[ True]
"['Steve', 'Johnson', 'likes', 'to', 'eat', 'pizza']",[ True]
"['Thomas', 'Fisher', 'likes', 'to', 'eat', 'pizza']",[ True]
"['Paul', 'Kennedy', 'likes', 'to', 'eat', 'pizza']",[ True]
"['Cynthia', 'Harris', 'likes', 'to', 'eat', 'pizza']",[ True]
"['Kathy', 'Palmer', 'likes', 'to', 'eat', 'pizza']",[ True]
"['Lucy', 'Kennedy', 'likes', 'to', 'eat', 'pizza']",[ True]
"['Kathleen', 'Shaw', 'likes', 'to', 'eat', 'pizza']",[ True]
"['Brian', 'Hill', 'likes', 'to', 'eat', 'pizza']",[ True]
"['Billy', 'Sullivan', 'likes', 'to', 'eat', 'pizza']",[ True]
"['Kathryn', 'Reynolds', 'likes', 'to', 'eat', 'pizza']",[ True]
"['Ruth', 'Stewart', 'likes', 'to', 'eat', 'pizza']",[ True]
"['Nick', 'Mitchell', 'likes', 'to', 'eat', 'pizza']",[ True]
"['Claire', 'Moore', 'likes', 'to', 'eat', 'pizza']",[ True]
"['Mark', 'Anderson', 'likes', 'to', 'eat', 'pizza']",[ True]
"['Kenneth', 'Ward', 'likes', 'to', 'eat', 'pizza']",[ True]
"['Amanda', 'Wood', 'likes', 'to', 'eat', 'pizza']",[ True]
"['Jane', 'Evans', 'likes', 'to', 'eat', 'pizza']",[ True]
"['Alexander', 'Ross', 'likes', 'to', 'eat', 'pizza']",[ True]
"['Lisa', 'Smith', 'likes', 'to', 'eat', 'pizza']",[ True]
"['Alex', 'Ryan', 'likes', 'to', 'eat', 'pizza']",[ True]
"['Jim', 'Jones', 'likes', 'to', 'eat', 'pizza']",[ True]
"['Nicole', 'Morris', 'likes', 'to', 'eat', 'pizza']",[False]
"['Lucy', 'Wright', 'likes', 'to', 'eat', 'pizza']",[False]
"['Judy', 'Reynolds', 'likes', 'to', 'eat', 'pizza']",[ True]
"['Fiona', 'Moore', 'likes', 'to', 'eat', 'pizza']",[ True]
"['Ann', 'Roberts', 'likes', 'to', 'eat', 'pizza']",[ True]
"['Donald', 'Young', 'likes', 'to', 'eat', 'pizza']",[ True]
"['Suzanne', 'Ward', 'likes', 'to', 'eat', 'pizza']",[ True]
"['Grace', 'Mason', 'likes', 'to', 'eat', 'pizza']",[ True]
"['Mary', 'Stone', 'likes', 'to', 'eat', 'pizza']",[ True]
"['Bob', 'Stevens', 'likes', 'to', 'eat', 'pizza']",[ True]
"['Frances', 'Morris', 'likes', 'to', 'eat', 'pizza']",[ True]
"['Anne', 'Robinson', 'likes', 'to', 'eat', 'pizza']",[ True]
"['Keith', 'Butler', 'likes', 'to', 'eat', 'pizza']",[ True]
"['Florence', 'Shaw', 'likes', 'to', 'eat', 'pizza']",[ True]
"['Ann', 'Gray', 'likes', 'to', 'eat', 'pizza']",[ True]
"['Benjamin', 'Anderson', 'likes', 'to', 'eat', 'pizza']",[False]
"['Thomas', 'Allen', 'likes', 'to', 'eat', 'pizza']",[ True]
"['Sally', 'Hughes', 'likes', 'to', 'eat', 'pizza']",[ True]
"['Kathryn', 'Collins', 'likes', 'to', 'eat', 'pizza']",[ True]
"['Charlie', 'Davies', 'likes', 'to', 'eat', 'pizza']",[ True]
"['Michelle', 'Taylor', 'likes', 'to', 'eat', 'pizza']",[ True]
"['James', 'Cohen', 'likes', 'to', 'eat', 'pizza']",[ True]
"['Florence', 'Evans', 'likes', 'to', 'eat', 'pizza']",[ True]
"['Lucy', 'Russell', 'likes', 'to', 'eat', 'pizza']",[ True]
"['Maria', 'Wright', 'likes', 'to', 'eat', 'pizza']",[False]
"['Peter', 'Mason', 'likes', 'to', 'eat', 'pizza']",[ True]
"['Alexander', 'Adams', 'likes', 'to', 'eat', 'pizza']",[ True]
